file_name,leaf_count,average_leaf_area,projected_leaf_area,diameter,perimeter,compactness,stockiness,plant_id,ecotype,days_after_sowing
./data/AraCropData/Plant_1/IMG_2013-09-14_08-00.png,5,0.1016999999999999,0.5085,1.2093386622447824,4.98,0.6819553409776703,0.2576571126837325,1,ein2,0.5
./data/AraCropData/Plant_1/IMG_2013-09-14_19-40.png,5,0.11718,0.5859,1.306981254647518,5.49,0.6314258001939866,0.244280428497352,1,ein2,1.0
./data/AraCropData/Plant_1/IMG_2013-09-15_08-00.png,5,0.12582,0.6237,1.2979984591670362,5.64,0.6151797603195741,0.2463924523469587,1,ein2,1.5
./data/AraCropData/Plant_1/IMG_2013-09-15_19-40.png,5,0.14328,0.7163999999999999,1.4821943192442748,6.45,0.5829366532405713,0.2163943971666825,1,ein2,2.0
./data/AraCropData/Plant_1/IMG_2013-09-16_08-00.png,5,0.1584,0.7919999999999999,1.6313491349187028,6.6,0.5768600458865945,0.2284794657156213,1,ein2,2.5
./data/AraCropData/Plant_1/IMG_2013-09-16_19-40.png,6,0.15495,0.9279,1.8573368030596928,7.739999999999999,0.5782389231632081,0.1946386650953114,1,ein2,3.0
./data/AraCropData/Plant_1/IMG_2013-09-17_08-00.png,7,0.1454142857142857,1.0179,2.0402205763103165,8.34,0.5670594133868138,0.1839004860623185,1,ein2,3.5
./data/AraCropData/Plant_1/IMG_2013-09-17_19-40.png,7,0.1618714285714285,1.1277,1.999449924354196,8.91,0.6113686264942667,0.1785040345065927,1,ein2,4.0
./data/AraCropData/Plant_1/IMG_2013-09-18_08-00.png,7,0.1852714285714285,1.2951,2.248399430706208,10.02,0.6132537822288513,0.1620980253331317,1,ein2,4.5
./data/AraCropData/Plant_1/IMG_2013-09-18_19-40.png,6,0.2318999999999999,1.3914,2.49559612117025,10.44,0.5753628582061779,0.1604208694163635,1,ein2,5.0
./data/AraCropData/Plant_1/IMG_2013-09-19_08-00.png,7,0.2226857142857142,1.5552,2.564254277562972,11.43,0.5981308411214955,0.1495903749740815,1,ein2,5.5
./data/AraCropData/Plant_1/IMG_2013-09-19_19-40.png,7,0.2433857142857143,1.7019,2.7536339626028727,12.27,0.575734510579997,0.1420544283675563,1,ein2,6.0
./data/AraCropData/Plant_1/IMG_2013-09-20_08-00.png,8,0.26955,1.6254,2.722076413328619,12.72,0.513213981244672,0.1262396834367917,1,ein2,6.5
./data/AraCropData/Plant_1/IMG_2013-09-20_19-40.png,7,0.3040714285714286,2.1213,3.1075713990188545,13.41,0.5729913698796644,0.1482362433025768,1,ein2,7.0
./data/AraCropData/Plant_1/IMG_2013-09-21_08-00.png,9,0.2713,2.4255,3.11321377357868,15.81,0.5877221677025406,0.1219403404242912,1,ein2,7.5
./data/AraCropData/Plant_1/IMG_2013-09-21_19-40.png,10,0.2772,2.7414,3.3017722513825816,17.7,0.5709465791940019,0.1099602553614996,1,ein2,8.0
./data/AraCropData/Plant_1/IMG_2013-09-22_08-00.png,10,0.31347,3.0933,3.2979539111394507,18.09,0.5840768119636333,0.1187831318849436,1,ein2,8.5
./data/AraCropData/Plant_1/IMG_2013-09-22_19-40.png,9,0.3685,3.3093,3.360133925902359,19.23,0.577962904746935,0.1124572437007276,1,ein2,9.0
./data/AraCropData/Plant_1/IMG_2013-09-23_08-00.png,10,0.3717,3.7134,3.431690545489205,20.34,0.5788033948235954,0.1127923642216086,1,ein2,9.5
./data/AraCropData/Plant_1/IMG_2013-09-23_19-40.png,10,0.3865499999999999,3.8655,3.303407331831786,20.82,0.6039513464107431,0.1120608961719486,1,ein2,10.0
./data/AraCropData/Plant_1/IMG_2013-09-24_08-00.png,10,0.44676,4.4586,3.5079481182024344,22.77,0.5709675560421829,0.1080643173851165,1,ein2,10.5
./data/AraCropData/Plant_1/IMG_2013-09-24_19-40.png,10,0.4814999999999999,4.797,3.6526155012538615,23.55,0.5907780979827087,0.1086920449097884,1,ein2,11.0
./data/AraCropData/Plant_1/IMG_2013-09-25_08-00.png,9,0.6159,5.5269,4.038539339909914,26.4,0.5662256235304967,0.0996514487897465,1,ein2,11.5
./data/AraCropData/Plant_1/IMG_2013-09-25_19-40.png,9,0.6728000000000001,6.0534,3.969647339500072,28.2,0.5916087606649663,0.0956557364782478,1,ein2,12.0
./data/AraCropData/Plant_1/IMG_2013-09-26_08-00.png,10,0.69516,6.948,4.272762572388032,30.93,0.5852475172466075,0.0912661717060671,1,ein2,12.5
./data/AraCropData/Plant_1/IMG_2013-09-26_19-40.png,10,0.76338,7.6284,4.36033255612459,32.4,0.6088205717569314,0.0913173502463206,1,ein2,13.0
./data/AraCropData/Plant_1/IMG_2013-09-27_08-00.png,12,0.7222499999999998,8.622,5.089489168865575,37.83,0.5812754080456282,0.0757085973240784,1,ein2,13.5
./data/AraCropData/Plant_1/IMG_2013-09-27_19-40.png,12,0.7290749999999999,8.7201,5.123768144637304,37.11,0.5636580470636144,0.0795700114709721,1,ein2,14.0
./data/AraCropData/Plant_1/IMG_2013-09-28_08-00.png,13,0.821076923076923,10.6128,5.811178882120219,45.0,0.5533682160538728,0.0658589521264548,1,ein2,14.5
./data/AraCropData/Plant_1/IMG_2013-09-28_19-40.png,14,0.81945,11.4471,6.210579683089172,47.13,0.545201251661023,0.0647605399764567,1,ein2,15.0
./data/AraCropData/Plant_1/IMG_2013-09-29_08-00.png,14,0.9133714285714284,12.7494,6.431205174770899,51.57,0.5485063791067316,0.0602428276119421,1,ein2,15.5
./data/AraCropData/Plant_1/IMG_2013-09-29_19-40.png,15,0.8849999999999999,13.1724,6.539243075463704,51.69,0.5502048795158074,0.0619529099192822,1,ein2,16.0
./data/AraCropData/Plant_1/IMG_2013-09-30_08-00.png,14,1.0004142857142857,13.9374,6.539243075463704,51.45,0.5615345565305678,0.0661638655097675,1,ein2,16.5
./data/AraCropData/Plant_1/IMG_2013-09-30_19-40.png,14,1.043485714285714,14.5242,6.694303548540355,51.99,0.5649571153509538,0.0675246667818276,1,ein2,17.0
./data/AraCropData/Plant_1/IMG_2013-10-01_08-00.png,14,1.1024999999999998,15.3576,6.720267851804718,54.39,0.5742457639952212,0.0652371677869261,1,ein2,17.5
./data/AraCropData/Plant_1/IMG_2013-10-01_19-40.png,15,1.08246,16.1541,6.720267851804718,53.4,0.5869042753208535,0.0711885450565373,1,ein2,18.0
./data/AraCropData/Plant_1/IMG_2013-10-02_08-00.png,15,1.1367,16.9479,6.746265633667266,55.2,0.6020236896369828,0.0698952401462067,1,ein2,18.5
./data/AraCropData/Plant_1/IMG_2013-10-02_19-40.png,15,1.18872,17.0316,6.735317364460267,57.27,0.5918003565062389,0.0652545721655747,1,ein2,19.0
./data/AraCropData/Plant_1/IMG_2013-10-03_08-00.png,15,1.19424,17.892,6.7574625415166,56.58,0.6114007165813227,0.070233266445467,1,ein2,19.5
./data/AraCropData/Plant_1/IMG_2013-10-03_19-40.png,14,1.3478142857142854,18.8586,6.912575496875242,56.16,0.6111086807530223,0.0751389487719616,1,ein2,20.0
./data/AraCropData/Plant_1/IMG_2013-10-04_08-00.png,15,1.3114199999999998,19.6551,7.031848974487436,57.81,0.613360295459971,0.0739059124163224,1,ein2,20.5
./data/AraCropData/Plant_1/IMG_2013-10-04_19-40.png,15,1.3135799999999995,19.6749,7.22520587941963,58.02,0.6070307944353429,0.0734457971381617,1,ein2,21.0
./data/AraCropData/Plant_1/IMG_2013-10-05_08-00.png,15,1.32936,19.8504,7.183042530850002,57.66,0.6122160076610272,0.0750291196059174,1,ein2,21.5
./data/AraCropData/Plant_1/IMG_2013-10-05_19-40.png,16,1.13686875,18.1089,6.77661419884591,55.26,0.6046972907181174,0.0745212572640089,1,ein2,22.0
./data/AraCropData/Plant_1/IMG_2013-10-06_08-00.png,16,1.2128625,19.3392,7.06230840448079,57.78,0.6050997564169355,0.0727936160690485,1,ein2,22.5
./data/AraCropData/Plant_1/IMG_2013-10-06_19-40.png,16,1.08,16.749,6.658175425745404,57.3,0.5767681150436992,0.0641046454683874,1,ein2,23.0
./data/AraCropData/Plant_1/IMG_2013-10-07_08-00.png,17,1.0280117647058822,16.5366,6.628574507388447,55.98,0.5706299787263778,0.0663117206731605,1,ein2,23.5
./data/AraCropData/Plant_1/IMG_2013-10-07_19-40.png,17,0.962470588235294,16.1604,6.555188784466852,56.97,0.5681379528555608,0.0625704864347365,1,ein2,24.0
./data/AraCropData/Plant_1/IMG_2013-10-08_08-00.png,17,0.9879352941176468,16.5789,6.70672796525996,57.09,0.5606756962410592,0.0639212839773442,1,ein2,24.5
./data/AraCropData/Plant_1/IMG_2013-10-08_19-40.png,17,0.9541588235294118,16.0101,6.595771372629588,56.22,0.5486114323603338,0.063653490857546,1,ein2,25.0
./data/AraCropData/Plant_1/IMG_2013-10-09_08-00.png,16,1.001925,15.9264,6.601431662904646,53.1,0.5484240865280317,0.0709803997547639,1,ein2,25.5
./data/AraCropData/Plant_1/IMG_2013-10-09_19-40.png,17,0.918529411764706,15.4296,6.5411008247847695,55.11,0.5359174742106908,0.0638415921596428,1,ein2,26.0
./data/AraCropData/Plant_2/IMG_2013-09-14_08-00.png,5,0.04788,0.2394,0.8949860334105779,3.3,0.7610872675250363,0.2762524449107058,2,pgm,0.5
./data/AraCropData/Plant_2/IMG_2013-09-14_19-40.png,5,0.05778,0.2853,0.9972462083156796,3.57,0.7028824833702888,0.2813035438706205,2,pgm,1.0
./data/AraCropData/Plant_2/IMG_2013-09-15_08-00.png,5,0.0586799999999999,0.288,0.9585927185202274,3.63,0.7158836689038028,0.2746560068707694,2,pgm,1.5
./data/AraCropData/Plant_2/IMG_2013-09-15_19-40.png,4,0.073125,0.2925,1.0331505214633536,3.3,0.7386363636363635,0.3375264834435315,2,pgm,2.0
./data/AraCropData/Plant_2/IMG_2013-09-16_08-00.png,5,0.06102,0.3051,0.9972462083156796,3.81,0.629526462395543,0.2641205058136127,2,pgm,2.5
./data/AraCropData/Plant_2/IMG_2013-09-16_19-40.png,6,0.07335,0.4347,1.1977478866606277,4.71,0.6630061770761838,0.2462394826051961,2,pgm,3.0
./data/AraCropData/Plant_2/IMG_2013-09-17_08-00.png,6,0.0739499999999999,0.4365,1.1868024266911488,4.92,0.7080291970802922,0.2266020875953375,2,pgm,3.5
./data/AraCropData/Plant_2/IMG_2013-09-17_19-40.png,5,0.07038,0.3411,1.030970416646375,4.08,0.6484174508126606,0.2574964566848035,2,pgm,4.0
./data/AraCropData/Plant_2/IMG_2013-09-18_08-00.png,5,0.06714,0.3339,1.0012991560967182,3.9,0.6757741347905282,0.2758652957353404,2,pgm,4.5
./data/AraCropData/Plant_2/IMG_2013-09-18_19-40.png,6,0.0696,0.387,1.0653168542738822,4.65,0.5862304021813226,0.2249131889354608,2,pgm,5.0
./data/AraCropData/Plant_2/IMG_2013-09-19_08-00.png,6,0.0692999999999999,0.3888,1.0606601717798212,4.71,0.6269956458635707,0.2202390403425357,2,pgm,5.5
./data/AraCropData/Plant_2/IMG_2013-09-19_19-40.png,6,0.07815,0.4167,1.149826073804208,5.01,0.5164528722810932,0.2086209471278388,2,pgm,6.0
./data/AraCropData/Plant_2/IMG_2013-09-20_08-00.png,5,0.08892,0.4427999999999999,1.129690223025764,4.89,0.5878136200716844,0.2327018082074866,2,pgm,6.5
./data/AraCropData/Plant_2/IMG_2013-09-20_19-40.png,5,0.07884,0.3923999999999999,1.3080137613954983,4.62,0.5899864682002708,0.2310228363914909,2,pgm,7.0
./data/AraCropData/Plant_2/IMG_2013-09-21_08-00.png,5,0.0828,0.4122,1.2182364302548172,4.53,0.6222826086956523,0.2524186545053506,2,pgm,7.5
./data/AraCropData/Plant_2/IMG_2013-09-21_19-40.png,5,0.10926,0.5463,1.4712239802287077,5.49,0.5950980392156863,0.2277699233454572,2,pgm,8.0
./data/AraCropData/Plant_2/IMG_2013-09-22_08-00.png,6,0.0966,0.576,1.4340502083260542,5.88,0.600375234521576,0.2093522801226018,2,pgm,8.5
./data/AraCropData/Plant_2/IMG_2013-09-22_19-40.png,6,0.1158,0.6839999999999999,1.4499655168313486,6.84,0.6124093473005643,0.183718868630982,2,pgm,9.0
./data/AraCropData/Plant_2/IMG_2013-09-23_08-00.png,6,0.1181999999999999,0.7074,1.4150971698084909,6.24,0.6338709677419353,0.2282999099224831,2,pgm,9.5
./data/AraCropData/Plant_2/IMG_2013-09-23_19-40.png,6,0.15705,0.9423,1.734041521994211,8.549999999999999,0.550617933210623,0.1619820256476953,2,pgm,10.0
./data/AraCropData/Plant_2/IMG_2013-09-24_08-00.png,6,0.14565,0.8739,1.6387800340497194,8.07,0.5790101371496721,0.1686259983491488,2,pgm,10.5
./data/AraCropData/Plant_2/IMG_2013-09-24_19-40.png,8,0.1477125,1.1421,1.9811360377318867,10.23,0.5585387323943662,0.1371395525461751,2,pgm,11.0
./data/AraCropData/Plant_2/IMG_2013-09-25_08-00.png,7,0.1630285714285714,1.1142,1.9557607215607944,9.84,0.5909307875894989,0.1446048373417669,2,pgm,11.5
./data/AraCropData/Plant_2/IMG_2013-09-25_19-40.png,8,0.175725,1.4058,2.1213203435596424,11.49,0.5846902489238257,0.1338114712052643,2,pgm,12.0
./data/AraCropData/Plant_2/IMG_2013-09-26_08-00.png,8,0.1706625,1.3491,2.0169283576765933,11.7,0.6086073893625659,0.1238460851474319,2,pgm,12.5
./data/AraCropData/Plant_2/IMG_2013-09-26_19-40.png,8,0.2084625,1.6677,2.2982819670353765,13.14,0.5648529187623837,0.1213771853610618,2,pgm,13.0
./data/AraCropData/Plant_2/IMG_2013-09-27_08-00.png,8,0.1988999999999999,1.584,2.138434006463608,12.57,0.6134541652143604,0.1259779351978636,2,pgm,13.5
./data/AraCropData/Plant_2/IMG_2013-09-27_19-40.png,10,0.1899,1.8828,2.598249410660955,14.67,0.529352226720648,0.1099395173374124,2,pgm,14.0
./data/AraCropData/Plant_2/IMG_2013-09-28_08-00.png,9,0.2148,1.9296,2.582789190003706,14.49,0.5410725552050474,0.1154889368859486,2,pgm,14.5
./data/AraCropData/Plant_2/IMG_2013-09-28_19-40.png,9,0.242,2.178,2.626670896781704,15.6,0.5618107951247824,0.1124652991373861,2,pgm,15.0
./data/AraCropData/Plant_2/IMG_2013-09-29_08-00.png,9,0.2393,2.1483,2.673200329193455,15.33,0.5509521061742643,0.1148736664476443,2,pgm,15.5
./data/AraCropData/Plant_2/IMG_2013-09-29_19-40.png,10,0.2628899999999999,2.6073,3.081833869630224,17.52,0.508736500131706,0.1067413435617567,2,pgm,16.0
./data/AraCropData/Plant_2/IMG_2013-09-30_08-00.png,10,0.26019,2.5947,3.0335622624235024,17.189999999999998,0.5391808490742472,0.110343120714885,2,pgm,16.5
./data/AraCropData/Plant_2/IMG_2013-09-30_19-40.png,9,0.3474,3.1122,4.726309342393915,20.22,0.402936378466558,0.0956566263338895,2,pgm,17.0
./data/AraCropData/Plant_2/IMG_2013-10-01_08-00.png,11,0.2767909090909091,3.0249,4.684709169201435,19.65,0.4177750155376011,0.0984454790160507,2,pgm,17.5
./data/AraCropData/Plant_2/IMG_2013-10-01_19-40.png,9,0.3863,3.4317,3.672397037358569,20.94,0.4937520233085142,0.0983480660104423,2,pgm,18.0
./data/AraCropData/Plant_2/IMG_2013-10-02_08-00.png,8,0.4303125,3.3957,3.663686667825184,20.37,0.4963820549927641,0.1028388284945962,2,pgm,18.5
./data/AraCropData/Plant_2/IMG_2013-10-02_19-40.png,9,0.4386,3.879,3.914511463771692,22.83,0.4711154834125813,0.0935228688786765,2,pgm,19.0
./data/AraCropData/Plant_2/IMG_2013-10-03_08-00.png,10,0.38682,3.7764,3.6278919498794338,22.32,0.4881908086096566,0.0952575642737799,2,pgm,19.5
./data/AraCropData/Plant_2/IMG_2013-10-03_19-40.png,10,0.46656,4.644,4.378869717175883,25.77,0.4909376337947765,0.0878765984895848,2,pgm,20.0
./data/AraCropData/Plant_2/IMG_2013-10-04_08-00.png,10,0.44883,4.4523,4.080441152620633,25.5,0.4968363965049714,0.0860426787947886,2,pgm,20.5
./data/AraCropData/Plant_2/IMG_2013-10-04_19-40.png,10,0.48303,4.8213,4.656189429136233,27.27,0.4815280898876405,0.0814711307425949,2,pgm,21.0
./data/AraCropData/Plant_2/IMG_2013-10-05_08-00.png,11,0.4292181818181818,4.6872,4.572318886516993,26.76,0.4969702752993939,0.0822528833271111,2,pgm,21.5
./data/AraCropData/Plant_2/IMG_2013-10-05_19-40.png,11,0.518890909090909,5.6574,4.862962060308512,29.25,0.4846942709538128,0.0830950224135297,2,pgm,22.0
./data/AraCropData/Plant_2/IMG_2013-10-06_08-00.png,11,0.5016272727272727,5.4981,4.71601526715086,28.62,0.476539646632084,0.0843496412359745,2,pgm,22.5
./data/AraCropData/Plant_2/IMG_2013-10-06_19-40.png,10,0.64638,6.4422,5.239704190123713,30.99,0.4643529030165423,0.0842948253215832,2,pgm,23.0
./data/AraCropData/Plant_2/IMG_2013-10-07_08-00.png,11,0.5838545454545454,6.381,5.116737241641395,30.3,0.480612798264642,0.0873400329926542,2,pgm,23.5
./data/AraCropData/Plant_2/IMG_2013-10-07_19-40.png,14,0.5538857142857143,7.668,5.573383173620848,36.06,0.4705232638409499,0.0741038075990516,2,pgm,24.0
./data/AraCropData/Plant_2/IMG_2013-10-08_08-00.png,14,0.5387785714285714,7.4655,5.104321698325841,36.42,0.4890919811320753,0.0707275934024175,2,pgm,24.5
./data/AraCropData/Plant_2/IMG_2013-10-08_19-40.png,15,0.61008,8.8578,5.856227454599078,43.44,0.4789294403892943,0.0589869717358878,2,pgm,25.0
./data/AraCropData/Plant_2/IMG_2013-10-09_08-00.png,13,0.6475153846153846,8.3511,5.373015912874258,38.49,0.4907187053783912,0.0708366029604953,2,pgm,25.5
./data/AraCropData/Plant_2/IMG_2013-10-09_19-40.png,14,0.7279071428571429,10.1223,5.974822173085991,46.14,0.4884054194893173,0.0597494467422173,2,pgm,26.0
./data/AraCropData/Plant_3/IMG_2013-09-14_08-00.png,5,0.0982799999999999,0.4878,1.204865137681392,4.53,0.71645736946464,0.2987137789124455,3,ein2,0.5
./data/AraCropData/Plant_3/IMG_2013-09-14_19-40.png,5,0.1078199999999999,0.5373,1.2535549449465706,5.01,0.7031802120141339,0.2689993637911874,3,ein2,1.0
./data/AraCropData/Plant_3/IMG_2013-09-15_08-00.png,5,0.11394,0.5697,1.2369316876852985,5.13,0.6677215189873417,0.2720328510956997,3,ein2,1.5
./data/AraCropData/Plant_3/IMG_2013-09-15_19-40.png,5,0.13014,0.6471,1.430279692927226,5.85,0.5641428010984699,0.2376126356797961,3,ein2,2.0
./data/AraCropData/Plant_3/IMG_2013-09-16_08-00.png,6,0.12405,0.7389,1.5740711546813886,6.72,0.5881088825214899,0.2056160370374059,3,ein2,2.5
./data/AraCropData/Plant_3/IMG_2013-09-16_19-40.png,6,0.1449,0.8694,1.7824140933015538,7.14,0.5791366906474817,0.2143053812137377,3,ein2,3.0
./data/AraCropData/Plant_3/IMG_2013-09-17_08-00.png,7,0.1418142857142857,0.9891,1.9944924166313596,7.979999999999999,0.5820974576271184,0.1951840311094569,3,ein2,3.5
./data/AraCropData/Plant_3/IMG_2013-09-17_19-40.png,8,0.1461375,1.1061,2.184032966784156,9.24,0.5605473204104902,0.1628022167001963,3,ein2,4.0
./data/AraCropData/Plant_3/IMG_2013-09-18_08-00.png,6,0.1916999999999999,1.1502,2.171013588165675,9.3,0.5738661876964526,0.1671157299183249,3,ein2,4.5
./data/AraCropData/Plant_3/IMG_2013-09-18_19-40.png,8,0.1612125,1.2753,2.3534230388946225,10.23,0.5900478867374556,0.1531337635602286,3,ein2,5.0
./data/AraCropData/Plant_3/IMG_2013-09-19_08-00.png,9,0.1658,1.485,2.430740627874558,11.67,0.6400310318076027,0.137023357720955,3,ein2,5.5
./data/AraCropData/Plant_3/IMG_2013-09-19_19-40.png,8,0.2045249999999999,1.6344,2.539389690457138,12.3,0.6103175936817343,0.1357556754055696,3,ein2,6.0
./data/AraCropData/Plant_3/IMG_2013-09-20_08-00.png,8,0.2187,1.7316,2.4829418035870274,12.51,0.6247767494723171,0.1390409805222127,3,ein2,6.5
./data/AraCropData/Plant_3/IMG_2013-09-20_19-40.png,7,0.2402999999999999,1.6821,2.300825938657681,11.79,0.5941821649976156,0.1520666801224824,3,ein2,7.0
./data/AraCropData/Plant_3/IMG_2013-09-21_08-00.png,8,0.2145375,1.6965,2.238972978845435,12.09,0.5761002444987775,0.1458515760091315,3,ein2,7.5
./data/AraCropData/Plant_3/IMG_2013-09-21_19-40.png,7,0.3270857142857143,2.2842,2.8373403038761493,13.92,0.5712356515867657,0.1481376738037101,3,ein2,8.0
./data/AraCropData/Plant_3/IMG_2013-09-22_08-00.png,7,0.3432857142857143,2.3976,2.6666270830395464,13.89,0.5795714130316545,0.1561644235717517,3,ein2,8.5
./data/AraCropData/Plant_3/IMG_2013-09-22_19-40.png,7,0.3906,2.7324,2.988728826775691,15.21,0.5571664525601028,0.1484211227633426,3,ein2,9.0
./data/AraCropData/Plant_3/IMG_2013-09-23_08-00.png,8,0.35865,2.8188,2.839242856819402,16.05,0.5651899305242262,0.1375067613387122,3,ein2,9.5
./data/AraCropData/Plant_3/IMG_2013-09-23_19-40.png,9,0.3747999999999999,3.3588,3.0746707140765497,17.64,0.5885507017820534,0.1356428314961024,3,ein2,10.0
./data/AraCropData/Plant_3/IMG_2013-09-24_08-00.png,11,0.3331636363636364,3.5946,3.24499614791759,20.25,0.5845590925722649,0.1101565634759956,3,ein2,10.5
./data/AraCropData/Plant_3/IMG_2013-09-24_19-40.png,9,0.4933,4.4397,3.4358841656842856,21.66,0.6057591944495611,0.1189177228547851,3,ein2,11.0
./data/AraCropData/Plant_3/IMG_2013-09-25_08-00.png,10,0.49095,4.8789,3.757672151745014,23.01,0.6155330986715113,0.1157973293745779,3,ein2,11.5
./data/AraCropData/Plant_3/IMG_2013-09-25_19-40.png,11,0.4843636363636364,5.3172,3.876041795440292,23.97,0.5776865160848733,0.1162938616788413,3,ein2,12.0
./data/AraCropData/Plant_3/IMG_2013-09-26_08-00.png,12,0.5087999999999999,6.0858,4.265172915603774,26.91,0.5689285263556435,0.1056088088677814,3,ein2,12.5
./data/AraCropData/Plant_3/IMG_2013-09-26_19-40.png,12,0.567225,6.7851,4.3833890997720015,31.53,0.6012201443438734,0.0857665963199868,3,ein2,13.0
./data/AraCropData/Plant_3/IMG_2013-09-27_08-00.png,13,0.5877,7.607699999999999,4.976836344506417,32.94,0.5738044326782745,0.088108143970307,3,ein2,13.5
./data/AraCropData/Plant_3/IMG_2013-09-27_19-40.png,12,0.65265,7.7886,4.666615475909709,32.67,0.6444022487806695,0.0917003504421156,3,ein2,14.0
./data/AraCropData/Plant_3/IMG_2013-09-28_08-00.png,13,0.725053846153846,9.3429,5.341095393269062,39.48,0.6309295894490534,0.0753246767327437,3,ein2,14.5
./data/AraCropData/Plant_3/IMG_2013-09-28_19-40.png,14,0.7268785714285715,9.8667,5.609358252064134,39.09,0.5858650634602539,0.0811428853570805,3,ein2,15.0
./data/AraCropData/Plant_3/IMG_2013-09-29_08-00.png,13,0.8625461538461539,11.1933,5.768509339508778,42.72,0.5943750149346458,0.0770735778166745,3,ein2,15.5
./data/AraCropData/Plant_3/IMG_2013-09-29_19-40.png,14,0.8714571428571427,12.1698,5.935604434259412,46.32,0.5933304080737166,0.0712781146169044,3,ein2,16.0
./data/AraCropData/Plant_3/IMG_2013-09-30_08-00.png,14,0.9390857142857144,13.1022,6.157312725532138,46.32,0.5886777193691872,0.0767391504653819,3,ein2,16.5
./data/AraCropData/Plant_3/IMG_2013-09-30_19-40.png,15,0.94908,14.175,6.3816142158547935,51.45,0.5844155844155846,0.067291804325122,3,ein2,17.0
./data/AraCropData/Plant_3/IMG_2013-10-01_08-00.png,15,1.01646,14.6691,6.662769694353843,53.85,0.5708831719234339,0.0635684933057441,3,ein2,17.5
./data/AraCropData/Plant_3/IMG_2013-10-01_19-40.png,16,1.01565,16.0596,7.0141642410197385,59.22,0.5691775250793448,0.0575450248474918,3,ein2,18.0
./data/AraCropData/Plant_3/IMG_2013-10-02_08-00.png,14,1.2090857142857143,16.893,7.203811491148279,59.16,0.5761203192142417,0.0606541212964056,3,ein2,18.5
./data/AraCropData/Plant_3/IMG_2013-10-02_19-40.png,16,1.118475,17.748,7.356915114366891,62.91,0.5811280721400366,0.0563533727509001,3,ein2,19.0
./data/AraCropData/Plant_3/IMG_2013-10-03_08-00.png,16,1.16623125,18.2547,7.472951224248691,62.07,0.5858752166377816,0.0595416784938582,3,ein2,19.5
./data/AraCropData/Plant_3/IMG_2013-10-03_19-40.png,16,1.18681875,18.7173,7.520492005181576,63.72,0.5978984288527605,0.0579297335595232,3,ein2,20.0
./data/AraCropData/Plant_3/IMG_2013-10-04_08-00.png,17,1.149141176470588,19.0602,7.552615441024387,66.63,0.6026835896925112,0.0539507753991865,3,ein2,20.5
./data/AraCropData/Plant_3/IMG_2013-10-04_19-40.png,17,1.162005882352941,19.2807,7.5147455046727965,65.73,0.6076154009785151,0.0560796631986287,3,ein2,21.0
./data/AraCropData/Plant_3/IMG_2013-10-05_08-00.png,19,1.0701473684210523,19.3788,7.542181382067127,67.35,0.6089883191447235,0.0536860614914373,3,ein2,21.5
./data/AraCropData/Plant_3/IMG_2013-10-05_19-40.png,18,1.11145,19.4895,7.520492005181576,66.14999999999999,0.6130306161446024,0.0559694274821597,3,ein2,22.0
./data/AraCropData/Plant_3/IMG_2013-10-06_08-00.png,17,1.166770588235294,19.6173,7.54116701843952,63.24,0.6150134729060563,0.0616403896156835,3,ein2,22.5
./data/AraCropData/Plant_3/IMG_2013-10-06_19-40.png,18,1.09935,19.4949,7.486127169638517,62.88,0.6168325431065169,0.0619592011587033,3,ein2,23.0
./data/AraCropData/Plant_3/IMG_2013-10-07_08-00.png,18,1.1134,19.5606,7.532927717693831,63.39,0.6149710680078663,0.0611716975575852,3,ein2,23.5
./data/AraCropData/Plant_3/IMG_2013-10-07_19-40.png,18,1.11545,19.2321,7.512289930507208,64.41,0.6091071046818214,0.0582545664194601,3,ein2,24.0
./data/AraCropData/Plant_3/IMG_2013-10-08_08-00.png,19,1.0495894736842104,19.6182,7.54116701843952,65.73,0.6168256034409577,0.0570613125334317,3,ein2,24.5
./data/AraCropData/Plant_3/IMG_2013-10-08_19-40.png,20,0.98676,19.3896,7.520492005181576,64.67999999999999,0.6107354963076355,0.0582423233853477,3,ein2,25.0
./data/AraCropData/Plant_3/IMG_2013-10-09_08-00.png,20,0.993285,19.3455,7.532927717693831,65.25,0.6113568167920477,0.0570990379401559,3,ein2,25.5
./data/AraCropData/Plant_3/IMG_2013-10-09_19-40.png,18,1.06005,18.9207,7.479692507048668,61.62,0.6031991966143032,0.0626186464546042,3,ein2,26.0
./data/AraCropData/Plant_4/IMG_2013-09-14_08-00.png,2,0.0463499999999999,0.0675,0.4167733196834941,1.17,0.9146341463414632,0.6196435214181053,4,ctr,0.5
./data/AraCropData/Plant_4/IMG_2013-09-14_19-40.png,2,0.05355,0.0567,0.4837354648979129,1.11,0.7199999999999996,0.5782917083306268,4,ctr,1.0
./data/AraCropData/Plant_4/IMG_2013-09-15_08-00.png,2,0.03555,0.0549,0.4429446918070019,1.14,0.709302325581395,0.5308508362021535,4,ctr,1.5
./data/AraCropData/Plant_4/IMG_2013-09-15_19-40.png,2,0.04725,0.0945,0.5531726674375732,1.38,0.9633027522935772,0.6235675399374827,4,ctr,2.0
./data/AraCropData/Plant_4/IMG_2013-09-16_08-00.png,2,0.0495,0.0936,0.551543289325507,1.41,0.9497716894977178,0.591626321364126,4,ctr,2.5
./data/AraCropData/Plant_4/IMG_2013-09-16_19-40.png,2,0.0513,0.1026,0.5580322571321482,1.41,0.91566265060241,0.648513467649138,4,ctr,3.0
./data/AraCropData/Plant_4/IMG_2013-09-17_08-00.png,4,0.0348749999999999,0.0945,0.5954829972383762,1.95,0.6402439024390235,0.312300334794725,4,ctr,3.5
./data/AraCropData/Plant_4/IMG_2013-09-17_19-40.png,3,0.0405,0.1215,0.5762811813689563,1.86,0.74792243767313,0.4413267515448721,4,ctr,4.0
./data/AraCropData/Plant_4/IMG_2013-09-18_08-00.png,5,0.0288,0.1224,0.6,2.31,0.7534626038781164,0.2882486765985574,4,ctr,4.5
./data/AraCropData/Plant_4/IMG_2013-09-18_19-40.png,4,0.0351,0.1368,0.5954829972383762,2.1,0.7979002624671917,0.3898139455882845,4,ctr,5.0
./data/AraCropData/Plant_4/IMG_2013-09-19_08-00.png,4,0.04005,0.1476,0.5954829972383762,2.55,0.777251184834123,0.285243568270575,4,ctr,5.5
./data/AraCropData/Plant_4/IMG_2013-09-19_19-40.png,4,0.0387,0.1512,0.5824946351684279,2.31,0.7368421052631575,0.3560718946217475,4,ctr,6.0
./data/AraCropData/Plant_4/IMG_2013-09-20_08-00.png,4,0.040725,0.1520999999999999,0.5762811813689563,2.43,0.7347826086956519,0.3236879490667124,4,ctr,6.5
./data/AraCropData/Plant_4/IMG_2013-09-20_19-40.png,4,0.036,0.144,0.6579513659838393,2.43,0.606060606060606,0.3064501292939289,4,ctr,7.0
./data/AraCropData/Plant_4/IMG_2013-09-21_08-00.png,4,0.04545,0.1818,0.6586349520030045,2.67,0.713780918727915,0.3204654543745174,4,ctr,7.5
./data/AraCropData/Plant_4/IMG_2013-09-21_19-40.png,5,0.03258,0.1629,0.6640783086353597,2.64,0.6094276094276095,0.2937129495349962,4,ctr,8.0
./data/AraCropData/Plant_4/IMG_2013-09-22_08-00.png,6,0.03255,0.1881,0.6977822009767805,2.85,0.6698717948717952,0.2910106879114755,4,ctr,8.5
./data/AraCropData/Plant_4/IMG_2013-09-22_19-40.png,5,0.03924,0.1961999999999999,0.7305477397131552,2.94,0.6402349486049925,0.2852424816670449,4,ctr,9.0
./data/AraCropData/Plant_4/IMG_2013-09-23_08-00.png,5,0.0385199999999999,0.1926,0.7421590126111788,2.88,0.6062322946175639,0.2917972343178019,4,ctr,9.5
./data/AraCropData/Plant_4/IMG_2013-09-23_19-40.png,5,0.04626,0.2313,0.78,3.27,0.649810366624526,0.2718253722658284,4,ctr,10.0
./data/AraCropData/Plant_4/IMG_2013-09-24_08-00.png,7,0.036,0.2465999999999999,0.8077747210701756,3.84,0.6394399066511087,0.2101553679403328,4,ctr,10.5
./data/AraCropData/Plant_4/IMG_2013-09-24_19-40.png,6,0.0433499999999999,0.2565,0.8193900170248597,3.84,0.6284454244762956,0.2185922622737039,4,ctr,11.0
./data/AraCropData/Plant_4/IMG_2013-09-25_08-00.png,6,0.0487499999999999,0.2925,0.874642784226795,3.99,0.6585612968591694,0.2308819294288389,4,ctr,11.5
./data/AraCropData/Plant_4/IMG_2013-09-25_19-40.png,7,0.0410142857142857,0.2529,0.8595929269136641,3.93,0.5781893004115228,0.2057659893150124,4,ctr,12.0
./data/AraCropData/Plant_4/IMG_2013-09-26_08-00.png,7,0.0459,0.3033,0.874642784226795,4.32,0.6406844106463876,0.204227763167392,4,ctr,12.5
./data/AraCropData/Plant_4/IMG_2013-09-26_19-40.png,8,0.0451125,0.3573,0.920271699010678,5.01,0.6723116003386956,0.1788823239951447,4,ctr,13.0
./data/AraCropData/Plant_4/IMG_2013-09-27_08-00.png,7,0.0529714285714285,0.3707999999999999,0.9391485505499116,4.98,0.6677471636952997,0.1878844786295536,4,ctr,13.5
./data/AraCropData/Plant_4/IMG_2013-09-27_19-40.png,7,0.0546428571428571,0.3717,0.9534149149242422,5.069999999999999,0.6428015564202333,0.1817132125531437,4,ctr,14.0
./data/AraCropData/Plant_4/IMG_2013-09-28_08-00.png,9,0.0465,0.3843,0.9604686356149272,5.94,0.6344725111441305,0.1368697136091053,4,ctr,14.5
./data/AraCropData/Plant_4/IMG_2013-09-28_19-40.png,9,0.0457,0.3969,1.006230589874905,6.18,0.5919463087248323,0.1305912301096332,4,ctr,15.0
./data/AraCropData/Plant_4/IMG_2013-09-29_08-00.png,8,0.0511875,0.4077,1.084158659975559,5.73,0.5730550284629984,0.1560419365780737,4,ctr,15.5
./data/AraCropData/Plant_4/IMG_2013-09-29_19-40.png,8,0.055575,0.4374,1.1006361796706483,6.21,0.593769089798412,0.1425297234142817,4,ctr,16.0
./data/AraCropData/Plant_4/IMG_2013-09-30_08-00.png,8,0.0643499999999999,0.4878,1.2156479753612883,6.45,0.6079641054402694,0.147343923698922,4,ctr,16.5
./data/AraCropData/Plant_4/IMG_2013-09-30_19-40.png,9,0.0607,0.4922999999999999,1.3097327971765844,7.439999999999999,0.5607380830343415,0.1117619134699282,4,ctr,17.0
./data/AraCropData/Plant_4/IMG_2013-10-01_08-00.png,9,0.0692,0.6102,1.3764083696345353,7.439999999999999,0.626038781163435,0.1385275636793626,4,ctr,17.5
./data/AraCropData/Plant_4/IMG_2013-10-01_19-40.png,10,0.06165,0.6111,1.3433167906342864,7.529999999999999,0.6304549675023211,0.135435400186503,4,ctr,18.0
./data/AraCropData/Plant_4/IMG_2013-10-02_08-00.png,10,0.06363,0.6201,1.355322839769182,8.459999999999999,0.5853865760407817,0.1088756771954815,4,ctr,18.5
./data/AraCropData/Plant_4/IMG_2013-10-02_19-40.png,10,0.0674999999999999,0.666,1.4481022063376603,9.0,0.5884691848906558,0.1033234917180643,4,ctr,19.0
./data/AraCropData/Plant_4/IMG_2013-10-03_08-00.png,10,0.07443,0.7389,1.4712239802287077,9.57,0.6133731789316398,0.101384521323384,4,ctr,19.5
./data/AraCropData/Plant_4/IMG_2013-10-03_19-40.png,12,0.07635,0.8118,1.6543578814754685,11.07,0.5772799999999999,0.0832460564636861,4,ctr,20.0
./data/AraCropData/Plant_4/IMG_2013-10-04_08-00.png,11,0.0828,0.765,1.5,10.65,0.6002824858757064,0.0847563183670327,4,ctr,20.5
./data/AraCropData/Plant_4/IMG_2013-10-04_19-40.png,10,0.0876599999999999,0.8694,1.542595215861893,10.47,0.6319921491658488,0.0996635004102672,4,ctr,21.0
./data/AraCropData/Plant_4/IMG_2013-10-05_08-00.png,10,0.09612,0.9342,1.578923684032892,10.71,0.6352509179926562,0.1023459791579755,4,ctr,21.5
./data/AraCropData/Plant_4/IMG_2013-10-05_19-40.png,12,0.084825,0.9567,1.5866001386612822,12.0,0.6065620542082739,0.0834878247691487,4,ctr,22.0
./data/AraCropData/Plant_4/IMG_2013-10-06_08-00.png,12,0.0876749999999999,1.0089,1.630245380303223,12.81,0.5996255683337791,0.077260893542424,4,ctr,22.5
./data/AraCropData/Plant_4/IMG_2013-10-06_19-40.png,12,0.0975,1.143,1.776344561170495,14.1,0.6195121951219515,0.0722466757819653,4,ctr,23.0
./data/AraCropData/Plant_4/IMG_2013-10-07_08-00.png,12,0.0960749999999999,1.1169,1.7026156348395254,13.71,0.5922214268670961,0.0746705319748705,4,ctr,23.5
./data/AraCropData/Plant_4/IMG_2013-10-07_19-40.png,13,0.0933230769230769,1.1718,1.8420097719610504,14.16,0.5780244173140953,0.0734407073214218,4,ctr,24.0
./data/AraCropData/Plant_4/IMG_2013-10-08_08-00.png,12,0.104775,1.1835,1.865073725084346,14.07,0.5731096099368052,0.0751259421346616,4,ctr,24.5
./data/AraCropData/Plant_4/IMG_2013-10-08_19-40.png,12,0.1413749999999999,1.5867,2.6127571643763603,17.82,0.5323871357390909,0.0627898269822671,4,ctr,25.0
./data/AraCropData/Plant_4/IMG_2013-10-09_08-00.png,12,0.1233749999999999,1.4661,2.557049080483204,15.93,0.4755510144504451,0.0726008835647167,4,ctr,25.5
./data/AraCropData/Plant_4/IMG_2013-10-09_19-40.png,12,0.1551749999999999,1.8351,2.7240594707164525,18.0,0.5566475566475568,0.0711745268963287,4,ctr,26.0
./data/AraCropData/Plant_5/IMG_2013-09-14_08-00.png,5,0.07344,0.3671999999999999,0.9396275858019496,3.9,0.7364620938628154,0.3033774680863043,5,col0,0.5
./data/AraCropData/Plant_5/IMG_2013-09-14_19-40.png,5,0.07992,0.3888,1.130884609498246,4.109999999999999,0.6585365853658534,0.2892360863872963,5,col0,1.0
./data/AraCropData/Plant_5/IMG_2013-09-15_08-00.png,5,0.0869399999999999,0.4347,1.1482595525402783,4.56,0.6745810055865924,0.2627058953746312,5,col0,1.5
./data/AraCropData/Plant_5/IMG_2013-09-15_19-40.png,5,0.0905399999999999,0.4508999999999999,1.0261578825892244,4.44,0.7096317280453263,0.2874247478905198,5,col0,2.0
./data/AraCropData/Plant_5/IMG_2013-09-16_08-00.png,5,0.11754,0.5859,1.4610954794263105,5.58,0.6323457989315198,0.2364639631734252,5,col0,2.5
./data/AraCropData/Plant_5/IMG_2013-09-16_19-40.png,6,0.1038,0.6228,1.2592855117089212,5.94,0.639260969976905,0.2218122759192059,5,col0,3.0
./data/AraCropData/Plant_5/IMG_2013-09-17_08-00.png,8,0.1013625,0.7893,1.8997368238785075,7.29,0.5413580246913583,0.1866366412435942,5,col0,3.5
./data/AraCropData/Plant_5/IMG_2013-09-17_19-40.png,5,0.1728,0.864,1.9944924166313596,7.319999999999999,0.537664519742369,0.2026289268641629,5,col0,4.0
./data/AraCropData/Plant_5/IMG_2013-09-18_08-00.png,9,0.1182,0.9594,2.221215883249532,8.459999999999999,0.5304802189599402,0.1684491609439525,5,col0,4.5
./data/AraCropData/Plant_5/IMG_2013-09-18_19-40.png,6,0.16665,0.9945,2.107700168430036,8.549999999999999,0.524815958204702,0.170955241968198,5,col0,5.0
./data/AraCropData/Plant_5/IMG_2013-09-19_08-00.png,7,0.1576285714285714,1.071,2.277827912727386,8.67,0.5245757108221291,0.1790445640148874,5,col0,5.5
./data/AraCropData/Plant_5/IMG_2013-09-19_19-40.png,6,0.1992,1.1502,2.352275494069519,8.879999999999999,0.515842583249243,0.1832978182655111,5,col0,6.0
./data/AraCropData/Plant_5/IMG_2013-09-20_08-00.png,6,0.19365,1.1565,2.424252462100431,9.93,0.4988354037267081,0.1473862618947575,5,col0,6.5
./data/AraCropData/Plant_5/IMG_2013-09-20_19-40.png,7,0.1911857142857143,1.3383,2.4233241632105265,10.65,0.5291814946619217,0.1482737004844442,5,col0,7.0
./data/AraCropData/Plant_5/IMG_2013-09-21_08-00.png,7,0.2206285714285714,1.5282,2.4959567303941785,11.88,0.5407643312101911,0.1360683686816516,5,col0,7.5
./data/AraCropData/Plant_5/IMG_2013-09-21_19-40.png,7,0.2328428571428571,1.5867,2.5260641322025057,12.06,0.5214433599526767,0.137091355369392,5,col0,8.0
./data/AraCropData/Plant_5/IMG_2013-09-22_08-00.png,8,0.2462624999999999,1.9449,2.637953752437673,14.19,0.5553842199948599,0.1213786630147641,5,col0,8.5
./data/AraCropData/Plant_5/IMG_2013-09-22_19-40.png,8,0.2649375,2.1069,2.686801071906888,14.88,0.5235379626523537,0.119577074695202,5,col0,9.0
./data/AraCropData/Plant_5/IMG_2013-09-23_08-00.png,9,0.2788,2.4822,2.7528167392690706,16.71,0.521558245083207,0.1117104330856911,5,col0,9.5
./data/AraCropData/Plant_5/IMG_2013-09-23_19-40.png,9,0.2943,2.6397,2.842885857715712,17.099999999999998,0.5218396939774042,0.1134415666725622,5,col0,10.0
./data/AraCropData/Plant_5/IMG_2013-09-24_08-00.png,10,0.3109499999999999,3.0519,3.3164589549698937,19.41,0.4758296498982671,0.1017956201450326,5,col0,10.5
./data/AraCropData/Plant_5/IMG_2013-09-24_19-40.png,10,0.35811,3.5163,3.746638493369757,20.28,0.4779204892966361,0.1074384869015031,5,col0,11.0
./data/AraCropData/Plant_5/IMG_2013-09-25_08-00.png,10,0.3699,3.6522,3.945883931389772,22.26,0.4371902607196724,0.0926219875492577,5,col0,11.5
./data/AraCropData/Plant_5/IMG_2013-09-25_19-40.png,9,0.4349,3.9087,4.006320007188641,21.72,0.4605025978157142,0.1041172193655602,5,col0,12.0
./data/AraCropData/Plant_5/IMG_2013-09-26_08-00.png,9,0.5018999999999999,4.4919,4.60575726672607,24.18,0.4155011655011654,0.0965444583370789,5,col0,12.5
./data/AraCropData/Plant_5/IMG_2013-09-26_19-40.png,10,0.47844,4.7718,4.574581948112855,24.6,0.4244316362471983,0.0990881870870498,5,col0,13.0
./data/AraCropData/Plant_5/IMG_2013-09-27_08-00.png,8,0.6958125,5.5539,5.12569995220165,27.36,0.4134396355353076,0.0932343041383051,5,col0,13.5
./data/AraCropData/Plant_5/IMG_2013-09-27_19-40.png,10,0.6534,6.5178,5.285196306666385,32.46,0.4334710001795654,0.077734509576287,5,col0,14.0
./data/AraCropData/Plant_5/IMG_2013-09-28_08-00.png,10,0.6812099999999999,6.6915,5.474568476144946,34.2,0.4212941976427923,0.0718920941195448,5,col0,14.5
./data/AraCropData/Plant_5/IMG_2013-09-28_19-40.png,12,0.62205,7.408799999999999,5.533760023709014,37.32,0.4490140998718192,0.0668458523080592,5,col0,15.0
./data/AraCropData/Plant_5/IMG_2013-09-29_08-00.png,12,0.72555,8.634599999999999,5.6080745358812765,40.35,0.4398395415472776,0.0666446067213896,5,col0,15.5
./data/AraCropData/Plant_5/IMG_2013-09-29_19-40.png,13,0.7411846153846154,9.6012,6.110360054857651,46.38,0.4442963641664236,0.0560885085552264,5,col0,16.0
./data/AraCropData/Plant_5/IMG_2013-09-30_08-00.png,13,0.8259923076923076,10.6731,7.113543420827625,49.23,0.4181667518820854,0.0553402059414008,5,col0,16.5
./data/AraCropData/Plant_5/IMG_2013-09-30_19-40.png,14,0.7963071428571428,11.0817,7.515883181636074,50.07,0.4034866383759606,0.0555470590572615,5,col0,17.0
./data/AraCropData/Plant_5/IMG_2013-10-01_08-00.png,14,0.8829642857142855,12.3291,7.84974521879532,53.13,0.4100821720974091,0.0548860032903875,5,col0,17.5
./data/AraCropData/Plant_5/IMG_2013-10-01_19-40.png,13,0.9890307692307694,12.4362,8.245635209006036,54.84,0.374933861536583,0.0519640114236886,5,col0,18.0
./data/AraCropData/Plant_5/IMG_2013-10-02_08-00.png,14,0.9852428571428572,13.617,8.38654279187795,56.91,0.3881876026272576,0.0528340776659132,5,col0,18.5
./data/AraCropData/Plant_5/IMG_2013-10-02_19-40.png,14,1.057692857142857,12.9987,8.655922827752105,51.39,0.3511890288382046,0.0618518293995027,5,col0,19.0
./data/AraCropData/Plant_5/IMG_2013-10-03_08-00.png,15,1.0425,15.2361,8.69508481844772,62.82,0.3804355154048406,0.0485163158053086,5,col0,19.5
./data/AraCropData/Plant_5/IMG_2013-10-03_19-40.png,14,1.21545,16.9299,8.934259902196711,65.58,0.3849191733169635,0.0494676674125015,5,col0,20.0
./data/AraCropData/Plant_5/IMG_2013-10-04_08-00.png,16,1.1827125,18.6408,8.912070466507767,70.61999999999999,0.4053109986986682,0.0469698295792203,5,col0,20.5
./data/AraCropData/Plant_5/IMG_2013-10-04_19-40.png,17,1.2024529411764704,20.0457,9.22269483394089,73.44,0.4003343159105615,0.0467052557065428,5,col0,21.0
./data/AraCropData/Plant_5/IMG_2013-10-05_08-00.png,18,1.2717,21.8484,9.4190923129567,85.71,0.420654999133599,0.0373737358768407,5,col0,21.5
./data/AraCropData/Plant_5/IMG_2013-10-05_19-40.png,18,1.303,23.094,9.474729547591318,85.05,0.4279162844992912,0.0401199506004194,5,col0,22.0
./data/AraCropData/Plant_5/IMG_2013-10-06_08-00.png,17,1.4547176470588232,24.2496,9.517236994001989,87.69,0.4368777766968252,0.0396291085557117,5,col0,22.5
./data/AraCropData/Plant_5/IMG_2013-10-06_19-40.png,17,1.461441176470588,24.7797,9.43207824395027,85.86,0.4271264795767984,0.0422400224104706,5,col0,23.0
./data/AraCropData/Plant_5/IMG_2013-10-07_08-00.png,17,1.5162882352941176,25.5447,9.383144462279157,86.91,0.4363460267191413,0.0424982621193667,5,col0,23.5
./data/AraCropData/Plant_5/IMG_2013-10-07_19-40.png,18,1.436,25.254,9.352689452772394,89.1,0.425464166849882,0.0399746465144053,5,col0,24.0
./data/AraCropData/Plant_5/IMG_2013-10-08_08-00.png,18,1.4588,25.9056,9.436037303868613,91.65,0.4391386267764107,0.0387559673057464,5,col0,24.5
./data/AraCropData/Plant_5/IMG_2013-10-08_19-40.png,20,1.346085,26.3313,9.432841565509303,93.93,0.4426239428735684,0.0375036485746083,5,col0,25.0
./data/AraCropData/Plant_5/IMG_2013-10-09_08-00.png,20,1.3432499999999998,26.4672,9.432841565509303,94.38,0.4438507919977663,0.0373385902831711,5,col0,25.5
./data/AraCropData/Plant_5/IMG_2013-10-09_19-40.png,20,1.40193,27.7596,9.45609327365165,97.41,0.4631857157874186,0.0367634263832359,5,col0,26.0
./data/AraCropData/Plant_6/IMG_2013-09-14_08-00.png,3,0.0440999999999999,0.1305,0.7305477397131552,1.86,0.9265175718849856,0.4740176220296775,6,pgm,0.5
./data/AraCropData/Plant_6/IMG_2013-09-14_19-40.png,4,0.04455,0.1782,0.8357032966310471,2.49,0.8425531914893614,0.3611759880451613,6,pgm,1.0
./data/AraCropData/Plant_6/IMG_2013-09-15_08-00.png,4,0.043875,0.1755,0.8448076704197234,2.52,0.4738760631834748,0.3472849021825451,6,pgm,1.5
./data/AraCropData/Plant_6/IMG_2013-09-15_19-40.png,5,0.04392,0.2178,0.874642784226795,3.03,0.7793880837359098,0.2981140759410763,6,pgm,2.0
./data/AraCropData/Plant_6/IMG_2013-09-16_08-00.png,4,0.051975,0.2079,0.8357032966310471,2.82,0.7817258883248736,0.3285232697959449,6,pgm,2.5
./data/AraCropData/Plant_6/IMG_2013-09-16_19-40.png,5,0.0599399999999999,0.2996999999999999,1.0551303237041385,3.84,0.5178849144634523,0.2554078011829592,6,pgm,3.0
./data/AraCropData/Plant_6/IMG_2013-09-17_08-00.png,5,0.05652,0.2808,0.9604686356149272,3.45,0.7123287671232874,0.296461824701706,6,pgm,3.5
./data/AraCropData/Plant_6/IMG_2013-09-17_19-40.png,5,0.0698399999999999,0.3474,1.0551303237041385,4.2,0.601246105919003,0.2474805641399306,6,pgm,4.0
./data/AraCropData/Plant_6/IMG_2013-09-18_08-00.png,5,0.0702,0.3492,1.0478549517943787,4.17,0.6445182724252492,0.2523550436505025,6,pgm,4.5
./data/AraCropData/Plant_6/IMG_2013-09-18_19-40.png,5,0.07776,0.387,1.0903669107231748,4.71,0.5691594970218398,0.2192194151557647,6,pgm,5.0
./data/AraCropData/Plant_6/IMG_2013-09-19_08-00.png,5,0.07686,0.3825,1.1200892821556685,4.59,0.5825908156271418,0.2281476146397816,6,pgm,5.5
./data/AraCropData/Plant_6/IMG_2013-09-19_19-40.png,6,0.0832499999999999,0.4922999999999999,1.2657013865837392,5.43,0.5528044466902478,0.2098166944249097,6,pgm,6.0
./data/AraCropData/Plant_6/IMG_2013-09-20_08-00.png,6,0.0798,0.4788,1.1541230437002803,5.13,0.5773195876288659,0.2286279254074443,6,pgm,6.5
./data/AraCropData/Plant_6/IMG_2013-09-20_19-40.png,6,0.08955,0.5355,1.3764083696345353,5.79,0.540909090909091,0.2007299663224169,6,pgm,7.0
./data/AraCropData/Plant_6/IMG_2013-09-21_08-00.png,6,0.0889499999999999,0.5337,1.3024976007655449,5.85,0.5544647031323048,0.1959725910404993,6,pgm,7.5
./data/AraCropData/Plant_6/IMG_2013-09-21_19-40.png,7,0.0925714285714285,0.648,1.5065855435387665,6.72,0.5762304921968788,0.1803210069024754,6,pgm,8.0
./data/AraCropData/Plant_6/IMG_2013-09-22_08-00.png,6,0.1067999999999999,0.6408,1.4415616532080755,6.39,0.5831285831285833,0.1972107799912656,6,pgm,8.5
./data/AraCropData/Plant_6/IMG_2013-09-22_19-40.png,7,0.1100571428571428,0.7632,1.7184004189943622,7.439999999999999,0.5890934352205627,0.1732616135694683,6,pgm,9.0
./data/AraCropData/Plant_6/IMG_2013-09-23_08-00.png,7,0.1076142857142857,0.7497,1.5660459763365824,7.29,0.6174944403261676,0.1772728872929463,6,pgm,9.5
./data/AraCropData/Plant_6/IMG_2013-09-23_19-40.png,7,0.1425857142857143,0.9981,2.1633307652783933,9.18,0.5467093911757457,0.1488327674326575,6,pgm,10.0
./data/AraCropData/Plant_6/IMG_2013-09-24_08-00.png,6,0.159,0.954,1.9453791404248169,8.28,0.573748308525034,0.1748628551147437,6,pgm,10.5
./data/AraCropData/Plant_6/IMG_2013-09-24_19-40.png,9,0.1412,1.269,2.3068810112357334,11.07,0.585669781931464,0.1301296448046535,6,pgm,11.0
./data/AraCropData/Plant_6/IMG_2013-09-25_08-00.png,8,0.14535,1.1538,2.1079136604709405,10.02,0.5724492074123689,0.1444125562731584,6,pgm,11.5
./data/AraCropData/Plant_6/IMG_2013-09-25_19-40.png,8,0.179325,1.4346,2.1801146758828995,11.73,0.5465455168866793,0.1310221332885611,6,pgm,12.0
./data/AraCropData/Plant_6/IMG_2013-09-26_08-00.png,8,0.174825,1.395,2.099142682144308,11.79,0.5743931813970723,0.1261120140127596,6,pgm,12.5
./data/AraCropData/Plant_6/IMG_2013-09-26_19-40.png,8,0.213075,1.7009999999999998,2.406366555618657,13.14,0.5451398903951543,0.1238007988841915,6,pgm,13.0
./data/AraCropData/Plant_6/IMG_2013-09-27_08-00.png,9,0.1845,1.6533,2.2465974272218867,13.17,0.560317218240049,0.119781564119,6,pgm,13.5
./data/AraCropData/Plant_6/IMG_2013-09-27_19-40.png,10,0.19458,1.9404,2.2395758527006846,15.21,0.5900383141762454,0.1054005074696201,6,pgm,14.0
./data/AraCropData/Plant_6/IMG_2013-09-28_08-00.png,10,0.19215,1.9143,2.300825938657681,14.19,0.5825801150369764,0.1194689570719127,6,pgm,14.5
./data/AraCropData/Plant_6/IMG_2013-09-28_19-40.png,11,0.2174727272727272,2.3688,2.704163456597992,17.189999999999998,0.5646251206693125,0.1007364182176821,6,pgm,15.0
./data/AraCropData/Plant_6/IMG_2013-09-29_08-00.png,9,0.2657,2.3841,2.749872724327437,16.439999999999998,0.5409986725211887,0.1108487258159646,6,pgm,15.5
./data/AraCropData/Plant_6/IMG_2013-09-29_19-40.png,11,0.2344090909090909,2.4831,2.98511306318538,17.91,0.5190480669739443,0.0972776123078175,6,pgm,16.0
./data/AraCropData/Plant_6/IMG_2013-09-30_08-00.png,10,0.2455199999999999,2.4444,2.647149410214693,16.439999999999998,0.5791044776119403,0.1136523742227859,6,pgm,16.5
./data/AraCropData/Plant_6/IMG_2013-09-30_19-40.png,10,0.3158999999999999,3.0636,3.3933169613226526,20.7,0.4944440409615805,0.0898465145374472,6,pgm,17.0
./data/AraCropData/Plant_6/IMG_2013-10-01_08-00.png,10,0.28485,2.8125,3.097418279793674,19.38,0.529436679373147,0.094101132402957,6,pgm,17.5
./data/AraCropData/Plant_6/IMG_2013-10-01_19-40.png,11,0.3211363636363636,3.5109,3.689512162874653,22.65,0.5149155227032737,0.0859987049105129,6,pgm,18.0
./data/AraCropData/Plant_6/IMG_2013-10-02_08-00.png,11,0.3171272727272727,3.4812,3.488911004883902,22.14,0.5229853975121687,0.0892449407986524,6,pgm,18.5
./data/AraCropData/Plant_6/IMG_2013-10-02_19-40.png,11,0.3770181818181818,4.1364,3.877434718986253,24.3,0.4876910016977929,0.088027799639681,6,pgm,19.0
./data/AraCropData/Plant_6/IMG_2013-10-03_08-00.png,12,0.3385499999999999,4.0392,3.795207504208433,23.58,0.4855041107745566,0.0912888256273008,6,pgm,19.5
./data/AraCropData/Plant_6/IMG_2013-10-03_19-40.png,13,0.3671999999999999,4.7592,4.025145960086417,28.29,0.495409406033352,0.0747270649826216,6,pgm,20.0
./data/AraCropData/Plant_6/IMG_2013-10-04_08-00.png,12,0.3805499999999999,4.5396,3.990112780360976,26.67,0.4786941254626555,0.0802013022288762,6,pgm,20.5
./data/AraCropData/Plant_6/IMG_2013-10-04_19-40.png,12,0.4241249999999999,5.0823,4.085400837127246,28.89,0.4751767081790642,0.0765200204657328,6,pgm,21.0
./data/AraCropData/Plant_6/IMG_2013-10-05_08-00.png,12,0.4196999999999999,5.031,4.085400837127246,28.83,0.4772067611405157,0.0760632532820236,6,pgm,21.5
./data/AraCropData/Plant_6/IMG_2013-10-05_19-40.png,13,0.4185692307692308,5.4378,4.106823590075424,30.81,0.5035839306551093,0.0719862744382283,6,pgm,22.0
./data/AraCropData/Plant_6/IMG_2013-10-06_08-00.png,12,0.4486499999999999,5.3766,4.169244535884168,30.33,0.4930670188180918,0.0734467817902006,6,pgm,22.5
./data/AraCropData/Plant_6/IMG_2013-10-06_19-40.png,12,0.475875,5.6979,4.506994564008259,31.2,0.4925889904687804,0.0735555587643379,6,pgm,23.0
./data/AraCropData/Plant_6/IMG_2013-10-07_08-00.png,12,0.45645,5.4702,4.459417002254891,29.64,0.4768741908909026,0.0782450136394579,6,pgm,23.5
./data/AraCropData/Plant_6/IMG_2013-10-07_19-40.png,14,0.4244785714285714,5.9211,4.63303356344415,33.36,0.4949966142502445,0.0668590460767016,6,pgm,24.0
./data/AraCropData/Plant_6/IMG_2013-10-08_08-00.png,13,0.4394076923076923,5.6925,4.648354547579175,32.22,0.4837291116974495,0.0689067602063864,6,pgm,24.5
./data/AraCropData/Plant_6/IMG_2013-10-08_19-40.png,14,0.4370785714285715,6.1083,4.640797345284536,33.45,0.5068518725962438,0.0686021897562032,6,pgm,25.0
./data/AraCropData/Plant_6/IMG_2013-10-09_08-00.png,13,0.4492384615384616,5.8347,4.674034659691774,32.1,0.4886376483889204,0.0711571147636391,6,pgm,25.5
./data/AraCropData/Plant_6/IMG_2013-10-09_19-40.png,14,0.4384928571428572,6.0957,4.7469253206681055,34.379999999999995,0.4982345152273061,0.0648069681409917,6,pgm,26.0
./data/AraCropData/Plant_7/IMG_2013-09-14_08-00.png,4,0.056475,0.2259,0.7212489168102784,2.91,0.8083735909822856,0.3352278695083593,7,col0,0.5
./data/AraCropData/Plant_7/IMG_2013-09-14_19-40.png,4,0.0695249999999999,0.2781,0.8590692637965812,3.51,0.6783754116355654,0.2836590342491771,7,col0,1.0
./data/AraCropData/Plant_7/IMG_2013-09-15_08-00.png,5,0.0611999999999999,0.3006,0.913892772703669,3.78,0.7182795698924731,0.2643718685560571,7,col0,1.5
./data/AraCropData/Plant_7/IMG_2013-09-15_19-40.png,5,0.06606,0.3303,0.8469356528095862,3.57,0.7775423728813559,0.3256731880142515,7,col0,2.0
./data/AraCropData/Plant_7/IMG_2013-09-16_08-00.png,5,0.0819,0.4095,1.1868024266911488,4.62,0.6368089573128057,0.2410903453168082,7,col0,2.5
./data/AraCropData/Plant_7/IMG_2013-09-16_19-40.png,5,0.09,0.45,1.114854250563723,4.59,0.6882312456985549,0.2684089583997431,7,col0,3.0
./data/AraCropData/Plant_7/IMG_2013-09-17_08-00.png,6,0.09645,0.5733,1.4629422408283932,5.85,0.6157564040599321,0.2105135590097776,7,col0,3.5
./data/AraCropData/Plant_7/IMG_2013-09-17_19-40.png,6,0.0978,0.585,1.4512063946937388,5.85,0.5968778696051424,0.2148097540916098,7,col0,4.0
./data/AraCropData/Plant_7/IMG_2013-09-18_08-00.png,6,0.1014,0.5831999999999999,1.6783920876839238,5.97,0.5171588188347963,0.2056263265600551,7,col0,4.5
./data/AraCropData/Plant_7/IMG_2013-09-18_19-40.png,6,0.1220999999999999,0.7326,1.863866948041088,6.69,0.5410435360584911,0.2056953825753256,7,col0,5.0
./data/AraCropData/Plant_7/IMG_2013-09-19_08-00.png,6,0.1246499999999999,0.7461,1.7710166571774528,7.02,0.5968322534197266,0.1902535108354108,7,col0,5.5
./data/AraCropData/Plant_7/IMG_2013-09-19_19-40.png,5,0.1664999999999999,0.8307,2.01357890334598,6.84,0.5342981186685962,0.2231217312452585,7,col0,6.0
./data/AraCropData/Plant_7/IMG_2013-09-20_08-00.png,5,0.1611,0.8055,1.9342440383777844,7.319999999999999,0.557111733582322,0.1889092599410686,7,col0,6.5
./data/AraCropData/Plant_7/IMG_2013-09-20_19-40.png,7,0.1428428571428571,0.9999,2.181559075523741,8.76,0.5582914572864321,0.1637412947146866,7,col0,7.0
./data/AraCropData/Plant_7/IMG_2013-09-21_08-00.png,7,0.1591714285714285,1.1052,2.2274873737015883,9.57,0.6065695233390964,0.1516445702620165,7,col0,7.5
./data/AraCropData/Plant_7/IMG_2013-09-21_19-40.png,7,0.1555714285714285,1.089,2.0492437629525675,9.33,0.5644973174714253,0.1572079325417913,7,col0,8.0
./data/AraCropData/Plant_7/IMG_2013-09-22_08-00.png,7,0.1622571428571428,1.134,1.9398195792392647,9.39,0.5295230090355115,0.1616187464819745,7,col0,8.5
./data/AraCropData/Plant_7/IMG_2013-09-22_19-40.png,9,0.1585,1.4247,2.1251352898109808,11.7,0.5388019060585433,0.1307860925873147,7,col0,9.0
./data/AraCropData/Plant_7/IMG_2013-09-23_08-00.png,8,0.1790999999999999,1.4238,2.313114783144148,12.03,0.4942977659740666,0.1236310614481017,7,col0,9.5
./data/AraCropData/Plant_7/IMG_2013-09-23_19-40.png,8,0.1881,1.4958,2.5117722826721374,12.09,0.5102072141212587,0.128596986380465,7,col0,10.0
./data/AraCropData/Plant_7/IMG_2013-09-24_08-00.png,8,0.2408625,1.9197,2.588010819142764,14.73,0.5084018591347874,0.1111828328255985,7,col0,10.5
./data/AraCropData/Plant_7/IMG_2013-09-24_19-40.png,8,0.2338875,1.8585,2.962110733919311,13.89,0.4307916970898091,0.1210508763797549,7,col0,11.0
./data/AraCropData/Plant_7/IMG_2013-09-25_08-00.png,9,0.3038,2.727,3.0394900888142407,19.35,0.5181701581872594,0.0915235934415198,7,col0,11.5
./data/AraCropData/Plant_7/IMG_2013-09-25_19-40.png,9,0.2834999999999999,2.5443,2.876404005003469,17.37,0.5222612229817107,0.1059689289997147,7,col0,12.0
./data/AraCropData/Plant_7/IMG_2013-09-26_08-00.png,8,0.4017374999999999,3.2139,3.420526275297414,20.07,0.5403238008775911,0.1002645660901566,7,col0,12.5
./data/AraCropData/Plant_7/IMG_2013-09-26_19-40.png,8,0.3839625,3.0645,3.661966684720111,16.38,0.4818850834984432,0.1435296728182753,7,col0,13.0
./data/AraCropData/Plant_7/IMG_2013-09-27_08-00.png,10,0.37467,3.7143,4.128353182565658,20.85,0.5058217918862606,0.1073679654789303,7,col0,13.5
./data/AraCropData/Plant_7/IMG_2013-09-27_19-40.png,8,0.4208625,3.3579,4.612786576463298,21.36,0.4060731388767958,0.0924858145321259,7,col0,14.0
./data/AraCropData/Plant_7/IMG_2013-09-28_08-00.png,10,0.45693,4.0923,5.130789412946121,25.71,0.3718666939276221,0.0777988494551577,7,col0,14.5
./data/AraCropData/Plant_7/IMG_2013-09-28_19-40.png,10,0.45549,4.5261,5.242022510443846,25.5,0.4112019623875714,0.0874688966361415,7,col0,15.0
./data/AraCropData/Plant_7/IMG_2013-09-29_08-00.png,10,0.45585,4.5405,5.036606000075845,26.25,0.3708059240748226,0.0828046886523324,7,col0,15.5
./data/AraCropData/Plant_7/IMG_2013-09-29_19-40.png,10,0.5269499999999999,5.2569,5.405663696531629,30.33,0.3899068789426252,0.0718116257844931,7,col0,16.0
./data/AraCropData/Plant_7/IMG_2013-09-30_08-00.png,12,0.4937249999999999,5.7915,5.791243389808444,33.09,0.3579076170082593,0.0664672009687593,7,col0,16.5
./data/AraCropData/Plant_7/IMG_2013-09-30_19-40.png,11,0.5731363636363637,6.2649,5.826259520481386,30.09,0.3836107131048167,0.0869520112111861,7,col0,17.0
./data/AraCropData/Plant_7/IMG_2013-10-01_08-00.png,12,0.5912249999999999,6.9993,6.209057899552878,34.23,0.3751929756850636,0.0750672790123454,7,col0,17.5
./data/AraCropData/Plant_7/IMG_2013-10-01_19-40.png,13,0.6673846153846154,8.5608,6.427635646176594,39.6,0.4089599724837697,0.068601536549463,7,col0,18.0
./data/AraCropData/Plant_7/IMG_2013-10-02_08-00.png,12,0.76845,9.1332,6.515251338206379,42.99,0.4004182532010182,0.062100906795467,7,col0,18.5
./data/AraCropData/Plant_7/IMG_2013-10-02_19-40.png,14,0.7083642857142857,9.8793,6.963942848702881,46.41,0.3902100885144502,0.057638530623034,7,col0,19.0
./data/AraCropData/Plant_7/IMG_2013-10-03_08-00.png,14,0.7757999999999999,10.7748,7.28660414733777,50.67,0.3923766448716058,0.0527372249144266,7,col0,19.5
./data/AraCropData/Plant_7/IMG_2013-10-03_19-40.png,13,0.8729999999999998,11.3022,7.622834118620187,52.41,0.3924558963701423,0.0517064275285959,7,col0,20.0
./data/AraCropData/Plant_7/IMG_2013-10-04_08-00.png,14,0.8602071428571427,11.8791,7.746392708867785,55.83,0.3662268836447883,0.0478914676805663,7,col0,20.5
./data/AraCropData/Plant_7/IMG_2013-10-04_19-40.png,14,0.9179357142857144,12.7665,7.971932011752232,56.73,0.3744621314115255,0.049848965098303,7,col0,21.0
./data/AraCropData/Plant_7/IMG_2013-10-05_08-00.png,15,0.90402,13.3245,8.067713430706373,61.38,0.3725699905630702,0.0444433735103345,7,col0,21.5
./data/AraCropData/Plant_7/IMG_2013-10-05_19-40.png,13,1.0644923076923076,13.8042,8.150785238245454,60.72,0.3759682321796254,0.0470497782741101,7,col0,22.0
./data/AraCropData/Plant_7/IMG_2013-10-06_08-00.png,15,0.99558,14.8581,8.194888650860364,64.95,0.3970752708861977,0.0442603486012417,7,col0,22.5
./data/AraCropData/Plant_7/IMG_2013-10-06_19-40.png,13,1.1730461538461536,15.2388,8.181369078583362,63.63,0.394565749306737,0.0472973476306132,7,col0,23.0
./data/AraCropData/Plant_7/IMG_2013-10-07_08-00.png,16,1.01953125,16.227899999999998,8.234002671848,67.47,0.4113051313343293,0.0447971893535628,7,col0,23.5
./data/AraCropData/Plant_7/IMG_2013-10-07_19-40.png,16,0.9939375,15.7788,8.156745674593514,66.69,0.3944783826656317,0.0445822928798695,7,col0,24.0
./data/AraCropData/Plant_7/IMG_2013-10-08_08-00.png,17,0.9967764705882352,16.790399999999998,8.156745674593514,69.86999999999999,0.4135347512385429,0.0432204635047529,7,col0,24.5
./data/AraCropData/Plant_7/IMG_2013-10-08_19-40.png,18,0.9299,16.317,8.084206825657049,72.21,0.4022943871833845,0.039323800809875,7,col0,25.0
./data/AraCropData/Plant_7/IMG_2013-10-09_08-00.png,17,1.0215,17.2035,8.118035476640884,74.28,0.4221976808393151,0.03918166487023,7,col0,25.5
./data/AraCropData/Plant_7/IMG_2013-10-09_19-40.png,19,0.9266684210526314,17.423099999999998,8.08359449749924,76.77,0.4243533537921963,0.0371494349183236,7,col0,26.0
./data/AraCropData/Plant_8/IMG_2013-09-14_08-00.png,5,0.1063799999999999,0.5301,1.2402015965156632,5.16,0.7083583884545999,0.2501890309578675,8,ein2,0.5
./data/AraCropData/Plant_8/IMG_2013-09-14_19-40.png,5,0.1233,0.6164999999999999,1.3261221663180205,5.73,0.6316274781005069,0.2359574537659613,8,ein2,1.0
./data/AraCropData/Plant_8/IMG_2013-09-15_08-00.png,5,0.13518,0.6759,1.364587849865299,5.79,0.6253122398001664,0.2533583272405632,8,ein2,1.5
./data/AraCropData/Plant_8/IMG_2013-09-15_19-40.png,5,0.14346,0.7155,1.3682105101189654,6.0,0.6196414653156664,0.2497566159603885,8,ein2,2.0
./data/AraCropData/Plant_8/IMG_2013-09-16_08-00.png,6,0.1329,0.7956,1.5065855435387665,6.63,0.6258407079646017,0.2274456219793515,8,ein2,2.5
./data/AraCropData/Plant_8/IMG_2013-09-16_19-40.png,6,0.1551,0.9288,1.7055204484262274,7.26,0.6131907308377895,0.2214414055395578,8,ein2,3.0
./data/AraCropData/Plant_8/IMG_2013-09-17_08-00.png,7,0.1424571428571428,0.9828,6.7463323369072175,8.16,0.1913774973711882,0.1854789780341725,8,ein2,3.5
./data/AraCropData/Plant_8/IMG_2013-09-17_19-40.png,7,0.1737,1.1853,2.2299103120977755,9.51,0.5575783234546995,0.1646937485606487,8,ein2,4.0
./data/AraCropData/Plant_8/IMG_2013-09-18_08-00.png,7,0.1839857142857142,1.2825,2.2982819670353765,10.2,0.5725190839694657,0.1549055201164517,8,ein2,4.5
./data/AraCropData/Plant_8/IMG_2013-09-18_19-40.png,7,0.2068714285714286,1.4409,2.446242015827542,11.4,0.5617543859649122,0.1393265883212537,8,ein2,5.0
./data/AraCropData/Plant_8/IMG_2013-09-19_08-00.png,8,0.1981125,1.5687,2.446242015827542,11.73,0.5924541128484025,0.1432694970652209,8,ein2,5.5
./data/AraCropData/Plant_8/IMG_2013-09-19_19-40.png,7,0.2552142857142857,1.7847,2.6807648162418123,12.03,0.5780498469610844,0.1549686440275511,8,ein2,6.0
./data/AraCropData/Plant_8/IMG_2013-09-20_08-00.png,8,0.2383875,1.8963,2.598249410660955,13.35,0.6130346232179227,0.133707071755863,8,ein2,6.5
./data/AraCropData/Plant_8/IMG_2013-09-20_19-40.png,8,0.2931749999999999,2.34,2.9455050500720583,15.36,0.5996309963099633,0.1246359390157083,8,ein2,7.0
./data/AraCropData/Plant_8/IMG_2013-09-21_08-00.png,8,0.3182625,2.5425,2.876404005003469,16.38,0.6201295137745582,0.1190811529255882,8,ein2,7.5
./data/AraCropData/Plant_8/IMG_2013-09-21_19-40.png,9,0.3185,2.8485,3.1119125951735853,18.15,0.6123041207196751,0.1086607827182481,8,ein2,8.0
./data/AraCropData/Plant_8/IMG_2013-09-22_08-00.png,10,0.31095,3.0843,3.1075713990188545,18.45,0.6053700759583113,0.1138606704882249,8,ein2,8.5
./data/AraCropData/Plant_8/IMG_2013-09-22_19-40.png,10,0.3378599999999999,3.3696,3.1869264189811477,18.93,0.6107169072669439,0.118164490194069,8,ein2,9.0
./data/AraCropData/Plant_8/IMG_2013-09-23_08-00.png,10,0.3679199999999999,3.6684,3.1442805218364343,20.31,0.6141328913665816,0.1117549328629172,8,ein2,9.5
./data/AraCropData/Plant_8/IMG_2013-09-23_19-40.png,10,0.4145399999999999,4.1184,3.2066337489647925,21.27,0.609077598828697,0.1143940430040275,8,ein2,10.0
./data/AraCropData/Plant_8/IMG_2013-09-24_08-00.png,9,0.4933,4.3839,3.628015986734348,22.65,0.5775432772112876,0.1073826433271234,8,ein2,10.5
./data/AraCropData/Plant_8/IMG_2013-09-24_19-40.png,10,0.52425,5.1939,3.862900464676769,25.11,0.5717257776897164,0.1035166055241764,8,ein2,11.0
./data/AraCropData/Plant_8/IMG_2013-09-25_08-00.png,10,0.5757300000000001,5.4531,4.074923312161837,28.41,0.5512190684133915,0.08490061936533,8,ein2,11.5
./data/AraCropData/Plant_8/IMG_2013-09-25_19-40.png,8,0.7734375,6.1857,4.450123593789278,26.97,0.5330592934424323,0.1068653283434326,8,ein2,12.0
./data/AraCropData/Plant_8/IMG_2013-09-26_08-00.png,9,0.7430999999999999,6.6681,4.566311421705707,28.38,0.543281393217232,0.1040368480190175,8,ein2,12.5
./data/AraCropData/Plant_8/IMG_2013-09-26_19-40.png,11,0.693490909090909,7.5942,5.0457110499908735,31.5,0.5266344203463879,0.0961769027156124,8,ein2,13.0
./data/AraCropData/Plant_8/IMG_2013-09-27_08-00.png,11,0.7838181818181816,8.424,5.137012750616841,37.08,0.5273536537269706,0.0769925619693982,8,ein2,13.5
./data/AraCropData/Plant_8/IMG_2013-09-27_19-40.png,12,0.8117249999999999,9.7317,5.435301279598032,38.25,0.5917797723292471,0.0835864147346809,8,ein2,14.0
./data/AraCropData/Plant_8/IMG_2013-09-28_08-00.png,12,0.9303749999999998,11.1537,5.924905062530538,42.36,0.5737632815574434,0.078111849376727,8,ein2,14.5
./data/AraCropData/Plant_8/IMG_2013-09-28_19-40.png,14,0.8401500000000001,11.6541,5.741297762701391,43.95,0.6036126325603076,0.0758177418888219,8,ein2,15.0
./data/AraCropData/Plant_8/IMG_2013-09-29_08-00.png,14,0.9682714285714286,13.4028,6.372511278922933,48.66,0.5681475688152147,0.0711313730248223,8,ein2,15.5
./data/AraCropData/Plant_8/IMG_2013-09-29_19-40.png,14,0.9852428571428572,13.6584,6.527671866753107,49.68,0.5614398549786354,0.0695418943716287,8,ein2,16.0
./data/AraCropData/Plant_8/IMG_2013-09-30_08-00.png,15,1.04184,15.5088,6.864757825298719,53.22,0.5812294459903868,0.0688079024550526,8,ein2,16.5
./data/AraCropData/Plant_8/IMG_2013-09-30_19-40.png,15,1.12074,16.6797,6.99521264866194,54.54,0.5907497131199795,0.0704640874581161,8,ein2,17.0
./data/AraCropData/Plant_8/IMG_2013-10-01_08-00.png,16,1.084725,17.1324,7.088384865397758,55.98,0.5929294502413954,0.068700877040072,8,ein2,17.5
./data/AraCropData/Plant_8/IMG_2013-10-01_19-40.png,15,1.23018,18.3069,7.339891007365163,56.07,0.6146245656443573,0.0731751398423032,8,ein2,18.0
./data/AraCropData/Plant_8/IMG_2013-10-02_08-00.png,16,1.20886875,19.0647,7.467047609329941,57.51,0.6130404584129188,0.0724357739033669,8,ein2,18.5
./data/AraCropData/Plant_8/IMG_2013-10-02_19-40.png,15,1.27416,18.9288,7.425712087066128,59.43,0.6076154157277402,0.0673475010992113,8,ein2,19.0
./data/AraCropData/Plant_8/IMG_2013-10-03_08-00.png,16,1.1901937499999995,18.8811,7.447314952383845,57.84,0.6139955513931162,0.0709219369067124,8,ein2,19.5
./data/AraCropData/Plant_8/IMG_2013-10-03_19-40.png,15,1.2485399999999998,18.5679,7.445864624071539,57.99,0.607875778959619,0.0693851345861968,8,ein2,20.0
./data/AraCropData/Plant_8/IMG_2013-10-04_08-00.png,17,1.1039823529411763,18.6075,7.446589823536677,58.68,0.605568003749103,0.0679074904681824,8,ein2,20.5
./data/AraCropData/Plant_8/IMG_2013-10-04_19-40.png,15,1.179,17.6562,7.385242040718774,54.81,0.5858392809149818,0.0738562919440462,8,ein2,21.0
./data/AraCropData/Plant_8/IMG_2013-10-05_08-00.png,16,1.09310625,17.4357,7.339891007365163,55.08,0.5828043680996361,0.0722206493205308,8,ein2,21.5
./data/AraCropData/Plant_8/IMG_2013-10-05_19-40.png,15,1.0318200000000002,15.4377,6.921878357786996,52.77,0.5479754013257726,0.0696655824938335,8,ein2,22.0
./data/AraCropData/Plant_8/IMG_2013-10-06_08-00.png,16,0.964125,15.3432,6.9830437489679245,53.94,0.542273681531904,0.0662680095154532,8,ein2,22.5
./data/AraCropData/Plant_8/IMG_2013-10-06_19-40.png,15,0.9579,14.3235,6.76970457257922,54.69,0.5207958375601296,0.0601787509835849,8,ein2,23.0
./data/AraCropData/Plant_8/IMG_2013-10-07_08-00.png,16,0.90309375,14.3253,6.791538853603062,53.49,0.5201973985227794,0.0629170561342431,8,ein2,23.5
./data/AraCropData/Plant_8/IMG_2013-10-07_19-40.png,15,0.93384,13.968,6.7463323369072175,52.11,0.5111231866159496,0.0646400887503664,8,ein2,24.0
./data/AraCropData/Plant_8/IMG_2013-10-08_08-00.png,17,1.4791235294117646,23.0967,7.540092837624746,64.8,0.6228354387370006,0.0691209638795223,8,ein2,24.5
./data/AraCropData/Plant_8/IMG_2013-10-08_19-40.png,17,1.5033176470588234,23.607,7.567198953377663,65.7,0.6326656134299738,0.0687258191477744,8,ein2,25.0
./data/AraCropData/Plant_8/IMG_2013-10-09_08-00.png,17,1.462976470588235,24.5034,7.56856657498631,67.14,0.6532071352311036,0.068308309863217,8,ein2,25.5
./data/AraCropData/Plant_8/IMG_2013-10-09_19-40.png,18,1.37745,24.5259,7.563808564473323,69.63,0.6558840872715018,0.0635685092450385,8,ein2,26.0
./data/AraCropData/Plant_9/IMG_2013-09-14_08-00.png,2,0.0279,0.0557999999999999,0.3911521443121589,0.99,1.0333333333333328,0.7154407512307334,9,ctr,0.5
./data/AraCropData/Plant_9/IMG_2013-09-14_19-40.png,2,0.027,0.054,0.4686149805543992,0.96,0.7741935483870982,0.7363107781851078,9,ctr,1.0
./data/AraCropData/Plant_9/IMG_2013-09-15_08-00.png,2,0.0332999999999999,0.0665999999999999,0.4920365840057017,1.17,0.9135802469135804,0.6113816077991971,9,ctr,1.5
./data/AraCropData/Plant_9/IMG_2013-09-15_19-40.png,2,0.0296999999999999,0.0594,0.5580322571321482,1.14,0.6947368421052629,0.5743631998252808,9,ctr,2.0
./data/AraCropData/Plant_9/IMG_2013-09-16_08-00.png,4,0.026325,0.0783,0.5762811813689563,1.53,0.8613861386138619,0.4203284288539977,9,ctr,2.5
./data/AraCropData/Plant_9/IMG_2013-09-16_19-40.png,4,0.027,0.0864,0.6242595614005444,1.56,0.7933884297520658,0.4461433354210357,9,ctr,3.0
./data/AraCropData/Plant_9/IMG_2013-09-17_08-00.png,4,0.02655,0.1026,0.6242595614005444,1.89,0.8769230769230772,0.3609388385076708,9,ctr,3.5
./data/AraCropData/Plant_9/IMG_2013-09-17_19-40.png,4,0.03195,0.1206,0.6661080993352355,1.83,0.8481012658227856,0.4525379366632973,9,ctr,4.0
./data/AraCropData/Plant_9/IMG_2013-09-18_08-00.png,4,0.029025,0.1143,0.6801470429252781,2.04,0.7815384615384614,0.3451403693822696,9,ctr,4.5
./data/AraCropData/Plant_9/IMG_2013-09-18_19-40.png,4,0.03105,0.1241999999999999,0.6841052550594827,2.25,0.7040816326530611,0.3082949590722783,9,ctr,5.0
./data/AraCropData/Plant_9/IMG_2013-09-19_08-00.png,4,0.0364499999999999,0.1457999999999999,0.6841052550594827,2.34,0.7058823529411762,0.3346075015657768,9,ctr,5.5
./data/AraCropData/Plant_9/IMG_2013-09-19_19-40.png,4,0.038925,0.1539,0.7080254232723567,2.55,0.693711967545639,0.2974185986235874,9,ctr,6.0
./data/AraCropData/Plant_9/IMG_2013-09-20_08-00.png,5,0.0336599999999999,0.1611,0.7080254232723567,2.55,0.6884615384615385,0.3113329190270301,9,ctr,6.5
./data/AraCropData/Plant_9/IMG_2013-09-20_19-40.png,5,0.03474,0.1737,0.6841052550594827,2.82,0.6465661641541037,0.2744804808251834,9,ctr,7.0
./data/AraCropData/Plant_9/IMG_2013-09-21_08-00.png,5,0.03564,0.1764,0.7029224708315989,2.73,0.6841186736474693,0.2974288902806904,9,ctr,7.5
./data/AraCropData/Plant_9/IMG_2013-09-21_19-40.png,5,0.0405,0.1701,0.7080254232723567,2.79,0.6048,0.2746033120723649,9,ctr,8.0
./data/AraCropData/Plant_9/IMG_2013-09-22_08-00.png,5,0.03816,0.1908,0.7156116265125938,2.91,0.6816720257234725,0.2831406706604469,9,ctr,8.5
./data/AraCropData/Plant_9/IMG_2013-09-22_19-40.png,5,0.03978,0.1971,0.7517978451685,2.97,0.6576576576576578,0.280791262579804,9,ctr,9.0
./data/AraCropData/Plant_9/IMG_2013-09-23_08-00.png,5,0.03888,0.1926,0.7262231062146123,2.94,0.6594761171032356,0.2800086746639799,9,ctr,9.5
./data/AraCropData/Plant_9/IMG_2013-09-23_19-40.png,5,0.04446,0.2223,0.7988116173416608,2.91,0.680440771349862,0.3298855927034452,9,ctr,10.0
./data/AraCropData/Plant_9/IMG_2013-09-24_08-00.png,6,0.036,0.2105999999999999,0.8049844718999243,3.3,0.6473029045643154,0.2430190680793426,9,ctr,10.5
./data/AraCropData/Plant_9/IMG_2013-09-24_19-40.png,6,0.04035,0.2385,0.872066511224918,3.51,0.6400966183574874,0.2432674565567376,9,ctr,11.0
./data/AraCropData/Plant_9/IMG_2013-09-25_08-00.png,6,0.03855,0.2276999999999999,0.876184911990614,3.42,0.6301369863013699,0.2446361777033603,9,ctr,11.5
./data/AraCropData/Plant_9/IMG_2013-09-25_19-40.png,6,0.042,0.2502,0.8909545442950498,3.6,0.6368843069873996,0.2426007660272118,9,ctr,12.0
./data/AraCropData/Plant_9/IMG_2013-09-26_08-00.png,5,0.05526,0.2763,0.9143850392476902,3.42,0.6769570011025358,0.2968510140511131,9,ctr,12.5
./data/AraCropData/Plant_9/IMG_2013-09-26_19-40.png,5,0.05886,0.2943,0.934344690143846,3.78,0.6805411030176902,0.2588311407719482,9,ctr,13.0
./data/AraCropData/Plant_9/IMG_2013-09-27_08-00.png,6,0.0521999999999999,0.3114,0.9567131231461184,4.05,0.6731517509727626,0.2385714256553236,9,ctr,13.5
./data/AraCropData/Plant_9/IMG_2013-09-27_19-40.png,6,0.05535,0.3321,0.9567131231461184,4.109999999999999,0.7096153846153849,0.2470558237891489,9,ctr,14.0
./data/AraCropData/Plant_9/IMG_2013-09-28_08-00.png,6,0.0557999999999999,0.333,0.9567131231461184,4.14,0.6496927129060583,0.2441481373300196,9,ctr,14.5
./data/AraCropData/Plant_9/IMG_2013-09-28_19-40.png,8,0.0486,0.369,0.9840731680114037,4.83,0.6554756195043965,0.198765940815835,9,ctr,15.0
./data/AraCropData/Plant_9/IMG_2013-09-29_08-00.png,7,0.0556714285714285,0.3752999999999999,0.9840731680114037,5.04,0.6577287066246054,0.1856638515514375,9,ctr,15.5
./data/AraCropData/Plant_9/IMG_2013-09-29_19-40.png,8,0.053775,0.414,1.0465658125507444,5.069999999999999,0.6340454858718126,0.2023924401318308,9,ctr,16.0
./data/AraCropData/Plant_9/IMG_2013-09-30_08-00.png,7,0.0635142857142857,0.4446,1.0870602559196063,5.46,0.6487196323046619,0.1874105507635983,9,ctr,16.5
./data/AraCropData/Plant_9/IMG_2013-09-30_19-40.png,8,0.0586125,0.4581,1.1482595525402783,5.819999999999999,0.6106778644271146,0.1699511808563296,9,ctr,17.0
./data/AraCropData/Plant_9/IMG_2013-10-01_08-00.png,9,0.052,0.4572,1.1734564329364767,6.21,0.5855907780979828,0.1489816862025825,9,ctr,17.5
./data/AraCropData/Plant_9/IMG_2013-10-01_19-40.png,8,0.0633374999999999,0.5067,1.2603570922560003,6.69,0.5813113061435212,0.1422684279974304,9,ctr,18.0
./data/AraCropData/Plant_9/IMG_2013-10-02_08-00.png,8,0.06525,0.5184,1.2731457104353767,6.93,0.5605839416058396,0.13564643604638,9,ctr,18.5
./data/AraCropData/Plant_9/IMG_2013-10-02_19-40.png,8,0.0763875,0.6074999999999999,1.3213629327327143,7.62,0.5897771952817824,0.1314759155045638,9,ctr,19.0
./data/AraCropData/Plant_9/IMG_2013-10-03_08-00.png,9,0.0712999999999999,0.6183,1.348332303254654,8.219999999999999,0.5635767022149304,0.1149914301782827,9,ctr,19.5
./data/AraCropData/Plant_9/IMG_2013-10-03_19-40.png,9,0.0778,0.6984,1.4515164484083534,8.879999999999999,0.5701689933872153,0.1112982057699817,9,ctr,20.0
./data/AraCropData/Plant_9/IMG_2013-10-04_08-00.png,11,0.0724090909090909,0.6993,1.4515164484083534,9.66,0.5386481802426345,0.0941714243987218,9,ctr,20.5
./data/AraCropData/Plant_9/IMG_2013-10-04_19-40.png,11,0.0790363636363636,0.7434,1.5358710883404243,9.75,0.5185185185185186,0.0982705053487401,9,ctr,21.0
./data/AraCropData/Plant_9/IMG_2013-10-05_08-00.png,12,0.071175,0.7893,1.5484185480676729,10.41,0.525464349910126,0.091527269795389,9,ctr,21.5
./data/AraCropData/Plant_9/IMG_2013-10-05_19-40.png,11,0.0815727272727272,0.8775,1.5809174551506475,11.07,0.5514705882352943,0.0899832650244944,9,ctr,22.0
./data/AraCropData/Plant_9/IMG_2013-10-06_08-00.png,11,0.0881181818181818,0.9009,1.622498073958795,11.7,0.5335820895522387,0.0827017553252697,9,ctr,22.5
./data/AraCropData/Plant_9/IMG_2013-10-06_19-40.png,10,0.10422,1.0098,1.6568041525780892,11.61,0.56997713995428,0.0941414299976029,9,ctr,23.0
./data/AraCropData/Plant_9/IMG_2013-10-07_08-00.png,12,0.0963749999999999,1.0269,1.681071087134628,12.9,0.5580826607972609,0.077545856522357,9,ctr,23.5
./data/AraCropData/Plant_9/IMG_2013-10-07_19-40.png,12,0.11715,1.3806,2.704163456597992,14.52,0.4676829268292684,0.0822895145585469,9,ctr,24.0
./data/AraCropData/Plant_9/IMG_2013-10-08_08-00.png,11,0.1063636363636363,1.0962,1.7317043627594173,13.32,0.5557837097878165,0.0776410163962415,9,ctr,24.5
./data/AraCropData/Plant_9/IMG_2013-10-08_19-40.png,13,0.0968538461538461,1.2015,1.776091213873882,13.98,0.601622352410996,0.0772537013491199,9,ctr,25.0
./data/AraCropData/Plant_9/IMG_2013-10-09_08-00.png,14,0.0949499999999999,1.1727,1.8049930747789589,14.07,0.5765486725663718,0.0744403822064366,9,ctr,25.5
./data/AraCropData/Plant_9/IMG_2013-10-09_19-40.png,12,0.113775,1.2915,1.821867174082677,14.22,0.6256812731632875,0.0802610952287089,9,ctr,26.0
./data/AraCropData/Plant_10/IMG_2013-09-14_08-00.png,4,0.0474749999999999,0.1827,0.6768308503607087,2.19,0.888402625820569,0.4786964223522071,10,adh1,0.5
./data/AraCropData/Plant_10/IMG_2013-09-14_19-40.png,4,0.0537749999999999,0.2150999999999999,0.7354590403278757,2.61,0.8490230905861453,0.3967978037827774,10,adh1,1.0
./data/AraCropData/Plant_10/IMG_2013-09-15_08-00.png,4,0.052875,0.2115,0.7354590403278757,2.73,0.797962648556876,0.3566111694691952,10,adh1,1.5
./data/AraCropData/Plant_10/IMG_2013-09-15_19-40.png,4,0.0591749999999999,0.2367,0.7891767862779543,3.12,0.7356643356643359,0.305561711499303,10,adh1,2.0
./data/AraCropData/Plant_10/IMG_2013-09-16_08-00.png,5,0.05436,0.2718,0.7823042886243179,3.45,0.7411042944785274,0.2869598431407539,10,adh1,2.5
./data/AraCropData/Plant_10/IMG_2013-09-16_19-40.png,5,0.063,0.315,0.8532877591996735,3.48,0.6944444444444443,0.3268601155637418,10,adh1,3.0
./data/AraCropData/Plant_10/IMG_2013-09-17_08-00.png,5,0.06336,0.3167999999999999,0.9079647570252932,3.69,0.668566001899335,0.2923763934334343,10,adh1,3.5
./data/AraCropData/Plant_10/IMG_2013-09-17_19-40.png,5,0.0792,0.3906,1.2059850745345069,4.41,0.5744540039708804,0.2523858043700255,10,adh1,4.0
./data/AraCropData/Plant_10/IMG_2013-09-18_08-00.png,5,0.0800999999999999,0.4004999999999999,1.2093386622447824,4.29,0.594919786096257,0.2734625127580728,10,adh1,4.5
./data/AraCropData/Plant_10/IMG_2013-09-18_19-40.png,6,0.0760499999999999,0.4491,1.149826073804208,4.74,0.6596166556510242,0.2511864659736111,10,adh1,5.0
./data/AraCropData/Plant_10/IMG_2013-09-19_08-00.png,5,0.10134,0.5067,1.2531959144523253,4.56,0.6857490864799027,0.3062182589977586,10,adh1,5.5
./data/AraCropData/Plant_10/IMG_2013-09-19_19-40.png,6,0.0945,0.5652,1.328495389529072,5.46,0.7028539451594857,0.2382466110921857,10,adh1,6.0
./data/AraCropData/Plant_10/IMG_2013-09-20_08-00.png,6,0.0882,0.5184,1.149826073804208,5.25,0.7337579617834397,0.2363503501672125,10,adh1,6.5
./data/AraCropData/Plant_10/IMG_2013-09-20_19-40.png,8,0.0909,0.6678,1.629969324864735,6.72,0.6435385949696442,0.1858308154467177,10,adh1,7.0
./data/AraCropData/Plant_10/IMG_2013-09-21_08-00.png,6,0.1019999999999999,0.612,1.3916896205691842,5.64,0.6535319557904855,0.2417703717113014,10,adh1,7.5
./data/AraCropData/Plant_10/IMG_2013-09-21_19-40.png,6,0.13365,0.7947,1.7656726763474593,6.989999999999999,0.6966469428007889,0.2043895679139264,10,adh1,8.0
./data/AraCropData/Plant_10/IMG_2013-09-22_08-00.png,5,0.15336,0.7667999999999999,1.5831929762350514,6.48,0.6569005397070161,0.2294784757251803,10,adh1,8.5
./data/AraCropData/Plant_10/IMG_2013-09-22_19-40.png,7,0.1370571428571428,0.954,1.88904737897174,8.04,0.6507059545733578,0.1854582430833805,10,adh1,9.0
./data/AraCropData/Plant_10/IMG_2013-09-23_08-00.png,9,0.1156999999999999,1.0305,1.8124568960391856,8.64,0.622282608695652,0.1734723952720058,10,adh1,9.5
./data/AraCropData/Plant_10/IMG_2013-09-23_19-40.png,9,0.1273999999999999,1.1412,2.02405533521196,9.0,0.6448004068141368,0.1770461993223047,10,adh1,10.0
./data/AraCropData/Plant_10/IMG_2013-09-24_08-00.png,9,0.1462,1.3068,2.01246117974981,9.84,0.6480696273153312,0.1696011500971289,10,adh1,10.5
./data/AraCropData/Plant_10/IMG_2013-09-24_19-40.png,8,0.1701,1.341,2.0402205763103165,10.83,0.6085358382683274,0.1436751729605755,10,adh1,11.0
./data/AraCropData/Plant_10/IMG_2013-09-25_08-00.png,7,0.2213999999999999,1.5462,2.01357890334598,11.07,0.6260932944606414,0.1585551274995707,10,adh1,11.5
./data/AraCropData/Plant_10/IMG_2013-09-25_19-40.png,9,0.2012999999999999,1.8099,2.571089263327899,12.15,0.5493034689975417,0.1540678025025227,10,adh1,12.0
./data/AraCropData/Plant_10/IMG_2013-09-26_08-00.png,10,0.1924199999999999,1.8954,2.5180349481291957,12.45,0.5675784934644925,0.1536639658228504,10,adh1,12.5
./data/AraCropData/Plant_10/IMG_2013-09-26_19-40.png,8,0.2635875,2.1087,2.770739973364516,13.08,0.5552132701421799,0.1548849336621682,10,adh1,13.0
./data/AraCropData/Plant_10/IMG_2013-09-27_08-00.png,9,0.2550999999999999,2.2815,2.9358644382873,14.49,0.5328428796636889,0.13655058535722,10,adh1,13.5
./data/AraCropData/Plant_10/IMG_2013-09-27_19-40.png,9,0.2899,2.5875,3.170646621747684,16.23,0.547984370532736,0.1234392239888568,10,adh1,14.0
./data/AraCropData/Plant_10/IMG_2013-09-28_08-00.png,8,0.3529124999999999,2.7837,3.258005524857194,16.56,0.5484528770281054,0.1275591535070525,10,adh1,14.5
./data/AraCropData/Plant_10/IMG_2013-09-28_19-40.png,10,0.3276,3.2202,3.3549068541466243,20.04,0.5406058774646822,0.1007621151219502,10,adh1,15.0
./data/AraCropData/Plant_10/IMG_2013-09-29_08-00.png,9,0.4019999999999999,3.5658,3.4719735022030336,20.43,0.5567734682405846,0.107356936814633,10,adh1,15.5
./data/AraCropData/Plant_10/IMG_2013-09-29_19-40.png,11,0.3627818181818182,3.96,4.159627387158615,23.4,0.4944653593302243,0.0908810498079887,10,adh1,16.0
./data/AraCropData/Plant_10/IMG_2013-09-30_08-00.png,11,0.4002545454545455,4.3614,4.329260906898544,24.54,0.5215519560888985,0.0910094870265967,10,adh1,16.5
./data/AraCropData/Plant_10/IMG_2013-09-30_19-40.png,13,0.356676923076923,4.6224,4.696221885728996,25.11,0.4843455299886834,0.092126370814793,10,adh1,17.0
./data/AraCropData/Plant_10/IMG_2013-10-01_08-00.png,12,0.4437,5.211,4.790991546642511,28.02,0.5022335950036866,0.0834054971332112,10,adh1,17.5
./data/AraCropData/Plant_10/IMG_2013-10-01_19-40.png,12,0.46815,5.5728,5.018615346886031,27.6,0.4719871941458954,0.0919316716022117,10,adh1,18.0
./data/AraCropData/Plant_10/IMG_2013-10-02_08-00.png,12,0.52305,6.246,5.098323253776676,31.47,0.5114787927921288,0.0792534831062973,10,adh1,18.5
./data/AraCropData/Plant_10/IMG_2013-10-02_19-40.png,13,0.5221384615384616,6.7104,5.187918657804881,32.85,0.5134102255121364,0.0781425402311561,10,adh1,19.0
./data/AraCropData/Plant_10/IMG_2013-10-03_08-00.png,13,0.5821615384615385,7.0947,5.219827583359435,34.95,0.5297003090982395,0.0729876767322981,10,adh1,19.5
./data/AraCropData/Plant_10/IMG_2013-10-03_19-40.png,13,0.6012692307692308,7.7679,5.32024435529046,36.66,0.5446628593064715,0.0726320946133046,10,adh1,20.0
./data/AraCropData/Plant_10/IMG_2013-10-04_08-00.png,12,0.725175,8.6877,5.466424791397024,38.91,0.5488245160189898,0.0721094558050807,10,adh1,20.5
./data/AraCropData/Plant_10/IMG_2013-10-04_19-40.png,13,0.7274769230769231,9.423,5.434059256209855,40.32,0.5162976478130085,0.0728379993159304,10,adh1,21.0
./data/AraCropData/Plant_10/IMG_2013-10-05_08-00.png,13,0.7715076923076923,10.0116,5.517553805809237,41.94,0.5310925974553007,0.0715247751816571,10,adh1,21.5
./data/AraCropData/Plant_10/IMG_2013-10-05_19-40.png,13,0.8209384615384615,10.6578,5.600446410778341,44.13,0.5565111142440904,0.0687716707536465,10,adh1,22.0
./data/AraCropData/Plant_10/IMG_2013-10-06_08-00.png,13,0.8709923076923076,11.2941,5.685850859809814,45.78,0.577031842740545,0.0677189032907941,10,adh1,22.5
./data/AraCropData/Plant_10/IMG_2013-10-06_19-40.png,15,0.7982999999999999,11.9349,5.84946151367799,46.71,0.5832985110734786,0.068739902838783,10,adh1,23.0
./data/AraCropData/Plant_10/IMG_2013-10-07_08-00.png,16,0.80775,11.9988,5.883442869612996,48.09,0.5814217182730049,0.0651985780835281,10,adh1,23.5
./data/AraCropData/Plant_10/IMG_2013-10-07_19-40.png,15,0.8560800000000001,12.7818,6.0168513360394735,49.23,0.5931339792849983,0.0662738514866156,10,adh1,24.0
./data/AraCropData/Plant_10/IMG_2013-10-08_08-00.png,15,0.91848,13.7214,5.994672634931786,50.22,0.6123875321336761,0.0683683143225435,10,adh1,24.5
./data/AraCropData/Plant_10/IMG_2013-10-08_19-40.png,13,1.0683692307692307,13.8816,6.172859953052556,48.66,0.5962925018846771,0.0736724615588813,10,adh1,25.0
./data/AraCropData/Plant_10/IMG_2013-10-09_08-00.png,14,1.0753714285714284,15.0264,6.246414971805828,51.21,0.6182787735150349,0.0720037736263412,10,adh1,25.5
./data/AraCropData/Plant_10/IMG_2013-10-09_19-40.png,14,1.1385,15.9102,6.368060929356754,52.83,0.602234789125843,0.0716348377637123,10,adh1,26.0
./data/AraCropData/Plant_11/IMG_2013-09-14_08-00.png,5,0.07236,0.3564,1.0012991560967182,4.02,0.7615384615384618,0.2771376009849762,11,ein2,0.5
./data/AraCropData/Plant_11/IMG_2013-09-14_19-40.png,5,0.08532,0.4266,1.0606601717798212,4.38,0.7053571428571429,0.2794360889100322,11,ein2,1.0
./data/AraCropData/Plant_11/IMG_2013-09-15_08-00.png,5,0.09162,0.4581,1.0478549517943787,4.5,0.7099023709902379,0.2842792285648364,11,ein2,1.5
./data/AraCropData/Plant_11/IMG_2013-09-15_19-40.png,5,0.1013399999999999,0.5049,1.1063453348751464,4.83,0.6837294332723953,0.2719699824333743,11,ein2,2.0
./data/AraCropData/Plant_11/IMG_2013-09-16_08-00.png,5,0.1119599999999999,0.5579999999999999,1.201499063670047,5.19,0.6761177753544165,0.2603210859334654,11,ein2,2.5
./data/AraCropData/Plant_11/IMG_2013-09-16_19-40.png,6,0.11535,0.6813,1.395886814895821,6.09,0.6509028374892519,0.2308413830733552,11,ein2,3.0
./data/AraCropData/Plant_11/IMG_2013-09-17_08-00.png,6,0.1278,0.7667999999999999,1.47763324272297,6.39,0.6846122940940135,0.2359881805513459,11,ein2,3.5
./data/AraCropData/Plant_11/IMG_2013-09-17_19-40.png,6,0.147,0.8802,1.6335544068074377,7.29,0.6568166554734722,0.2081307128121267,11,ein2,4.0
./data/AraCropData/Plant_11/IMG_2013-09-18_08-00.png,6,0.1542,0.9252,1.706575518399347,7.319999999999999,0.6596085980109079,0.2169818091837078,11,ein2,4.5
./data/AraCropData/Plant_11/IMG_2013-09-18_19-40.png,6,0.18585,1.1115,1.988617610301186,8.43,0.6397306397306397,0.1965459873701394,11,ein2,5.0
./data/AraCropData/Plant_11/IMG_2013-09-19_08-00.png,7,0.1746,1.2168,2.032264746532794,8.969999999999999,0.6622581435219205,0.1900396312190423,11,ein2,5.5
./data/AraCropData/Plant_11/IMG_2013-09-19_19-40.png,7,0.1888714285714285,1.3167,2.185062928155617,9.78,0.6270895842263178,0.1729891999022119,11,ein2,6.0
./data/AraCropData/Plant_11/IMG_2013-09-20_08-00.png,8,0.1809,1.4238,2.1136697944570244,10.44,0.6168843829206473,0.1641564135942348,11,ein2,6.5
./data/AraCropData/Plant_11/IMG_2013-09-20_19-40.png,7,0.2322,1.6164,2.5251732613822755,11.55,0.5897225414546051,0.1522631244620615,11,ein2,7.0
./data/AraCropData/Plant_11/IMG_2013-09-21_08-00.png,8,0.2267999999999999,1.7928,2.663080922540657,11.97,0.578481196457093,0.1572365139905118,11,ein2,7.5
./data/AraCropData/Plant_11/IMG_2013-09-21_19-40.png,7,0.3003428571428571,2.088,2.7528167392690706,13.59,0.5674452733276264,0.1420696939476986,11,ein2,8.0
./data/AraCropData/Plant_11/IMG_2013-09-22_08-00.png,9,0.2598999999999999,2.2887,2.736421020237931,15.3,0.5792710706150342,0.1228615166178984,11,ein2,8.5
./data/AraCropData/Plant_11/IMG_2013-09-22_19-40.png,9,0.286,2.5524,2.791128803907122,16.62,0.603147596767333,0.1161172016523172,11,ein2,9.0
./data/AraCropData/Plant_11/IMG_2013-09-23_08-00.png,9,0.2992,2.6802,2.77982013806649,16.8,0.6047928513403735,0.1193324352345714,11,ein2,9.5
./data/AraCropData/Plant_11/IMG_2013-09-23_19-40.png,9,0.3545,3.1905,3.0624989795916666,18.48,0.5979590115543562,0.1173990761192424,11,ein2,10.0
./data/AraCropData/Plant_11/IMG_2013-09-24_08-00.png,10,0.35433,3.5055,3.412359887233467,19.74,0.5596264367816092,0.113048691214348,11,ein2,10.5
./data/AraCropData/Plant_11/IMG_2013-09-24_19-40.png,10,0.4053599999999999,4.0464,3.420526275297414,22.35,0.6297359759086771,0.1017943377003898,11,ein2,11.0
./data/AraCropData/Plant_11/IMG_2013-09-25_08-00.png,10,0.4536899999999999,4.5261,3.612478373637688,23.46,0.5926231440018854,0.1033422691825868,11,ein2,11.5
./data/AraCropData/Plant_11/IMG_2013-09-25_19-40.png,9,0.5412,4.8672,3.90103832331855,23.34,0.5766995467875232,0.1122761088719583,11,ein2,12.0
./data/AraCropData/Plant_11/IMG_2013-09-26_08-00.png,11,0.5493272727272728,5.94,4.257252635209708,27.84,0.5561172901921131,0.0963069983357453,11,ein2,12.5
./data/AraCropData/Plant_11/IMG_2013-09-26_19-40.png,10,0.62496,6.2352,4.479151705401369,27.75,0.5446754982507174,0.1017499671191004,11,ein2,13.0
./data/AraCropData/Plant_11/IMG_2013-09-27_08-00.png,13,0.5675538461538461,7.324199999999999,4.835959056898642,32.879999999999995,0.509979633401222,0.0851346669205663,11,ein2,13.5
./data/AraCropData/Plant_11/IMG_2013-09-27_19-40.png,11,0.7324363636363636,8.017199999999999,5.095586325438908,33.45,0.5191444722885947,0.0900410057975921,11,ein2,14.0
./data/AraCropData/Plant_11/IMG_2013-09-28_08-00.png,12,0.759,9.036,5.537011829497929,37.62,0.5213959285417532,0.0802321635952614,11,ein2,14.5
./data/AraCropData/Plant_11/IMG_2013-09-28_19-40.png,13,0.7808538461538461,10.1061,5.633134118765502,39.42,0.5440802383894178,0.0817259947484177,11,ein2,15.0
./data/AraCropData/Plant_11/IMG_2013-09-29_08-00.png,13,0.8525769230769231,11.0187,6.051528732477439,42.33,0.5421334632245494,0.077275831352223,11,ein2,15.5
./data/AraCropData/Plant_11/IMG_2013-09-29_19-40.png,13,0.9188307692307692,11.8998,6.284051241038698,45.18,0.5517097494314744,0.0732583399306964,11,ein2,16.0
./data/AraCropData/Plant_11/IMG_2013-09-30_08-00.png,12,1.0312500000000002,12.3426,6.338596059065446,46.44,0.5512833396981087,0.0719170884016893,11,ein2,16.5
./data/AraCropData/Plant_11/IMG_2013-09-30_19-40.png,15,0.8907600000000001,13.2768,6.76571503981656,49.11,0.5449273220914985,0.06917726837762,11,ein2,17.0
./data/AraCropData/Plant_11/IMG_2013-10-01_08-00.png,15,0.9954,14.841,6.992832044315092,52.32,0.5533000033553669,0.068129869720688,11,ein2,17.5
./data/AraCropData/Plant_11/IMG_2013-10-01_19-40.png,16,1.005975,16.0182,7.197311998239343,54.75,0.5717589989880656,0.0671514398031494,11,ein2,18.0
./data/AraCropData/Plant_11/IMG_2013-10-02_08-00.png,16,1.08140625,17.2017,7.2557838997588675,57.72,0.5689916942038046,0.0648826513414768,11,ein2,18.5
./data/AraCropData/Plant_11/IMG_2013-10-02_19-40.png,16,1.20436875,19.1655,7.494477967143542,61.47,0.5752995366805796,0.0637387572632482,11,ein2,19.0
./data/AraCropData/Plant_11/IMG_2013-10-03_08-00.png,16,1.2819375,20.4498,7.576173176479006,64.53,0.585422410017262,0.0617128493530344,11,ein2,19.5
./data/AraCropData/Plant_11/IMG_2013-10-03_19-40.png,16,1.39820625,22.3209,7.96357331855493,66.81,0.5927085449352946,0.062840353913995,11,ein2,20.0
./data/AraCropData/Plant_11/IMG_2013-10-04_08-00.png,17,1.4275588235294117,24.2217,8.080699227170877,71.16,0.5794720523641376,0.0601094294922366,11,ein2,20.5
./data/AraCropData/Plant_11/IMG_2013-10-04_19-40.png,18,1.40945,25.0569,8.176417308332544,76.44,0.5729602914089914,0.0538884692205376,11,ein2,21.0
./data/AraCropData/Plant_11/IMG_2013-10-05_08-00.png,17,1.5482117647058822,26.001,8.220054744343251,75.78,0.5804235142845661,0.0568971762629596,11,ein2,21.5
./data/AraCropData/Plant_11/IMG_2013-10-05_19-40.png,17,1.5800823529411765,26.712,8.2697762968535,75.24,0.585652692956579,0.059295085047494,11,ein2,22.0
./data/AraCropData/Plant_11/IMG_2013-10-06_08-00.png,18,1.50405,26.9217,8.214797623800601,77.39999999999999,0.5904192325911889,0.0564716429582546,11,ein2,22.5
./data/AraCropData/Plant_11/IMG_2013-10-06_19-40.png,17,1.6159235294117646,27.4023,8.284183725630426,77.03999999999999,0.5974861897426337,0.0580182109086725,11,ein2,23.0
./data/AraCropData/Plant_11/IMG_2013-10-07_08-00.png,16,1.7289,27.5922,8.28966826839289,76.41,0.6026794051445364,0.0593876026338944,11,ein2,23.5
./data/AraCropData/Plant_11/IMG_2013-10-07_19-40.png,18,1.5601499999999997,27.9981,8.305666740244277,77.85,0.6097412779302235,0.05805253521365,11,ein2,24.0
./data/AraCropData/Plant_11/IMG_2013-10-08_08-00.png,18,1.58635,28.4031,8.302252706344223,77.42999999999999,0.6121423722238385,0.0595329068094642,11,ein2,24.5
./data/AraCropData/Plant_11/IMG_2013-10-08_19-40.png,19,1.507878947368421,28.4391,8.328769416906677,77.39999999999999,0.6079302781946206,0.0596545798093767,11,ein2,25.0
./data/AraCropData/Plant_11/IMG_2013-10-09_08-00.png,19,1.5078315789473684,28.4886,8.312815407549959,75.72,0.6089474139838209,0.0624395494892338,11,ein2,25.5
./data/AraCropData/Plant_11/IMG_2013-10-09_19-40.png,19,1.4505631578947369,27.3267,8.309187685929354,75.86999999999999,0.6046840459641926,0.0596563784127509,11,ein2,26.0
./data/AraCropData/Plant_12/IMG_2013-09-14_08-00.png,1,0.0576,0.0576,0.3624913792078371,0.99,1.0940170940170943,0.7385194851414022,12,ctr,0.5
./data/AraCropData/Plant_12/IMG_2013-09-14_19-40.png,2,0.02565,0.0513,0.3649657518178931,0.96,1.0000000000000004,0.6994952392758523,12,ctr,1.0
./data/AraCropData/Plant_12/IMG_2013-09-15_08-00.png,3,0.0168,0.0486,0.3354101966249684,0.8999999999999999,1.0000000000000009,0.7539822368615505,12,ctr,1.5
./data/AraCropData/Plant_12/IMG_2013-09-15_19-40.png,2,0.0229499999999999,0.0458999999999999,0.4080441152620633,0.99,0.8869565217391292,0.5885077147220549,12,ctr,2.0
./data/AraCropData/Plant_12/IMG_2013-09-16_08-00.png,2,0.0432,0.0864,0.4589117562233506,1.14,1.054945054945056,0.8354373815640448,12,ctr,2.5
./data/AraCropData/Plant_12/IMG_2013-09-16_19-40.png,3,0.0297,0.0891,0.4883646178829912,1.44,0.9082568807339452,0.5399612373357457,12,ctr,3.0
./data/AraCropData/Plant_12/IMG_2013-09-17_08-00.png,3,0.0309,0.0926999999999999,0.5474486277268398,1.65,0.8142292490118578,0.4278797267038,12,ctr,3.5
./data/AraCropData/Plant_12/IMG_2013-09-17_19-40.png,4,0.038925,0.0801,0.517880295048962,1.53,0.726530612244898,0.4299911513563885,12,ctr,4.0
./data/AraCropData/Plant_12/IMG_2013-09-18_08-00.png,5,0.0250199999999999,0.1071,0.5770615218501403,2.01,0.7727272727272722,0.3331249951233552,12,ctr,4.5
./data/AraCropData/Plant_12/IMG_2013-09-18_19-40.png,4,0.03285,0.1278,0.5770615218501403,2.19,0.8231884057971016,0.3348516846010513,12,ctr,5.0
./data/AraCropData/Plant_12/IMG_2013-09-19_08-00.png,4,0.033075,0.1305,0.5604462507680822,2.19,0.7754010695187165,0.3419260159658623,12,ctr,5.5
./data/AraCropData/Plant_12/IMG_2013-09-19_19-40.png,5,0.0297,0.1467,0.5824946351684279,2.46,0.7494252873563215,0.3046279610560001,12,ctr,6.0
./data/AraCropData/Plant_12/IMG_2013-09-20_08-00.png,4,0.0369,0.1476,0.5731491952362839,2.37,0.7256637168141591,0.3302170775124025,12,ctr,6.5
./data/AraCropData/Plant_12/IMG_2013-09-20_19-40.png,5,0.03294,0.1575,0.5824946351684279,2.52,0.7430997876857752,0.3116659378561302,12,ctr,7.0
./data/AraCropData/Plant_12/IMG_2013-09-21_08-00.png,4,0.0414,0.1656,0.6029925372672533,2.43,0.7540983606557379,0.3524176486880183,12,ctr,7.5
./data/AraCropData/Plant_12/IMG_2013-09-21_19-40.png,5,0.03294,0.1539,0.6328506932918696,2.52,0.6881287726358152,0.3045421449908473,12,ctr,8.0
./data/AraCropData/Plant_12/IMG_2013-09-22_08-00.png,4,0.047025,0.1845,0.6708203932499369,2.52,0.7750472589792061,0.3650943843457526,12,ctr,8.5
./data/AraCropData/Plant_12/IMG_2013-09-22_19-40.png,4,0.0456749999999999,0.1827,0.6768308503607087,2.34,0.7852998065764023,0.4192921161595845,12,ctr,9.0
./data/AraCropData/Plant_12/IMG_2013-09-23_08-00.png,5,0.03816,0.1908,0.7299315036357863,2.58,0.7709090909090909,0.3602042415148924,12,ctr,9.5
./data/AraCropData/Plant_12/IMG_2013-09-23_19-40.png,5,0.0381599999999999,0.189,0.7256031973468694,2.7,0.7058823529411764,0.3257947937056082,12,ctr,10.0
./data/AraCropData/Plant_12/IMG_2013-09-24_08-00.png,5,0.03852,0.1908,0.7354590403278757,2.73,0.7598566308243728,0.321708799691359,12,ctr,10.5
./data/AraCropData/Plant_12/IMG_2013-09-24_19-40.png,6,0.04155,0.2241,0.7523961722390672,3.45,0.8032258064516131,0.2365993408677076,12,ctr,11.0
./data/AraCropData/Plant_12/IMG_2013-09-25_08-00.png,7,0.0387,0.2115,0.7788452991448301,3.45,0.6782106782106778,0.2232965666823747,12,ctr,11.5
./data/AraCropData/Plant_12/IMG_2013-09-25_19-40.png,5,0.0494999999999999,0.2475,0.7788452991448301,3.36,0.7649513212795555,0.2754904272121152,12,ctr,12.0
./data/AraCropData/Plant_12/IMG_2013-09-26_08-00.png,7,0.0398571428571428,0.2376,0.8490583018850943,3.99,0.6182669789227165,0.1875471672898876,12,ctr,12.5
./data/AraCropData/Plant_12/IMG_2013-09-26_19-40.png,7,0.0439714285714285,0.288,0.8595929269136641,4.109999999999999,0.7289293849658314,0.2142489528794787,12,ctr,13.0
./data/AraCropData/Plant_12/IMG_2013-09-27_08-00.png,7,0.0440999999999999,0.3051,0.8858893836140039,3.9,0.7524972253052163,0.2520709845128852,12,ctr,13.5
./data/AraCropData/Plant_12/IMG_2013-09-27_19-40.png,8,0.045225,0.2826,0.900499861188218,4.47,0.6382113821138212,0.177732551367451,12,ctr,14.0
./data/AraCropData/Plant_12/IMG_2013-09-28_08-00.png,9,0.0461,0.2691,0.9674709297958258,3.84,0.5496323529411763,0.2293301277889033,12,ctr,14.5
./data/AraCropData/Plant_12/IMG_2013-09-28_19-40.png,8,0.046125,0.3581999999999999,1.0084641788382966,5.069999999999999,0.7031802120141343,0.175113459070584,12,ctr,15.0
./data/AraCropData/Plant_12/IMG_2013-09-29_08-00.png,8,0.0498374999999999,0.3825,1.049571341072154,5.22,0.6630265210608424,0.1764006972883686,12,ctr,15.5
./data/AraCropData/Plant_12/IMG_2013-09-29_19-40.png,9,0.0474,0.3762,1.074150827398089,5.52,0.6151582045621782,0.1551495426749213,12,ctr,16.0
./data/AraCropData/Plant_12/IMG_2013-09-30_08-00.png,9,0.05,0.4374,1.134063490286148,6.18,0.6567567567567568,0.143916865835106,12,ctr,16.5
./data/AraCropData/Plant_12/IMG_2013-09-30_19-40.png,7,0.0672428571428571,0.4689,1.2182364302548172,5.67,0.6472049689440993,0.1832837571759225,12,ctr,17.0
./data/AraCropData/Plant_12/IMG_2013-10-01_08-00.png,9,0.0557,0.4959,1.233288287465668,6.18,0.6286366229321165,0.1631650063274555,12,ctr,17.5
./data/AraCropData/Plant_12/IMG_2013-10-01_19-40.png,8,0.0642375,0.5049,1.3024976007655449,6.48,0.6121112929623568,0.1511002639458054,12,ctr,18.0
./data/AraCropData/Plant_12/IMG_2013-10-02_08-00.png,9,0.06,0.4896,1.332216198670471,6.63,0.5514445007602635,0.1399665366026778,12,ctr,18.5
./data/AraCropData/Plant_12/IMG_2013-10-02_19-40.png,9,0.0645,0.5660999999999999,1.3920129309744218,7.109999999999999,0.5922787193973631,0.1407225892651092,12,ctr,19.0
./data/AraCropData/Plant_12/IMG_2013-10-03_08-00.png,10,0.0604799999999999,0.5976,1.4160508465447137,7.47,0.5870910698496903,0.1345796049730567,12,ctr,19.5
./data/AraCropData/Plant_12/IMG_2013-10-03_19-40.png,10,0.06273,0.6183,1.4524462124292246,7.83,0.5937770095073462,0.1267317950714867,12,ctr,20.0
./data/AraCropData/Plant_12/IMG_2013-10-04_08-00.png,11,0.0647181818181818,0.6668999999999999,1.4712239802287077,8.85,0.5923261390887291,0.1070000646393582,12,ctr,20.5
./data/AraCropData/Plant_12/IMG_2013-10-04_19-40.png,12,0.059175,0.6849,1.4855302083767936,9.3,0.6159449615540266,0.0995110097557474,12,ctr,21.0
./data/AraCropData/Plant_12/IMG_2013-10-05_08-00.png,11,0.0663545454545454,0.7119,1.5498709623707387,9.24,0.5967559411542815,0.1047815731569204,12,ctr,21.5
./data/AraCropData/Plant_12/IMG_2013-10-05_19-40.png,9,0.0814,0.7326,1.614434885648845,9.54,0.5875135330205702,0.1011532937788098,12,ctr,22.0
./data/AraCropData/Plant_12/IMG_2013-10-06_08-00.png,12,0.068925,0.8090999999999999,1.597904878270293,10.38,0.6333215921098976,0.0943663936508812,12,ctr,22.5
./data/AraCropData/Plant_12/IMG_2013-10-06_19-40.png,11,0.0799363636363636,0.8577,1.6172198366332264,10.83,0.634487350199734,0.0918942549204218,12,ctr,23.0
./data/AraCropData/Plant_12/IMG_2013-10-07_08-00.png,13,0.0744923076923076,0.7956,1.6346559270990333,10.86,0.546353522867738,0.0847705474733182,12,ctr,23.5
./data/AraCropData/Plant_12/IMG_2013-10-07_19-40.png,13,0.0742846153846153,0.8613,1.677050983124842,11.4,0.5662721893491124,0.0832826639746657,12,ctr,24.0
./data/AraCropData/Plant_12/IMG_2013-10-08_08-00.png,12,0.0785999999999999,0.918,1.6568041525780892,11.88,0.5744860602647142,0.0817371826002854,12,ctr,24.5
./data/AraCropData/Plant_12/IMG_2013-10-08_19-40.png,12,0.085275,0.9495,1.6909464805250345,12.57,0.5584965590259398,0.0755151827464466,12,ctr,25.0
./data/AraCropData/Plant_12/IMG_2013-10-09_08-00.png,13,0.0714461538461538,0.8982,1.6783920876839238,11.64,0.5620951844550831,0.0833061289266291,12,ctr,25.5
./data/AraCropData/Plant_12/IMG_2013-10-09_19-40.png,12,0.08595,0.9378,1.708156901458411,12.18,0.5557333333333332,0.0794374904763659,12,ctr,26.0
./data/AraCropData/Plant_13/IMG_2013-09-14_08-00.png,5,0.036,0.1602,0.7648529270389177,2.28,0.7964205816554817,0.3872600362458333,13,pgm,0.5
./data/AraCropData/Plant_13/IMG_2013-09-14_19-40.png,4,0.0530999999999999,0.2124,0.848528137423857,2.91,0.7398119122257057,0.3151943314899315,13,pgm,1.0
./data/AraCropData/Plant_13/IMG_2013-09-15_08-00.png,5,0.04194,0.2061,0.8237718130647589,2.79,0.7595356550580433,0.3327204151564632,13,pgm,1.5
./data/AraCropData/Plant_13/IMG_2013-09-15_19-40.png,4,0.065925,0.2637,0.934344690143846,3.33,0.7172582619339044,0.2988350450456324,13,pgm,2.0
./data/AraCropData/Plant_13/IMG_2013-09-16_08-00.png,4,0.063675,0.2547,0.8828363381737296,3.24,0.7173637515842841,0.3048939372311082,13,pgm,2.5
./data/AraCropData/Plant_13/IMG_2013-09-16_19-40.png,5,0.06732,0.3348,1.0270345661174214,3.9,0.634271099744246,0.2766088679610421,13,pgm,3.0
./data/AraCropData/Plant_13/IMG_2013-09-17_08-00.png,5,0.0676799999999999,0.3348,1.0012991560967182,4.02,0.6745240253853129,0.2603413827434625,13,pgm,3.5
./data/AraCropData/Plant_13/IMG_2013-09-17_19-40.png,5,0.0828,0.4122,1.100227249253535,4.83,0.5971316818774445,0.2220360997406157,13,pgm,4.0
./data/AraCropData/Plant_13/IMG_2013-09-18_08-00.png,6,0.0708,0.4122,1.1200892821556685,4.8,0.6122994652406417,0.2248202242725195,13,pgm,4.5
./data/AraCropData/Plant_13/IMG_2013-09-18_19-40.png,6,0.08625,0.5103,1.3024976007655449,5.64,0.5470332850940665,0.2015938246475116,13,pgm,5.0
./data/AraCropData/Plant_13/IMG_2013-09-19_08-00.png,6,0.0833999999999999,0.4788,1.17957619508025,5.34,0.5683760683760685,0.2109995318406476,13,pgm,5.5
./data/AraCropData/Plant_13/IMG_2013-09-19_19-40.png,7,0.0831857142857143,0.5787,1.494590244849738,6.3,0.5148118494795839,0.1832239524950782,13,pgm,6.0
./data/AraCropData/Plant_13/IMG_2013-09-20_08-00.png,6,0.0939,0.5634,1.3230646242719966,5.79,0.5654923215898826,0.2111881662484588,13,pgm,6.5
./data/AraCropData/Plant_13/IMG_2013-09-20_19-40.png,6,0.0974999999999999,0.585,1.360624856453828,5.79,0.59333637608398,0.2192848371589428,13,pgm,7.0
./data/AraCropData/Plant_13/IMG_2013-09-21_08-00.png,6,0.09315,0.5589,1.3179529581893277,5.609999999999999,0.6058536585365851,0.2231609754787682,13,pgm,7.5
./data/AraCropData/Plant_13/IMG_2013-09-21_19-40.png,7,0.1050428571428571,0.6759,1.578923684032892,7.02,0.5932069510268563,0.1723526979944433,13,pgm,8.0
./data/AraCropData/Plant_13/IMG_2013-09-22_08-00.png,7,0.1070999999999999,0.7479,1.5831929762350514,7.5,0.586864406779661,0.1670824636885195,13,pgm,8.5
./data/AraCropData/Plant_13/IMG_2013-09-22_19-40.png,7,0.1500428571428571,0.7172999999999999,1.7904747973652129,6.93,0.4788224692099729,0.1876913359877862,13,pgm,9.0
./data/AraCropData/Plant_13/IMG_2013-09-23_08-00.png,7,0.1249714285714285,0.8658,1.6673631877908304,8.25,0.6006868560724322,0.1598525425588565,13,pgm,9.5
./data/AraCropData/Plant_13/IMG_2013-09-23_19-40.png,7,0.1627714285714285,1.1376,2.189794510907359,9.69,0.5085495876081273,0.1522481041373922,13,pgm,10.0
./data/AraCropData/Plant_13/IMG_2013-09-24_08-00.png,8,0.1383749999999999,1.0638,1.9836330305779848,9.36,0.5435732352264888,0.1525872171492084,13,pgm,10.5
./data/AraCropData/Plant_13/IMG_2013-09-24_19-40.png,8,0.1753874999999999,1.3941,2.289650628371062,11.73,0.5283083219645294,0.1273232650338652,13,pgm,11.0
./data/AraCropData/Plant_13/IMG_2013-09-25_08-00.png,8,0.1663874999999999,1.3239,2.10535032714273,11.67,0.548164710266443,0.122158399519712,13,pgm,11.5
./data/AraCropData/Plant_13/IMG_2013-09-25_19-40.png,8,0.1923749999999999,1.5372,2.3494041797868666,12.42,0.5397377152788749,0.1252267323002022,13,pgm,12.0
./data/AraCropData/Plant_13/IMG_2013-09-26_08-00.png,9,0.1682,1.5102,2.14347848134755,12.36,0.5483660130718954,0.1242245374852406,13,pgm,12.5
./data/AraCropData/Plant_13/IMG_2013-09-26_19-40.png,10,0.18405,1.8279,2.382120903732638,13.86,0.5531045751633986,0.1195737463585927,13,pgm,13.0
./data/AraCropData/Plant_13/IMG_2013-09-27_08-00.png,9,0.1895,1.6749,2.2022942582679543,12.48,0.5458278339932543,0.1351355382842687,13,pgm,13.5
./data/AraCropData/Plant_13/IMG_2013-09-27_19-40.png,9,0.2399,2.1519,2.641703995530158,15.6,0.5049630411826823,0.1111175744783017,13,pgm,14.0
./data/AraCropData/Plant_13/IMG_2013-09-28_08-00.png,9,0.2282,2.043,2.631805463935357,15.06,0.5109160477155077,0.1131952718789992,13,pgm,14.5
./data/AraCropData/Plant_13/IMG_2013-09-28_19-40.png,10,0.2527199999999999,2.4876,2.942447960457415,17.669999999999998,0.5292991191114516,0.1001191867257639,13,pgm,15.0
./data/AraCropData/Plant_13/IMG_2013-09-29_08-00.png,11,0.2335090909090909,2.5398,2.9409182239565927,17.46,0.5068247126436782,0.1046937857185247,13,pgm,15.5
./data/AraCropData/Plant_13/IMG_2013-09-29_19-40.png,9,0.3410999999999999,3.0627,3.743634597553559,20.46,0.4350271652285076,0.0919396960824732,13,pgm,16.0
./data/AraCropData/Plant_13/IMG_2013-09-30_08-00.png,9,0.3267,2.9385,3.5809495947304257,19.77,0.4510291476723304,0.0944761572711739,13,pgm,16.5
./data/AraCropData/Plant_13/IMG_2013-09-30_19-40.png,9,0.3881,3.4803,4.204818664342137,21.78,0.3980442614513638,0.0921957273063598,13,pgm,17.0
./data/AraCropData/Plant_13/IMG_2013-10-01_08-00.png,10,0.3465,3.4434,3.9618177646126025,22.08,0.4270804264106713,0.088756302373542,13,pgm,17.5
./data/AraCropData/Plant_13/IMG_2013-10-01_19-40.png,11,0.3852818181818181,4.2111,4.62126606029127,26.13,0.400942587832048,0.0775044429507323,13,pgm,18.0
./data/AraCropData/Plant_13/IMG_2013-10-02_08-00.png,10,0.42156,4.176,4.651451386395433,25.98,0.3947256486601448,0.0777485074466056,13,pgm,18.5
./data/AraCropData/Plant_13/IMG_2013-10-02_19-40.png,12,0.419775,4.9779,4.695551085868409,29.4,0.4206403528785459,0.0723704663348819,13,pgm,19.0
./data/AraCropData/Plant_13/IMG_2013-10-03_08-00.png,11,0.4297090909090909,4.7016,4.404384179428493,28.38,0.4290055021762337,0.073355175334235,13,pgm,19.5
./data/AraCropData/Plant_13/IMG_2013-10-03_19-40.png,13,0.4328999999999999,5.5791,4.808710845954454,32.37,0.4264584479911943,0.0669096273352446,13,pgm,20.0
./data/AraCropData/Plant_13/IMG_2013-10-04_08-00.png,11,0.4722545454545454,5.1498,4.42477118052448,28.95,0.4366105833428713,0.0772152515829828,13,pgm,20.5
./data/AraCropData/Plant_13/IMG_2013-10-04_19-40.png,12,0.4911749999999999,5.7105,4.632062175748508,30.9,0.4360225398570643,0.0751565854916664,13,pgm,21.0
./data/AraCropData/Plant_13/IMG_2013-10-05_08-00.png,12,0.465375,5.5593,4.51896005735833,31.14,0.4645758122743681,0.0720431607442211,13,pgm,21.5
./data/AraCropData/Plant_13/IMG_2013-10-05_19-40.png,13,0.5127923076923078,6.5961,4.998849867719574,34.08,0.4266255311717796,0.0713670791948509,13,pgm,22.0
./data/AraCropData/Plant_13/IMG_2013-10-06_08-00.png,14,0.4486499999999999,6.1497,4.7191630613912885,34.74,0.4416222329940216,0.0640330466797887,13,pgm,22.5
./data/AraCropData/Plant_13/IMG_2013-10-06_19-40.png,14,0.5351142857142858,7.425,5.274030716634099,39.33,0.4432028794756776,0.0603195967050284,13,pgm,23.0
./data/AraCropData/Plant_13/IMG_2013-10-07_08-00.png,15,0.46416,6.9066,4.916523161747537,36.9,0.4648373614392149,0.0637413762275049,13,pgm,23.5
./data/AraCropData/Plant_13/IMG_2013-10-07_19-40.png,16,0.5320125,8.3664,5.534735766050625,45.12,0.4441047200458628,0.0516428624868625,13,pgm,24.0
./data/AraCropData/Plant_13/IMG_2013-10-08_08-00.png,14,0.5616,7.7418,5.278806683332891,40.35,0.4668910117238385,0.0597536905375644,13,pgm,24.5
./data/AraCropData/Plant_13/IMG_2013-10-08_19-40.png,14,0.6341785714285714,8.6931,5.581370799364614,46.62,0.4526984275771565,0.0502620272357693,13,pgm,25.0
./data/AraCropData/Plant_13/IMG_2013-10-09_08-00.png,15,0.56766,8.4843,5.5678092639744765,42.12,0.4931987025217116,0.0600964966708691,13,pgm,25.5
./data/AraCropData/Plant_13/IMG_2013-10-09_19-40.png,14,0.6951857142857143,9.6786,5.680862610554844,44.97,0.4824585015702108,0.0601418288584733,13,pgm,26.0
./data/AraCropData/Plant_14/IMG_2013-09-14_08-00.png,4,0.03375,0.135,0.7249827584156743,1.92,0.8571428571428577,0.4601942363656924,14,adh1,0.5
./data/AraCropData/Plant_14/IMG_2013-09-14_19-40.png,4,0.04095,0.1638,0.78,2.25,0.8564705882352941,0.406591902544599,14,adh1,1.0
./data/AraCropData/Plant_14/IMG_2013-09-15_08-00.png,5,0.0365399999999999,0.1772999999999999,0.7523961722390672,2.37,0.8382978723404256,0.3966631967679468,14,adh1,1.5
./data/AraCropData/Plant_14/IMG_2013-09-15_19-40.png,4,0.05085,0.2034,0.8049844718999243,2.79,0.7571189279731994,0.3283616324251558,14,adh1,2.0
./data/AraCropData/Plant_14/IMG_2013-09-16_08-00.png,5,0.0441,0.2168999999999999,0.8077747210701756,2.85,0.7711999999999993,0.3355673482615579,14,adh1,2.5
./data/AraCropData/Plant_14/IMG_2013-09-16_19-40.png,6,0.0457499999999999,0.2727,0.874642784226795,3.6,0.7593984962406013,0.2644173816771409,14,adh1,3.0
./data/AraCropData/Plant_14/IMG_2013-09-17_08-00.png,5,0.0629999999999999,0.315,0.874642784226795,3.81,0.7014028056112221,0.2726907877131694,14,adh1,3.5
./data/AraCropData/Plant_14/IMG_2013-09-17_19-40.png,5,0.0739799999999999,0.3699,0.9767292357659824,4.08,0.6677497969130789,0.2792375823151827,14,adh1,4.0
./data/AraCropData/Plant_14/IMG_2013-09-18_08-00.png,5,0.0774,0.387,1.0435516278555652,4.08,0.6625577812018492,0.2921463756582204,14,adh1,4.5
./data/AraCropData/Plant_14/IMG_2013-09-18_19-40.png,6,0.07125,0.4239,1.149826073804208,4.65,0.6242544731610338,0.246358399973493,14,adh1,5.0
./data/AraCropData/Plant_14/IMG_2013-09-19_08-00.png,7,0.0672428571428571,0.4527,1.166919020326603,4.8,0.6605384110308599,0.2469095476180728,14,adh1,5.5
./data/AraCropData/Plant_14/IMG_2013-09-19_19-40.png,7,0.0754714285714285,0.5246999999999999,1.3024976007655449,5.31,0.6340402392604678,0.2338470448520986,14,adh1,6.0
./data/AraCropData/Plant_14/IMG_2013-09-20_08-00.png,6,0.0906,0.5327999999999999,1.310419780070493,5.37,0.6636771300448429,0.232180375259843,14,adh1,6.5
./data/AraCropData/Plant_14/IMG_2013-09-20_19-40.png,6,0.1049999999999999,0.63,1.5358710883404243,5.43,0.6331976481230213,0.2685039965218223,14,adh1,7.0
./data/AraCropData/Plant_14/IMG_2013-09-21_08-00.png,7,0.0964285714285714,0.63,1.4122322755127783,5.85,0.6802721088435373,0.2313335813294259,14,adh1,7.5
./data/AraCropData/Plant_14/IMG_2013-09-21_19-40.png,5,0.15048,0.7505999999999999,1.677050983124842,6.029999999999999,0.6548881036513545,0.2594082595078228,14,adh1,8.0
./data/AraCropData/Plant_14/IMG_2013-09-22_08-00.png,7,0.1033714285714285,0.7182,1.5498709623707387,6.06,0.6717171717171717,0.2457593311993583,14,adh1,8.5
./data/AraCropData/Plant_14/IMG_2013-09-22_19-40.png,6,0.1416,0.8388,1.7768511473953017,6.84,0.6178322837255551,0.2252973494264148,14,adh1,9.0
./data/AraCropData/Plant_14/IMG_2013-09-23_08-00.png,6,0.1587,0.9504,1.7831713322056295,7.47,0.6186291739894552,0.2140302151378733,14,adh1,9.5
./data/AraCropData/Plant_14/IMG_2013-09-23_19-40.png,7,0.1451571428571428,1.0143,1.9298186443290468,7.859999999999999,0.6211077431799394,0.2063151867953905,14,adh1,10.0
./data/AraCropData/Plant_14/IMG_2013-09-24_08-00.png,6,0.1909499999999999,1.1457,1.8456706098326428,8.129999999999999,0.6366591647911977,0.2178209691055299,14,adh1,10.5
./data/AraCropData/Plant_14/IMG_2013-09-24_19-40.png,8,0.1753875,1.3941,2.133377603707323,10.11,0.579932609509547,0.1713963148538981,14,adh1,11.0
./data/AraCropData/Plant_14/IMG_2013-09-25_08-00.png,8,0.1871999999999999,1.422,2.0419843290289963,10.47,0.579816513761468,0.1630106942528181,14,adh1,11.5
./data/AraCropData/Plant_14/IMG_2013-09-25_19-40.png,8,0.2224124999999999,1.7793,2.379285607067802,11.91,0.5658271322266742,0.1576287820149108,14,adh1,12.0
./data/AraCropData/Plant_14/IMG_2013-09-26_08-00.png,9,0.2155,1.9269,2.321077336066164,12.42,0.6342764034957784,0.1569733219290006,14,adh1,12.5
./data/AraCropData/Plant_14/IMG_2013-09-26_19-40.png,10,0.2194199999999999,2.1798,2.7833792411383684,13.65,0.5753652452785365,0.1470148514815984,14,adh1,13.0
./data/AraCropData/Plant_14/IMG_2013-09-27_08-00.png,8,0.2968874999999999,2.3661,2.837816061692512,15.03,0.6263251935676,0.1316209431243312,14,adh1,13.5
./data/AraCropData/Plant_14/IMG_2013-09-27_19-40.png,9,0.2766999999999999,2.4831,3.3348613164568026,15.21,0.5752710592160133,0.1348794063583867,14,adh1,14.0
./data/AraCropData/Plant_14/IMG_2013-09-28_08-00.png,11,0.2536363636363636,2.709,3.3164589549698937,16.41,0.5745919633482867,0.1264159017583732,14,adh1,14.5
./data/AraCropData/Plant_14/IMG_2013-09-28_19-40.png,9,0.3396,3.051,3.483102065687998,17.34,0.5183089977830441,0.1275128302543001,14,adh1,15.0
./data/AraCropData/Plant_14/IMG_2013-09-29_08-00.png,10,0.3474,3.447,3.6022492973141103,18.42,0.5352526028928796,0.1276650135624665,14,adh1,15.5
./data/AraCropData/Plant_14/IMG_2013-09-29_19-40.png,9,0.4162999999999999,3.7377,3.755156454796524,19.47,0.4810053277739169,0.1239031653805039,14,adh1,16.0
./data/AraCropData/Plant_14/IMG_2013-09-30_08-00.png,10,0.4145399999999999,4.1346,3.8505324307165623,20.43,0.5063374848451448,0.1244820211323635,14,adh1,16.5
./data/AraCropData/Plant_14/IMG_2013-09-30_19-40.png,10,0.4239,4.176,4.070835295120646,21.6,0.4812778757390311,0.1124767740174123,14,adh1,17.0
./data/AraCropData/Plant_14/IMG_2013-10-01_08-00.png,11,0.4386272727272727,4.8069,4.376711093960852,24.12,0.5207683307332294,0.1038294000323202,14,adh1,17.5
./data/AraCropData/Plant_14/IMG_2013-10-01_19-40.png,11,0.4577727272727273,5.0301,4.4844732132102205,23.79,0.5307188301205963,0.1116857073218744,14,adh1,18.0
./data/AraCropData/Plant_14/IMG_2013-10-02_08-00.png,11,0.5463,4.9689,4.56355124875354,26.7,0.5073282793475763,0.08758860265355,14,adh1,18.5
./data/AraCropData/Plant_14/IMG_2013-10-02_19-40.png,11,0.516109090909091,5.6556,4.815724244597068,27.63,0.5241252762834145,0.0930950908298856,14,adh1,19.0
./data/AraCropData/Plant_14/IMG_2013-10-03_08-00.png,13,0.4990153846153846,6.3954,4.836796460468436,32.879999999999995,0.5452940950773127,0.0743385282793738,14,adh1,19.5
./data/AraCropData/Plant_14/IMG_2013-10-03_19-40.png,12,0.55245,6.622199999999999,4.91350180624776,31.74,0.5150857542877143,0.0826034739195246,14,adh1,20.0
./data/AraCropData/Plant_14/IMG_2013-10-04_08-00.png,13,0.5930307692307694,7.6716,5.000649957755492,34.56,0.5435531182247161,0.0807139026909704,14,adh1,20.5
./data/AraCropData/Plant_14/IMG_2013-10-04_19-40.png,15,0.5239199999999999,7.6122,5.133858198275445,37.77,0.5062851670058662,0.0670542153090283,14,adh1,21.0
./data/AraCropData/Plant_14/IMG_2013-10-05_08-00.png,15,0.5493,7.9893,5.133858198275445,38.73,0.5041315273873413,0.0669304275645227,14,adh1,21.5
./data/AraCropData/Plant_14/IMG_2013-10-05_19-40.png,15,0.56856,8.1846,5.117440766633259,38.85,0.5070815211330434,0.0681436319476348,14,adh1,22.0
./data/AraCropData/Plant_14/IMG_2013-10-06_08-00.png,16,0.54174375,8.4267,5.125436566771653,39.69,0.5166790828573794,0.0672210356237284,14,adh1,22.5
./data/AraCropData/Plant_14/IMG_2013-10-06_19-40.png,13,0.6566538461538461,8.4447,5.126402247190518,37.65,0.5211619640079982,0.0748624659764334,14,adh1,23.0
./data/AraCropData/Plant_14/IMG_2013-10-07_08-00.png,12,0.7065,8.4168,5.117440766633259,38.07,0.5169421259189653,0.0729778589927891,14,adh1,23.5
./data/AraCropData/Plant_14/IMG_2013-10-07_19-40.png,14,0.5999785714285715,8.2971,5.101146929858029,39.51,0.5042940758164216,0.0667916433565028,14,adh1,24.0
./data/AraCropData/Plant_14/IMG_2013-10-08_08-00.png,16,0.55726875,8.7633,5.092317743424894,40.83,0.5284524164880192,0.0660569904849188,14,adh1,24.5
./data/AraCropData/Plant_14/IMG_2013-10-08_19-40.png,16,0.54253125,8.4663,5.110313101953735,41.28,0.515212092997782,0.062434428433273,14,adh1,25.0
./data/AraCropData/Plant_14/IMG_2013-10-09_08-00.png,14,0.6494785714285715,9.0063,5.075943262094248,40.59,0.549804955771661,0.0686938995371989,14,adh1,25.5
./data/AraCropData/Plant_14/IMG_2013-10-09_19-40.png,16,0.57898125,9.1521,5.078513562057307,41.43,0.5536861592072307,0.0670040037403336,14,adh1,26.0
./data/AraCropData/Plant_15/IMG_2013-09-14_08-00.png,5,0.0648,0.324,1.006230589874905,3.66,0.6539509536784741,0.3039433902962444,15,ein2,0.5
./data/AraCropData/Plant_15/IMG_2013-09-14_19-40.png,4,0.091575,0.3663,1.1200892821556685,4.08,0.661251015434606,0.2765199416113853,15,ein2,1.0
./data/AraCropData/Plant_15/IMG_2013-09-15_08-00.png,5,0.0822599999999999,0.4113,1.129690223025764,4.71,0.5502709211318485,0.2329843551771732,15,ein2,1.5
./data/AraCropData/Plant_15/IMG_2013-09-15_19-40.png,5,0.0799199999999999,0.3996,1.149826073804208,4.47,0.6486486486486487,0.2513160917425103,15,ein2,2.0
./data/AraCropData/Plant_15/IMG_2013-09-16_08-00.png,6,0.0828,0.4967999999999999,1.328495389529072,5.16,0.5495271279243407,0.2344725723068639,15,ein2,2.5
./data/AraCropData/Plant_15/IMG_2013-09-16_19-40.png,6,0.09285,0.5535,1.4709180806557514,5.49,0.5476402493321462,0.2307718333730744,15,ein2,3.0
./data/AraCropData/Plant_15/IMG_2013-09-17_08-00.png,7,0.0934714285714285,0.6507,1.741551032843999,6.48,0.5239130434782608,0.1947334952456636,15,ein2,3.5
./data/AraCropData/Plant_15/IMG_2013-09-17_19-40.png,6,0.1141499999999999,0.6849,1.7884630272946656,6.48,0.5498554913294798,0.2049684507357538,15,ein2,4.0
./data/AraCropData/Plant_15/IMG_2013-09-18_08-00.png,7,0.1056857142857142,0.7362,1.8420097719610504,7.05,0.5545762711864406,0.1861347426445595,15,ein2,4.5
./data/AraCropData/Plant_15/IMG_2013-09-18_19-40.png,6,0.13395,0.7983,1.8049930747789589,7.41,0.6127806563039725,0.1827004332956872,15,ein2,5.0
./data/AraCropData/Plant_15/IMG_2013-09-19_08-00.png,7,0.1199571428571428,0.8325,1.8845158529447288,7.739999999999999,0.5819440075495439,0.174627318344484,15,ein2,5.5
./data/AraCropData/Plant_15/IMG_2013-09-19_19-40.png,6,0.1556999999999999,0.9324,1.9922349259060788,8.4,0.5990170569528764,0.1660556116897462,15,ein2,6.0
./data/AraCropData/Plant_15/IMG_2013-09-20_08-00.png,8,0.1143,0.9036,1.96860356598275,8.07,0.590588235294118,0.1743568510221888,15,ein2,6.5
./data/AraCropData/Plant_15/IMG_2013-09-20_19-40.png,8,0.1398375,1.1133,2.184032966784156,9.57,0.5999030067895249,0.152755971835598,15,ein2,7.0
./data/AraCropData/Plant_15/IMG_2013-09-21_08-00.png,8,0.1453499999999999,1.1628,2.255593048402127,9.45,0.5870059064061789,0.1636256067901441,15,ein2,7.5
./data/AraCropData/Plant_15/IMG_2013-09-21_19-40.png,8,0.1708875,1.3653,2.452305038122297,10.65,0.6240230357877417,0.1512650999562218,15,ein2,8.0
./data/AraCropData/Plant_15/IMG_2013-09-22_08-00.png,8,0.1783124999999999,1.4229,2.486201922612079,11.82,0.5638373751783168,0.1279821171719308,15,ein2,8.5
./data/AraCropData/Plant_15/IMG_2013-09-22_19-40.png,9,0.1882,1.6902,2.648509014521189,13.23,0.6327493261455526,0.1213467845895821,15,ein2,9.0
./data/AraCropData/Plant_15/IMG_2013-09-23_08-00.png,7,0.2561142857142857,1.791,2.664432397340942,13.47,0.5785724669283326,0.1240424279769185,15,ein2,9.5
./data/AraCropData/Plant_15/IMG_2013-09-23_19-40.png,10,0.18585,1.8513,2.80174945346653,14.22,0.6431139596685943,0.1150502250072852,15,ein2,10.0
./data/AraCropData/Plant_15/IMG_2013-09-24_08-00.png,8,0.2755125,2.2005,2.812329994861912,15.66,0.549253060766034,0.1127580927764866,15,ein2,10.5
./data/AraCropData/Plant_15/IMG_2013-09-24_19-40.png,8,0.3263625,2.6091,2.940153057240388,16.68,0.544004503659223,0.1178442769882098,15,ein2,11.0
./data/AraCropData/Plant_15/IMG_2013-09-25_08-00.png,11,0.2555181818181818,2.7657,3.0746707140765497,18.87,0.528415441492563,0.0976047904487293,15,ein2,11.5
./data/AraCropData/Plant_15/IMG_2013-09-25_19-40.png,10,0.33633,3.3345,3.222452482194268,20.64,0.5471461271505575,0.0983606069290003,15,ein2,12.0
./data/AraCropData/Plant_15/IMG_2013-09-26_08-00.png,9,0.3593999999999999,3.222,3.262422412870534,20.37,0.4766025427677561,0.0975783212326145,15,ein2,12.5
./data/AraCropData/Plant_15/IMG_2013-09-26_19-40.png,11,0.3582818181818182,3.9195,3.6478075607136953,22.92,0.5165460799430674,0.0937586415283541,15,ein2,13.0
./data/AraCropData/Plant_15/IMG_2013-09-27_08-00.png,10,0.41616,4.14,3.948278105706334,24.84,0.4464285714285715,0.0843154228016584,15,ein2,13.5
./data/AraCropData/Plant_15/IMG_2013-09-27_19-40.png,11,0.4146545454545454,4.536,4.053553996186556,26.67,0.4649446494464946,0.0801377008789722,15,ein2,14.0
./data/AraCropData/Plant_15/IMG_2013-09-28_08-00.png,11,0.486490909090909,5.2848,4.867864007960781,29.73,0.4494278825915578,0.0751360918778767,15,ein2,14.5
./data/AraCropData/Plant_15/IMG_2013-09-28_19-40.png,14,0.4048714285714286,5.6358,5.186617394795957,30.87,0.4498724810517618,0.0743176858349054,15,ein2,15.0
./data/AraCropData/Plant_15/IMG_2013-09-29_08-00.png,12,0.530325,6.3081,5.924677206396986,34.23,0.4337252475247525,0.0676541800948346,15,ein2,15.5
./data/AraCropData/Plant_15/IMG_2013-09-29_19-40.png,11,0.6022636363636363,6.5889,6.034848796780247,33.24,0.4418225709112854,0.0749377673921557,15,ein2,16.0
./data/AraCropData/Plant_15/IMG_2013-09-30_08-00.png,12,0.619575,7.3953,6.400765579210036,36.84,0.4231967656374734,0.0684741133448294,15,ein2,16.5
./data/AraCropData/Plant_15/IMG_2013-09-30_19-40.png,13,0.5988461538461537,7.677,6.567876369116581,38.4,0.4236088694658952,0.0654242806033225,15,ein2,17.0
./data/AraCropData/Plant_15/IMG_2013-10-01_08-00.png,13,0.6391384615384615,8.28,6.764983370267808,41.88,0.4072328087997698,0.0593235121489686,15,ein2,17.5
./data/AraCropData/Plant_15/IMG_2013-10-01_19-40.png,15,0.6065400000000001,8.9901,6.943493357093388,45.78,0.4121044597549403,0.0539042254340379,15,ein2,18.0
./data/AraCropData/Plant_15/IMG_2013-10-02_08-00.png,14,0.6930642857142857,9.6741,7.098915410117239,49.14,0.3958532812845252,0.0503442797560333,15,ein2,18.5
./data/AraCropData/Plant_15/IMG_2013-10-02_19-40.png,15,0.6706799999999997,9.8712,7.215233883943056,48.18,0.3715006689586262,0.0534375113011339,15,ein2,19.0
./data/AraCropData/Plant_15/IMG_2013-10-03_08-00.png,16,0.6600937499999999,10.2213,7.250137929722441,52.56,0.3620915032679739,0.0464948965915265,15,ein2,19.5
./data/AraCropData/Plant_15/IMG_2013-10-03_19-40.png,16,0.67573125,10.6425,7.344181370309423,50.25,0.3644460881759203,0.0529640748549065,15,ein2,20.0
./data/AraCropData/Plant_15/IMG_2013-10-04_08-00.png,15,0.75468,11.0502,7.347611856923309,51.93,0.3735491427962943,0.0514924264476483,15,ein2,20.5
./data/AraCropData/Plant_15/IMG_2013-10-04_19-40.png,14,0.82575,11.4147,7.45263040811766,55.05,0.3685097480896069,0.0473325300512788,15,ein2,21.0
./data/AraCropData/Plant_15/IMG_2013-10-05_08-00.png,15,0.8210400000000001,12.2058,7.541465374845925,56.97,0.383047831551595,0.047258907163505,15,ein2,21.5
./data/AraCropData/Plant_15/IMG_2013-10-05_19-40.png,14,0.8968499999999999,12.3795,7.581695061132438,58.8,0.3862245184478015,0.0449943845794748,15,ein2,22.0
./data/AraCropData/Plant_15/IMG_2013-10-06_08-00.png,15,0.8584799999999999,12.6234,7.566306893062163,60.6,0.3899577402135231,0.0431957441027844,15,ein2,22.5
./data/AraCropData/Plant_15/IMG_2013-10-06_19-40.png,16,0.8144437499999999,12.3021,7.601907655319156,59.61,0.3781294088356524,0.0435061720832303,15,ein2,23.0
./data/AraCropData/Plant_15/IMG_2013-10-07_08-00.png,16,0.8087625,12.888,7.561547460672319,60.75,0.3944468929043631,0.0438836585148906,15,ein2,23.5
./data/AraCropData/Plant_15/IMG_2013-10-07_19-40.png,16,0.8171999999999999,12.1968,7.521449328420687,61.11,0.374835774246636,0.0410422535488638,15,ein2,24.0
./data/AraCropData/Plant_15/IMG_2013-10-08_08-00.png,18,0.7365999999999999,13.1148,7.521449328420687,63.09,0.4006598845202089,0.0414047799822326,15,ein2,24.5
./data/AraCropData/Plant_15/IMG_2013-10-08_19-40.png,17,0.7587529411764705,12.7404,7.481617472178058,63.96,0.3905911567910603,0.0391359623253778,15,ein2,25.0
./data/AraCropData/Plant_15/IMG_2013-10-09_08-00.png,19,0.6993473684210526,13.104,7.459148744997648,65.88,0.4017549184625148,0.0379408072934955,15,ein2,25.5
./data/AraCropData/Plant_15/IMG_2013-10-09_19-40.png,18,0.6454499999999999,11.5335,7.319323739253511,59.76,0.4274017376223589,0.0405835287492875,15,ein2,26.0
./data/AraCropData/Plant_16/IMG_2013-09-14_08-00.png,1,0.0306,0.0306,0.2284731931759172,0.54,1.2592592592592595,1.3186932126179376,16,ctr,0.5
./data/AraCropData/Plant_16/IMG_2013-09-14_19-40.png,1,0.0423,0.0423,0.2765863337187866,0.6599999999999999,1.2702702702702702,1.2202880555266142,16,ctr,1.0
./data/AraCropData/Plant_16/IMG_2013-09-15_08-00.png,1,0.0378,0.0378,0.2765863337187866,0.63,1.2173913043478235,1.19679720136754,16,ctr,1.5
./data/AraCropData/Plant_16/IMG_2013-09-15_19-40.png,1,0.045,0.045,0.3231098884280702,0.75,1.219512195121951,1.005309649148734,16,ctr,2.0
./data/AraCropData/Plant_16/IMG_2013-09-16_08-00.png,1,0.0458999999999999,0.0458999999999999,0.3231098884280702,0.72,1.2592592592592589,1.1126473981463851,16,ctr,2.5
./data/AraCropData/Plant_16/IMG_2013-09-16_19-40.png,2,0.0288,0.0504,0.4242640687119285,0.93,1.018181818181819,0.7322754988596397,16,ctr,3.0
./data/AraCropData/Plant_16/IMG_2013-09-17_08-00.png,2,0.0310499999999999,0.0513,0.40024992192379,1.14,0.9743589743589746,0.4960409453036515,16,ctr,3.5
./data/AraCropData/Plant_16/IMG_2013-09-17_19-40.png,2,0.02835,0.0513,0.4080441152620633,1.08,1.0857142857142843,0.5526875964648709,16,ctr,4.0
./data/AraCropData/Plant_16/IMG_2013-09-18_08-00.png,2,0.03375,0.0675,0.4295346318982906,1.11,1.0416666666666656,0.6884425099174128,16,ctr,4.5
./data/AraCropData/Plant_16/IMG_2013-09-18_19-40.png,2,0.03825,0.0765,0.4743416490252569,1.29,0.8629441624365481,0.5776860477125633,16,ctr,5.0
./data/AraCropData/Plant_16/IMG_2013-09-19_08-00.png,1,0.0521999999999999,0.0521999999999999,0.3420526275297413,0.87,1.0450450450450457,0.8666462492661497,16,ctr,5.5
./data/AraCropData/Plant_16/IMG_2013-09-19_19-40.png,3,0.0255,0.0747,0.4743416490252569,1.44,0.8426395939086301,0.4526947747360292,16,ctr,6.0
./data/AraCropData/Plant_16/IMG_2013-09-20_08-00.png,4,0.0315,0.1062,0.5135172830587107,1.83,0.8708487084870846,0.3985035561661872,16,ctr,6.5
./data/AraCropData/Plant_16/IMG_2013-09-20_19-40.png,4,0.0288,0.1115999999999999,0.5239274758971894,1.89,0.8464163822525587,0.3926001401311507,16,ctr,7.0
./data/AraCropData/Plant_16/IMG_2013-09-21_08-00.png,4,0.0306,0.1115999999999999,0.4947726750741192,1.98,0.8493150684931505,0.3577203756153667,16,ctr,7.5
./data/AraCropData/Plant_16/IMG_2013-09-21_19-40.png,4,0.0299249999999999,0.1197,0.5135172830587107,2.19,0.7492957746478872,0.3136286905066184,16,ctr,8.0
./data/AraCropData/Plant_16/IMG_2013-09-22_08-00.png,4,0.03105,0.1206,0.5239274758971894,2.1,0.7282608695652173,0.3436517678212508,16,ctr,8.5
./data/AraCropData/Plant_16/IMG_2013-09-22_19-40.png,4,0.03375,0.1314,0.5604462507680822,2.16,0.7411167512690353,0.3539139872099612,16,ctr,9.0
./data/AraCropData/Plant_16/IMG_2013-09-23_08-00.png,4,0.0332999999999999,0.1314,0.5824946351684279,2.22,0.7019230769230766,0.3350420214931409,16,ctr,9.5
./data/AraCropData/Plant_16/IMG_2013-09-23_19-40.png,4,0.03735,0.1476,0.589406481131655,2.16,0.7645687645687649,0.3975472185098194,16,ctr,10.0
./data/AraCropData/Plant_16/IMG_2013-09-24_08-00.png,4,0.036,0.1422,0.6184658438426491,2.31,0.7281105990783413,0.3348771389895006,16,ctr,10.5
./data/AraCropData/Plant_16/IMG_2013-09-24_19-40.png,7,0.0331714285714285,0.1494,0.6552098900352467,2.97,0.6471734892787523,0.2128372127317236,16,ctr,11.0
./data/AraCropData/Plant_16/IMG_2013-09-25_08-00.png,5,0.0363599999999999,0.1782,0.6768308503607087,2.58,0.7888446215139447,0.3364171689620222,16,ctr,11.5
./data/AraCropData/Plant_16/IMG_2013-09-25_19-40.png,6,0.0342,0.2016,0.6958448102845921,2.76,0.7777777777777777,0.3325693546333241,16,ctr,12.0
./data/AraCropData/Plant_16/IMG_2013-09-26_08-00.png,7,0.0332999999999999,0.2115,0.6926037828369117,3.09,0.750798722044728,0.2783577240432091,16,ctr,12.5
./data/AraCropData/Plant_16/IMG_2013-09-26_19-40.png,6,0.0405,0.2376,0.7256031973468694,3.48,0.7426160337552736,0.2465459157395081,16,ctr,13.0
./data/AraCropData/Plant_16/IMG_2013-09-27_08-00.png,6,0.0411,0.2376,0.7409453421137081,3.63,0.7135135135135133,0.2265912056683848,16,ctr,13.5
./data/AraCropData/Plant_16/IMG_2013-09-27_19-40.png,7,0.0356142857142857,0.2241,0.75,3.48,0.6945606694560665,0.2325376250724906,16,ctr,14.0
./data/AraCropData/Plant_16/IMG_2013-09-28_08-00.png,6,0.039,0.2322,0.7523961722390672,3.45,0.6926174496644297,0.2451511242725646,16,ctr,14.5
./data/AraCropData/Plant_16/IMG_2013-09-28_19-40.png,7,0.0402428571428571,0.2583,0.7788452991448301,3.72,0.7275031685678075,0.2345569957284783,16,ctr,15.0
./data/AraCropData/Plant_16/IMG_2013-09-29_08-00.png,7,0.0384428571428571,0.2637,0.7925906888173744,3.84,0.6984505363528007,0.2247281854252464,16,ctr,15.5
./data/AraCropData/Plant_16/IMG_2013-09-29_19-40.png,7,0.0408857142857142,0.2736,0.8188406438373709,4.32,0.6956521739130437,0.1842291988216236,16,ctr,16.0
./data/AraCropData/Plant_16/IMG_2013-09-30_08-00.png,8,0.03735,0.2718,0.8490583018850943,4.5,0.6622807017543865,0.168668618912732,16,ctr,16.5
./data/AraCropData/Plant_16/IMG_2013-09-30_19-40.png,9,0.0385,0.3374999999999999,1.063202708800161,5.25,0.6004803843074457,0.1538739258901123,16,ctr,17.0
./data/AraCropData/Plant_16/IMG_2013-10-01_08-00.png,11,0.0359181818181818,0.3411,1.074150827398089,5.609999999999999,0.5256588072122053,0.1361964729572514,16,ctr,17.5
./data/AraCropData/Plant_16/IMG_2013-10-01_19-40.png,7,0.0483428571428571,0.2934,0.9024965373894792,4.47,0.5826630920464697,0.1845248781713026,16,ctr,18.0
./data/AraCropData/Plant_16/IMG_2013-10-02_08-00.png,8,0.0513,0.3923999999999999,1.0653168542738822,5.55,0.6259870782483853,0.1600858316394623,16,ctr,18.5
./data/AraCropData/Plant_16/IMG_2013-10-02_19-40.png,7,0.0547714285714285,0.3762,1.1591807451816991,5.76,0.5614506380120886,0.1424897709635995,16,ctr,19.0
./data/AraCropData/Plant_16/IMG_2013-10-03_08-00.png,9,0.0464,0.414,1.1943617542436629,6.3,0.5609756097560977,0.1310777887212068,16,ctr,19.5
./data/AraCropData/Plant_16/IMG_2013-10-03_19-40.png,9,0.0562,0.4824,1.3261221663180205,7.02,0.5226718673817649,0.1230107138815201,16,ctr,20.0
./data/AraCropData/Plant_16/IMG_2013-10-04_08-00.png,9,0.0588,0.4931999999999999,1.2816005617976296,7.17,0.5678756476683936,0.1205576074765642,16,ctr,20.5
./data/AraCropData/Plant_16/IMG_2013-10-04_19-40.png,9,0.0589,0.5156999999999999,1.291394595001853,7.5,0.5620402157920548,0.1152084857924448,16,ctr,21.0
./data/AraCropData/Plant_16/IMG_2013-10-05_08-00.png,8,0.061875,0.4841999999999999,1.3148764200486676,7.05,0.5092285849503078,0.122421138805346,16,ctr,21.5
./data/AraCropData/Plant_16/IMG_2013-10-05_19-40.png,9,0.0656,0.5814,1.360294085850556,8.04,0.5571366968520916,0.1130245519168526,16,ctr,22.0
./data/AraCropData/Plant_16/IMG_2013-10-06_08-00.png,9,0.0643,0.5751,1.4431216164966831,7.949999999999999,0.5267930750206098,0.1143454727315843,16,ctr,22.5
./data/AraCropData/Plant_16/IMG_2013-10-06_19-40.png,10,0.06462,0.6408,1.463864747850702,8.79,0.5646312450436163,0.1042208514650576,16,ctr,23.0
./data/AraCropData/Plant_16/IMG_2013-10-07_08-00.png,11,0.0612,0.6587999999999999,1.463864747850702,9.24,0.5598470363288718,0.0969660070175294,16,ctr,23.5
./data/AraCropData/Plant_16/IMG_2013-10-07_19-40.png,12,0.059925,0.6885,1.4650938536489737,9.72,0.5606449248809087,0.0915759175429123,16,ctr,24.0
./data/AraCropData/Plant_16/IMG_2013-10-08_08-00.png,13,0.0571846153846153,0.693,1.3685393673548452,9.75,0.5789473684210525,0.0916080982064526,16,ctr,24.5
./data/AraCropData/Plant_16/IMG_2013-10-08_19-40.png,11,0.0730636363636363,0.7875,1.4903690818049065,10.5,0.5737704918032788,0.0897597901025655,16,ctr,25.0
./data/AraCropData/Plant_16/IMG_2013-10-09_08-00.png,10,0.0776699999999999,0.7569,1.4539944979263162,9.72,0.5802000689893069,0.1006736557563258,16,ctr,25.5
./data/AraCropData/Plant_16/IMG_2013-10-09_19-40.png,12,0.074775,0.7299,1.4773286702694155,9.99,0.5381552753815528,0.0919056585256002,16,ctr,26.0
./data/AraCropData/Plant_17/IMG_2013-09-14_08-00.png,5,0.03366,0.1611,0.7451845409024532,2.37,0.7973273942093545,0.3604198589921955,17,adh1,0.5
./data/AraCropData/Plant_17/IMG_2013-09-14_19-40.png,4,0.0515249999999999,0.2061,0.7920227269466451,2.22,0.8773946360153257,0.5255111159036251,17,adh1,1.0
./data/AraCropData/Plant_17/IMG_2013-09-15_08-00.png,5,0.0422999999999999,0.2061,0.7648529270389177,2.58,0.799301919720768,0.3890885439005206,17,adh1,1.5
./data/AraCropData/Plant_17/IMG_2013-09-15_19-40.png,5,0.04806,0.2367,0.8275868534480233,2.88,0.780415430267062,0.3586106197457099,17,adh1,2.0
./data/AraCropData/Plant_17/IMG_2013-09-16_08-00.png,5,0.0525599999999999,0.261,0.8340863264674706,3.09,0.7591623036649214,0.3435052764788538,17,adh1,2.5
./data/AraCropData/Plant_17/IMG_2013-09-16_19-40.png,5,0.0624599999999999,0.3122999999999999,0.934344690143846,3.48,0.7406616862326579,0.3240584574303383,17,adh1,3.0
./data/AraCropData/Plant_17/IMG_2013-09-17_08-00.png,5,0.0711,0.3555,0.9990495483208028,4.109999999999999,0.6534325889164598,0.2644635512106065,17,adh1,3.5
./data/AraCropData/Plant_17/IMG_2013-09-17_19-40.png,5,0.07668,0.3833999999999999,1.064048871058092,4.47,0.6651053864168616,0.2411276015367329,17,adh1,4.0
./data/AraCropData/Plant_17/IMG_2013-09-18_08-00.png,6,0.0735,0.4392,1.233288287465668,4.77,0.6165508528111182,0.2425690779560649,17,adh1,4.5
./data/AraCropData/Plant_17/IMG_2013-09-18_19-40.png,6,0.08145,0.4886999999999999,1.23547561691844,5.19,0.6471990464839098,0.227990886551406,17,adh1,5.0
./data/AraCropData/Plant_17/IMG_2013-09-19_08-00.png,5,0.10602,0.5301,1.306981254647518,5.1,0.6727584237578529,0.2561104599258669,17,adh1,5.5
./data/AraCropData/Plant_17/IMG_2013-09-19_19-40.png,5,0.11682,0.5841,1.4365583872575454,5.58,0.6356513222331046,0.235737499384874,17,adh1,6.0
./data/AraCropData/Plant_17/IMG_2013-09-20_08-00.png,7,0.0749571428571428,0.5193,1.291394595001853,5.49,0.6432552954292086,0.2165127607418926,17,adh1,6.5
./data/AraCropData/Plant_17/IMG_2013-09-20_19-40.png,7,0.1019571428571428,0.6920999999999999,1.5646085772486358,6.81,0.6669557675628793,0.1875359312705894,17,adh1,7.0
./data/AraCropData/Plant_17/IMG_2013-09-21_08-00.png,5,0.13482,0.6741,1.410319112825179,5.97,0.6812187357889947,0.2376761089405576,17,adh1,7.5
./data/AraCropData/Plant_17/IMG_2013-09-21_19-40.png,5,0.1580399999999999,0.7902,1.7454225849346627,6.66,0.6472539624032435,0.2238713050768475,17,adh1,8.0
./data/AraCropData/Plant_17/IMG_2013-09-22_08-00.png,7,0.1230428571428571,0.8541,1.708156901458411,7.319999999999999,0.6732884001418945,0.2003071370771777,17,adh1,8.5
./data/AraCropData/Plant_17/IMG_2013-09-22_19-40.png,6,0.16335,0.9657,1.946535383701,7.89,0.6195150115473441,0.1949387105380646,17,adh1,9.0
./data/AraCropData/Plant_17/IMG_2013-09-23_08-00.png,7,0.1500428571428571,1.0449,1.9223423212320956,8.459999999999999,0.6125032972830388,0.183461046769164,17,adh1,9.5
./data/AraCropData/Plant_17/IMG_2013-09-23_19-40.png,6,0.17955,1.0773,2.0976415327696007,8.4,0.5735505510301869,0.1918615513442337,17,adh1,10.0
./data/AraCropData/Plant_17/IMG_2013-09-24_08-00.png,8,0.1614374999999999,1.2879,1.977725966861941,10.23,0.6485384092454114,0.1546467294669634,17,adh1,10.5
./data/AraCropData/Plant_17/IMG_2013-09-24_19-40.png,8,0.1854,1.4544,2.2299103120977755,10.92,0.580564038081552,0.1532669281548455,17,adh1,11.0
./data/AraCropData/Plant_17/IMG_2013-09-25_08-00.png,9,0.1883,1.6227,2.2022942582679543,11.31,0.6133696206837896,0.1594126900047815,17,adh1,11.5
./data/AraCropData/Plant_17/IMG_2013-09-25_19-40.png,8,0.2345625,1.8585,2.381365154695936,12.18,0.5673076923076924,0.1574265046388634,17,adh1,12.0
./data/AraCropData/Plant_17/IMG_2013-09-26_08-00.png,10,0.2141099999999999,2.1213,2.457254565567027,14.07,0.6030446462837407,0.1346553959022034,17,adh1,12.5
./data/AraCropData/Plant_17/IMG_2013-09-26_19-40.png,9,0.2567,2.2923,2.619637379485947,15.42,0.5851809304997128,0.1211469740449242,17,adh1,13.0
./data/AraCropData/Plant_17/IMG_2013-09-27_08-00.png,10,0.26478,2.6208,2.722076413328619,17.46,0.5811795230016964,0.108032708721596,17,adh1,13.5
./data/AraCropData/Plant_17/IMG_2013-09-27_19-40.png,11,0.2803090909090909,3.0294,3.15456811624032,19.59,0.5114724206047712,0.0991967887355402,17,adh1,14.0
./data/AraCropData/Plant_17/IMG_2013-09-28_08-00.png,11,0.3054272727272727,3.3435,3.2931747600150225,20.07,0.5346477657048284,0.1043077185732097,17,adh1,14.5
./data/AraCropData/Plant_17/IMG_2013-09-28_19-40.png,10,0.36504,3.627,3.488266044899672,21.09,0.5039704870881011,0.1024717752527118,17,adh1,15.0
./data/AraCropData/Plant_17/IMG_2013-09-29_08-00.png,10,0.3898799999999999,3.8718,3.644969135671796,23.13,0.5081802610595948,0.0909434685409875,17,adh1,15.5
./data/AraCropData/Plant_17/IMG_2013-09-29_19-40.png,11,0.3801272727272726,4.131,3.844333492297462,24.12,0.4863318499682139,0.0892299094080416,17,adh1,16.0
./data/AraCropData/Plant_17/IMG_2013-09-30_08-00.png,11,0.4332272727272727,4.7061,3.933204800159788,26.07,0.5288763022150299,0.0870139638335191,17,adh1,16.5
./data/AraCropData/Plant_17/IMG_2013-09-30_19-40.png,11,0.4455818181818181,4.8852,4.202677717836569,26.52,0.5132375189107411,0.0872861168059898,17,adh1,17.0
./data/AraCropData/Plant_17/IMG_2013-10-01_08-00.png,12,0.476625,5.6475,4.596368131470759,30.42,0.5331124421222548,0.0766915798204854,17,adh1,17.5
./data/AraCropData/Plant_17/IMG_2013-10-01_19-40.png,12,0.4923,5.8914,4.936162477066572,28.53,0.5222594542843467,0.0909546341076526,17,adh1,18.0
./data/AraCropData/Plant_17/IMG_2013-10-02_08-00.png,12,0.54435,6.4962,5.102205405508484,31.08,0.51875808538163,0.0845098305541477,17,adh1,18.5
./data/AraCropData/Plant_17/IMG_2013-10-02_19-40.png,13,0.5565461538461538,7.1811,5.288941292924322,34.05,0.5221516916432171,0.0778335082240849,17,adh1,19.0
./data/AraCropData/Plant_17/IMG_2013-10-03_08-00.png,12,0.6658499999999999,7.9596,5.353970489272424,36.03,0.5128145656963934,0.0770499893673066,17,adh1,19.5
./data/AraCropData/Plant_17/IMG_2013-10-03_19-40.png,12,0.71595,8.5572,5.686563109647162,37.59,0.4919797164441684,0.0761021445108448,17,adh1,20.0
./data/AraCropData/Plant_17/IMG_2013-10-04_08-00.png,12,0.791775,9.4797,5.782845320428344,39.33,0.5049376797698946,0.0770116741932199,17,adh1,20.5
./data/AraCropData/Plant_17/IMG_2013-10-04_19-40.png,11,0.9493363636363636,10.4409,5.919358073304909,41.91,0.4915886266367217,0.0746986027924552,17,adh1,21.0
./data/AraCropData/Plant_17/IMG_2013-10-05_08-00.png,14,0.7912285714285715,10.9278,6.017075701700952,45.39,0.4900710364869228,0.0666533890680631,17,adh1,21.5
./data/AraCropData/Plant_17/IMG_2013-10-05_19-40.png,14,0.8439428571428572,11.7036,6.058068999276915,47.7,0.5051175979335392,0.0646386944618989,17,adh1,22.0
./data/AraCropData/Plant_17/IMG_2013-10-06_08-00.png,15,0.8335199999999999,12.4074,6.127201645123163,49.83,0.5232275694549872,0.0627926589016342,17,adh1,22.5
./data/AraCropData/Plant_17/IMG_2013-10-06_19-40.png,15,0.87882,13.0635,6.211811330038928,52.02,0.5380509322756422,0.0606636752258658,17,adh1,23.0
./data/AraCropData/Plant_17/IMG_2013-10-07_08-00.png,15,0.8980199999999999,13.4145,6.261022280746172,50.64,0.5464510925355623,0.065735044279323,17,adh1,23.5
./data/AraCropData/Plant_17/IMG_2013-10-07_19-40.png,14,0.9918,13.869,7.075485849042453,50.97,0.4955302591806546,0.0670850495677354,17,adh1,24.0
./data/AraCropData/Plant_17/IMG_2013-10-08_08-00.png,14,1.0045928571428573,13.9977,6.315694736131568,50.76,0.5351754038848648,0.0682689649823143,17,adh1,24.5
./data/AraCropData/Plant_17/IMG_2013-10-08_19-40.png,15,0.99492,14.832,6.360070754323414,54.36,0.5525565800502934,0.0630740451578144,17,adh1,25.0
./data/AraCropData/Plant_17/IMG_2013-10-09_08-00.png,13,1.1598923076923076,15.0462,6.390070422147161,52.53,0.559298785587635,0.0685207160502741,17,adh1,25.5
./data/AraCropData/Plant_17/IMG_2013-10-09_19-40.png,14,1.1042999999999998,15.381,6.368060929356754,54.72,0.5681893742935034,0.0645508936041012,17,adh1,26.0
./data/AraCropData/Plant_18/IMG_2013-09-14_08-00.png,5,0.06912,0.3366,0.8919641248391104,4.109999999999999,0.7965921192758254,0.2504034636778908,18,col0,0.5
./data/AraCropData/Plant_18/IMG_2013-09-14_19-40.png,6,0.0677999999999999,0.3888,0.9972462083156796,4.59,0.7315834038950039,0.231905340057378,18,col0,1.0
./data/AraCropData/Plant_18/IMG_2013-09-15_08-00.png,5,0.08208,0.4085999999999999,1.0551303237041385,4.38,0.6537077033837291,0.2676455366353473,18,col0,1.5
./data/AraCropData/Plant_18/IMG_2013-09-15_19-40.png,5,0.0793799999999999,0.3969,1.0478549517943787,4.17,0.7033492822966505,0.2868262222934835,18,col0,2.0
./data/AraCropData/Plant_18/IMG_2013-09-16_08-00.png,6,0.0833999999999999,0.5004,1.2592855117089212,5.16,0.5978494623655916,0.2361716489177832,18,col0,2.5
./data/AraCropData/Plant_18/IMG_2013-09-16_19-40.png,5,0.1132199999999999,0.5660999999999999,1.4252368224263643,5.67,0.5805260729118596,0.2212773191240984,18,col0,3.0
./data/AraCropData/Plant_18/IMG_2013-09-17_08-00.png,6,0.1193999999999999,0.702,1.7194475857088518,6.96,0.5475605475605476,0.1821077786712276,18,col0,3.5
./data/AraCropData/Plant_18/IMG_2013-09-17_19-40.png,5,0.1402199999999999,0.7011,1.7361163555476344,6.09,0.5228187919463084,0.2375501154744302,18,col0,4.0
./data/AraCropData/Plant_18/IMG_2013-09-18_08-00.png,6,0.1379999999999999,0.8171999999999999,1.8985520798756088,7.89,0.5239469128678591,0.164962114788968,18,col0,4.5
./data/AraCropData/Plant_18/IMG_2013-09-18_19-40.png,6,0.1362,0.8171999999999999,1.9091883092036783,7.649999999999999,0.5058495821727022,0.175475040643416,18,col0,5.0
./data/AraCropData/Plant_18/IMG_2013-09-19_08-00.png,7,0.1464428571428571,0.9693,1.972941965694886,8.37,0.5513181469157921,0.1738670000599276,18,col0,5.5
./data/AraCropData/Plant_18/IMG_2013-09-19_19-40.png,5,0.2050199999999999,1.0215,2.087534430853776,8.01,0.539448669201521,0.2000705669499875,18,col0,6.0
./data/AraCropData/Plant_18/IMG_2013-09-20_08-00.png,7,0.1490142857142857,1.0377,2.020940375171915,8.67,0.5804178202869369,0.1734776321925758,18,col0,6.5
./data/AraCropData/Plant_18/IMG_2013-09-20_19-40.png,6,0.17865,1.0611,1.9582900704441104,8.879999999999999,0.5265743635551586,0.1690986914984645,18,col0,7.0
./data/AraCropData/Plant_18/IMG_2013-09-21_08-00.png,6,0.2088,1.2384,2.01246117974981,9.81,0.5676567656765679,0.1617084791343622,18,col0,7.5
./data/AraCropData/Plant_18/IMG_2013-09-21_19-40.png,8,0.1749375,1.3689,2.2443930137121706,10.86,0.5714822468532781,0.1458552066820327,18,col0,8.0
./data/AraCropData/Plant_18/IMG_2013-09-22_08-00.png,7,0.2193428571428571,1.4958,2.240178564311337,11.79,0.5701543739279591,0.1352246240575526,18,col0,8.5
./data/AraCropData/Plant_18/IMG_2013-09-22_19-40.png,8,0.2181375,1.6713,2.4181191037663963,12.42,0.5869152970922884,0.1361510783849389,18,col0,9.0
./data/AraCropData/Plant_18/IMG_2013-09-23_08-00.png,8,0.2356875,1.8855,2.373604853382297,13.08,0.5606101150655607,0.1384907964243459,18,col0,9.5
./data/AraCropData/Plant_18/IMG_2013-09-23_19-40.png,10,0.21132,2.079,2.5959969183340723,15.57,0.5667320902845927,0.1077673312735313,18,col0,10.0
./data/AraCropData/Plant_18/IMG_2013-09-24_08-00.png,10,0.2485799999999999,2.4516,3.1075713990188545,17.46,0.5010576657776143,0.1010580695596249,18,col0,10.5
./data/AraCropData/Plant_18/IMG_2013-09-24_19-40.png,10,0.28089,2.7945,3.316051869316884,17.49,0.5140728476821191,0.1147980098137487,18,col0,11.0
./data/AraCropData/Plant_18/IMG_2013-09-25_08-00.png,9,0.3739999999999999,2.8764,3.606244584051392,20.88,0.4323593073593073,0.0829083277255332,18,col0,11.5
./data/AraCropData/Plant_18/IMG_2013-09-25_19-40.png,12,0.3014999999999999,3.5748,3.6394092927286974,22.74,0.5438860742160757,0.0868721745188258,18,col0,12.0
./data/AraCropData/Plant_18/IMG_2013-09-26_08-00.png,11,0.3924818181818182,4.2435,4.128462183428595,26.13,0.4429309534992953,0.0781007583912595,18,col0,12.5
./data/AraCropData/Plant_18/IMG_2013-09-26_19-40.png,11,0.4318363636363636,4.658399999999999,4.301627598944381,27.36,0.4489742811293751,0.0782013868448982,18,col0,13.0
./data/AraCropData/Plant_18/IMG_2013-09-27_08-00.png,12,0.453225,5.3019,4.825898880001527,32.19,0.4151807738388892,0.0642982929199124,18,col0,13.5
./data/AraCropData/Plant_18/IMG_2013-09-27_19-40.png,12,0.5082,6.017399999999999,5.120956941822495,33.93,0.4340853757506897,0.0656827044661347,18,col0,14.0
./data/AraCropData/Plant_18/IMG_2013-09-28_08-00.png,12,0.5685749999999999,6.7203,5.652910754646671,37.14,0.4018188667061292,0.0612230168110924,18,col0,14.5
./data/AraCropData/Plant_18/IMG_2013-09-28_19-40.png,12,0.606,7.2162,5.78346781784078,36.45,0.4174302374010828,0.0682532537966311,18,col0,15.0
./data/AraCropData/Plant_18/IMG_2013-09-29_08-00.png,13,0.6233538461538461,7.7292,6.266625886392133,40.77,0.3854837623717934,0.0584336461505189,18,col0,15.5
./data/AraCropData/Plant_18/IMG_2013-09-29_19-40.png,14,0.6096214285714285,8.4591,6.589423343510417,40.86,0.3978075930079992,0.0636703589803594,18,col0,16.0
./data/AraCropData/Plant_18/IMG_2013-09-30_08-00.png,14,0.6892071428571428,9.5121,7.14226854717743,44.25,0.394873998244008,0.0610463526679285,18,col0,16.5
./data/AraCropData/Plant_18/IMG_2013-09-30_19-40.png,14,0.7542642857142858,10.2573,7.8102624795841535,52.74,0.3770033575362629,0.0463407086511884,18,col0,17.0
./data/AraCropData/Plant_18/IMG_2013-10-01_08-00.png,14,0.8417571428571426,11.6892,8.107441026612527,55.8,0.3852234135634944,0.0471765584285168,18,col0,17.5
./data/AraCropData/Plant_18/IMG_2013-10-01_19-40.png,15,0.8213399999999998,12.1977,8.295691652900317,57.12,0.3565546815395543,0.046979827115518,18,col0,18.0
./data/AraCropData/Plant_18/IMG_2013-10-02_08-00.png,16,0.81208125,12.8151,8.286301949603333,57.99,0.3620529641354234,0.0478878838336899,18,col0,18.5
./data/AraCropData/Plant_18/IMG_2013-10-02_19-40.png,17,0.8303823529411766,13.8645,8.435069649979187,63.3,0.3584517119821298,0.0434817140931702,18,col0,19.0
./data/AraCropData/Plant_18/IMG_2013-10-03_08-00.png,16,0.9545625,15.0948,8.405355435673139,65.03999999999999,0.376886172376212,0.0448410901148609,18,col0,19.5
./data/AraCropData/Plant_18/IMG_2013-10-03_19-40.png,17,0.9616764705882354,16.109099999999998,8.604301249956325,68.28,0.3849744052996085,0.0434204296584546,18,col0,20.0
./data/AraCropData/Plant_18/IMG_2013-10-04_08-00.png,17,1.0303941176470588,17.3727,8.652126906142788,73.41,0.4188564608874904,0.0405104190813326,18,col0,20.5
./data/AraCropData/Plant_18/IMG_2013-10-04_19-40.png,18,1.0224000000000002,17.4438,8.863870486418447,77.42999999999999,0.4135003093465322,0.0365622104560041,18,col0,21.0
./data/AraCropData/Plant_18/IMG_2013-10-05_08-00.png,20,0.95067,18.5292,8.891344105364498,78.33,0.4336187196579575,0.0379498689013509,18,col0,21.5
./data/AraCropData/Plant_18/IMG_2013-10-05_19-40.png,18,1.0626000000000002,18.8874,8.904493247793498,77.88,0.4363401981474359,0.0391318298319777,18,col0,22.0
./data/AraCropData/Plant_18/IMG_2013-10-06_08-00.png,18,1.07255,19.1853,8.86341356363337,79.61999999999999,0.443531272106862,0.0380306818710882,18,col0,22.5
./data/AraCropData/Plant_18/IMG_2013-10-06_19-40.png,20,0.98541,19.4418,8.813671198768422,80.46,0.4468023496318359,0.0377386429055563,18,col0,23.0
./data/AraCropData/Plant_18/IMG_2013-10-07_08-00.png,18,1.0963500000000002,19.6281,8.714883820223882,78.21,0.4440485401311236,0.0403239951816837,18,col0,23.5
./data/AraCropData/Plant_18/IMG_2013-10-07_19-40.png,18,1.0685,19.0674,8.630880603970837,80.39999999999999,0.4256524621782893,0.0370671541317405,18,col0,24.0
./data/AraCropData/Plant_18/IMG_2013-10-08_08-00.png,19,1.0419631578947368,19.5219,8.770062713572804,81.48,0.4285615497841484,0.0369513157447039,18,col0,24.5
./data/AraCropData/Plant_18/IMG_2013-10-08_19-40.png,17,1.1232,18.9576,8.743185918187946,79.61999999999999,0.4189673005012331,0.0375793161764133,18,col0,25.0
./data/AraCropData/Plant_18/IMG_2013-10-09_08-00.png,20,0.9868049999999998,19.4013,8.80151123387342,79.83,0.419343857294311,0.0382567820391924,18,col0,25.5
./data/AraCropData/Plant_18/IMG_2013-10-09_19-40.png,18,1.0751,19.2798,8.746685086362719,80.19,0.4207983028207747,0.0376766223010476,18,col0,26.0
./data/AraCropData/Plant_19/IMG_2013-09-14_08-00.png,3,0.03,0.0756,0.4080441152620633,1.38,0.8038277511961726,0.4988540319499861,19,ctr,0.5
./data/AraCropData/Plant_19/IMG_2013-09-14_19-40.png,2,0.0378,0.0756,0.4429446918070019,1.02,1.0700636942675164,0.913127276475926,19,ctr,1.0
./data/AraCropData/Plant_19/IMG_2013-09-15_08-00.png,2,0.03375,0.0675,0.4429446918070019,1.05,1.006711409395974,0.7693696294505616,19,ctr,1.5
./data/AraCropData/Plant_19/IMG_2013-09-15_19-40.png,2,0.04005,0.0801,0.4569463863518345,0.99,1.0787878787878782,1.0270036590247626,19,ctr,2.0
./data/AraCropData/Plant_19/IMG_2013-09-16_08-00.png,2,0.0395999999999999,0.0791999999999999,0.4695742752749558,1.08,1.029239766081871,0.8532720787527831,19,ctr,2.5
./data/AraCropData/Plant_19/IMG_2013-09-16_19-40.png,3,0.033,0.0954,0.5126402247190518,1.41,0.9636363636363644,0.6030037506211283,19,ctr,3.0
./data/AraCropData/Plant_19/IMG_2013-09-17_08-00.png,3,0.0297,0.0891,0.5239274758971894,1.38,0.9041095890410966,0.5879351090839122,19,ctr,3.5
./data/AraCropData/Plant_19/IMG_2013-09-17_19-40.png,3,0.0342,0.1008,0.5239274758971894,1.56,0.8615384615384616,0.5205005579912083,19,ctr,4.0
./data/AraCropData/Plant_19/IMG_2013-09-18_08-00.png,3,0.0348,0.1043999999999999,0.5239274758971894,1.74,0.8436363636363643,0.4333231246330749,19,ctr,4.5
./data/AraCropData/Plant_19/IMG_2013-09-18_19-40.png,4,0.0308249999999999,0.1197,0.5126402247190518,1.98,0.8060606060606063,0.3836839512648691,19,ctr,5.0
./data/AraCropData/Plant_19/IMG_2013-09-19_08-00.png,4,0.032625,0.1287,0.5239274758971894,2.04,0.8101983002832857,0.388622620643028,19,ctr,5.5
./data/AraCropData/Plant_19/IMG_2013-09-19_19-40.png,4,0.0368999999999999,0.144,0.5977457653551382,2.25,0.7565011820330966,0.3574434308084386,19,ctr,6.0
./data/AraCropData/Plant_19/IMG_2013-09-20_08-00.png,4,0.03285,0.1314,0.626418390534633,2.04,0.6903073286052002,0.3967755427544202,19,ctr,6.5
./data/AraCropData/Plant_19/IMG_2013-09-20_19-40.png,4,0.03555,0.1422,0.6356886030125127,2.34,0.729792147806005,0.3263455879468687,19,ctr,7.0
./data/AraCropData/Plant_19/IMG_2013-09-21_08-00.png,5,0.0300599999999999,0.1431,0.6841052550594827,2.43,0.6809421841541754,0.3045348159858419,19,ctr,7.5
./data/AraCropData/Plant_19/IMG_2013-09-21_19-40.png,6,0.0297,0.1746,0.7212489168102784,2.82,0.6928571428571426,0.2759026594823087,19,ctr,8.0
./data/AraCropData/Plant_19/IMG_2013-09-22_08-00.png,5,0.03366,0.1683,0.75,2.76,0.6750902527075814,0.2776360237340697,19,ctr,8.5
./data/AraCropData/Plant_19/IMG_2013-09-22_19-40.png,5,0.03744,0.1872,0.7421590126111788,2.73,0.6561514195583598,0.3156388223386919,19,ctr,9.0
./data/AraCropData/Plant_19/IMG_2013-09-23_08-00.png,6,0.0327,0.1872,0.80049984384758,3.09,0.6624203821656051,0.2463761983020744,19,ctr,9.5
./data/AraCropData/Plant_19/IMG_2013-09-23_19-40.png,5,0.03708,0.1835999999999999,0.8077747210701756,2.82,0.6181818181818187,0.2901244460535617,19,ctr,10.0
./data/AraCropData/Plant_19/IMG_2013-09-24_08-00.png,6,0.0310499999999999,0.1827,0.7971198153351854,3.15,0.5816618911174781,0.2313807922643911,19,ctr,10.5
./data/AraCropData/Plant_19/IMG_2013-09-24_19-40.png,6,0.0337499999999999,0.1989,0.7920227269466451,3.15,0.6727549467275495,0.2518973157164061,19,ctr,11.0
./data/AraCropData/Plant_19/IMG_2013-09-25_08-00.png,6,0.0361499999999999,0.2168999999999999,0.8160882305241266,3.66,0.6760168302945299,0.2034732140594303,19,ctr,11.5
./data/AraCropData/Plant_19/IMG_2013-09-25_19-40.png,5,0.04266,0.2133,0.7988116173416608,3.48,0.6405405405405405,0.2213309925388766,19,ctr,12.0
./data/AraCropData/Plant_19/IMG_2013-09-26_08-00.png,6,0.0364499999999999,0.2187,0.8448076704197234,3.57,0.6361256544502623,0.2156364705380466,19,ctr,12.5
./data/AraCropData/Plant_19/IMG_2013-09-26_19-40.png,6,0.0394499999999999,0.2115,0.8357032966310471,3.45,0.6127770534550194,0.2232965666823747,19,ctr,13.0
./data/AraCropData/Plant_19/IMG_2013-09-27_08-00.png,5,0.04662,0.2313,0.8919641248391104,3.45,0.6481715006305169,0.2442009261164694,19,ctr,13.5
./data/AraCropData/Plant_19/IMG_2013-09-27_19-40.png,8,0.0363374999999999,0.2835,0.9024965373894792,4.32,0.6376518218623483,0.1908953869368797,19,ctr,14.0
./data/AraCropData/Plant_19/IMG_2013-09-28_08-00.png,8,0.0390375,0.3105,0.9241753080449616,4.859999999999999,0.6673114119922634,0.1651957728225085,19,ctr,14.5
./data/AraCropData/Plant_19/IMG_2013-09-28_19-40.png,6,0.0468,0.2789999999999999,0.9604686356149272,3.93,0.6181455633100696,0.2270016252229674,19,ctr,15.0
./data/AraCropData/Plant_19/IMG_2013-09-29_08-00.png,8,0.041175,0.315,0.9684007434941384,4.109999999999999,0.6673021925643469,0.2343347922119298,19,ctr,15.5
./data/AraCropData/Plant_19/IMG_2013-09-29_19-40.png,6,0.05325,0.3195,0.9716480844420988,4.44,0.5921601334445371,0.2036642425172346,19,ctr,16.0
./data/AraCropData/Plant_19/IMG_2013-09-30_08-00.png,8,0.0441,0.3438,0.9827003612495518,5.16,0.6171243941841678,0.1622618163427935,19,ctr,16.5
./data/AraCropData/Plant_19/IMG_2013-09-30_19-40.png,8,0.05085,0.3923999999999999,1.7904747973652129,6.029999999999999,0.3769995676610462,0.1356139102462958,19,ctr,17.0
./data/AraCropData/Plant_19/IMG_2013-10-01_08-00.png,8,0.054675,0.3762,1.1063453348751464,5.37,0.5652467883705208,0.163938170369281,19,ctr,17.5
./data/AraCropData/Plant_19/IMG_2013-10-01_19-40.png,7,0.0505285714285714,0.3519,1.0239628899525606,4.68,0.6484245439469323,0.2019005140620659,19,ctr,18.0
./data/AraCropData/Plant_19/IMG_2013-10-02_08-00.png,7,0.0557999999999999,0.3852,1.0270345661174214,4.89,0.6584615384615388,0.2024316542943177,19,ctr,18.5
./data/AraCropData/Plant_19/IMG_2013-10-02_19-40.png,8,0.0547875,0.4347,1.20074976577137,5.73,0.586877278250304,0.1663758396627143,19,ctr,19.0
./data/AraCropData/Plant_19/IMG_2013-10-03_08-00.png,9,0.0489999999999999,0.441,1.1164676439557035,6.09,0.6159648020113139,0.1494217671148534,19,ctr,19.5
./data/AraCropData/Plant_19/IMG_2013-10-03_19-40.png,11,0.0476999999999999,0.4869,1.291394595001853,7.59,0.5715795034337031,0.1062101657949399,19,ctr,20.0
./data/AraCropData/Plant_19/IMG_2013-10-04_08-00.png,10,0.05157,0.5103,1.3179529581893277,7.5,0.5465060240963858,0.1140021142134664,19,ctr,20.5
./data/AraCropData/Plant_19/IMG_2013-10-04_19-40.png,8,0.062325,0.4967999999999999,1.2369316876852985,6.69,0.5888,0.1394887606653313,19,ctr,21.0
./data/AraCropData/Plant_19/IMG_2013-10-05_08-00.png,9,0.056,0.504,1.2660568707605515,7.35,0.5696846388606306,0.117237276868657,19,ctr,21.5
./data/AraCropData/Plant_19/IMG_2013-10-05_19-40.png,8,0.0641249999999999,0.4589999999999999,1.3024976007655449,6.27,0.5964912280701752,0.1467193748614541,19,ctr,22.0
./data/AraCropData/Plant_19/IMG_2013-10-06_08-00.png,10,0.05949,0.5643,1.3366001645967276,8.129999999999999,0.5603217158176944,0.1072849549325744,19,ctr,22.5
./data/AraCropData/Plant_19/IMG_2013-10-06_19-40.png,12,0.0677999999999999,0.765,1.8660385848100784,9.57,0.4765909728062797,0.1049657041715912,19,ctr,23.0
./data/AraCropData/Plant_19/IMG_2013-10-07_08-00.png,10,0.0621899999999999,0.6093,1.776091213873882,8.67,0.4144475053565962,0.1018598065866208,19,ctr,23.5
./data/AraCropData/Plant_19/IMG_2013-10-07_19-40.png,12,0.0707999999999999,0.8351999999999999,1.863866948041088,10.98,0.4431709646609358,0.0870553908008996,19,ctr,24.0
./data/AraCropData/Plant_19/IMG_2013-10-08_08-00.png,12,0.0687,0.8064,1.843963123275517,10.41,0.4605499871498332,0.0935101867008763,19,ctr,24.5
./data/AraCropData/Plant_19/IMG_2013-10-08_19-40.png,14,0.08055,1.0917,1.982952344359289,13.14,0.5181546347714651,0.0794552217177377,19,ctr,25.0
./data/AraCropData/Plant_19/IMG_2013-10-09_08-00.png,13,0.0708230769230769,0.9045,1.9386593305684208,11.7,0.4846877260670363,0.0830322318700261,19,ctr,25.5
./data/AraCropData/Plant_19/IMG_2013-10-09_19-40.png,12,0.087075,1.0143,1.9386593305684208,12.96,0.4491829414109206,0.0758868081403398,19,ctr,26.0
./data/AraCropData/Plant_20/IMG_2013-09-14_08-00.png,5,0.06894,0.3393,0.931933474020544,3.99,0.6923783287419654,0.2678230381374531,20,col0,0.5
./data/AraCropData/Plant_20/IMG_2013-09-14_19-40.png,5,0.08388,0.4175999999999999,0.9936297097007516,4.23,0.7388535031847133,0.2932848430693957,20,col0,1.0
./data/AraCropData/Plant_20/IMG_2013-09-15_08-00.png,5,0.0860399999999999,0.4301999999999999,1.2256018929489296,4.56,0.5989974937343359,0.2599863726481858,20,col0,1.5
./data/AraCropData/Plant_20/IMG_2013-09-15_19-40.png,5,0.0948599999999999,0.4743,1.1943617542436629,4.8,0.6160140268848625,0.2586905200690345,20,col0,2.0
./data/AraCropData/Plant_20/IMG_2013-09-16_08-00.png,5,0.10566,0.5283,1.4481022063376603,5.34,0.5485981308411217,0.2328133932151507,20,col0,2.5
./data/AraCropData/Plant_20/IMG_2013-09-16_19-40.png,5,0.1276199999999999,0.6381,1.548709139896837,6.029999999999999,0.5629217943628425,0.2205281246895041,20,col0,3.0
./data/AraCropData/Plant_20/IMG_2013-09-17_08-00.png,6,0.12915,0.7749,2.1002142747824566,7.56,0.5004359197907585,0.1703773793613512,20,col0,3.5
./data/AraCropData/Plant_20/IMG_2013-09-17_19-40.png,7,0.1154571428571428,0.7902,1.8309833423600557,7.319999999999999,0.5326053988474367,0.1853210393611823,20,col0,4.0
./data/AraCropData/Plant_20/IMG_2013-09-18_08-00.png,6,0.1488,0.8927999999999999,2.194925966860841,8.16,0.5195077245352184,0.1684937236354387,20,col0,4.5
./data/AraCropData/Plant_20/IMG_2013-09-18_19-40.png,7,0.1391142857142857,0.936,2.2453952881397075,7.68,0.5094293411707079,0.1994175024251333,20,col0,5.0
./data/AraCropData/Plant_20/IMG_2013-09-19_08-00.png,6,0.18015,1.0809,2.351701511671921,8.879999999999999,0.5422121896162527,0.1722540530022526,20,col0,5.5
./data/AraCropData/Plant_20/IMG_2013-09-19_19-40.png,5,0.2260799999999999,1.1304,2.4957764322951683,8.82,0.5292878213232199,0.1826017109958249,20,col0,6.0
./data/AraCropData/Plant_20/IMG_2013-09-20_08-00.png,7,0.1625142857142857,1.1124,2.44311276858028,9.3,0.5159674389480277,0.1616236636768776,20,col0,6.5
./data/AraCropData/Plant_20/IMG_2013-09-20_19-40.png,8,0.15255,1.2114,2.136539257771783,10.62,0.5738648475804734,0.1349734658537413,20,col0,7.0
./data/AraCropData/Plant_20/IMG_2013-09-21_08-00.png,7,0.1879714285714286,1.3122,2.352275494069519,10.32,0.51410437235543,0.1548283561700215,20,col0,7.5
./data/AraCropData/Plant_20/IMG_2013-09-21_19-40.png,6,0.23625,1.4121,2.7549410157025136,9.66,0.5097465886939571,0.1901608299634422,20,col0,8.0
./data/AraCropData/Plant_20/IMG_2013-09-22_08-00.png,8,0.2221874999999999,1.7379,2.7601630386627525,13.32,0.5311511483977444,0.1230909709861596,20,col0,8.5
./data/AraCropData/Plant_20/IMG_2013-09-22_19-40.png,8,0.2404125,1.8621,2.971363323459452,12.24,0.5061154598825833,0.1561888504488005,20,col0,9.0
./data/AraCropData/Plant_20/IMG_2013-09-23_08-00.png,9,0.2309,2.0313,2.7785247884444,14.58,0.4997785651018599,0.120079503787569,20,col0,9.5
./data/AraCropData/Plant_20/IMG_2013-09-23_19-40.png,9,0.2895,2.6001,3.0501311447214854,16.23,0.5139197723027662,0.1240403193404547,20,col0,10.0
./data/AraCropData/Plant_20/IMG_2013-09-24_08-00.png,9,0.3032999999999999,2.7243,3.5155084980696603,16.919999999999998,0.4088054561415356,0.1195815220866192,20,col0,10.5
./data/AraCropData/Plant_20/IMG_2013-09-24_19-40.png,9,0.3250999999999999,2.8737,3.70994609125254,18.63,0.4134403729120807,0.1040460463790127,20,col0,11.0
./data/AraCropData/Plant_20/IMG_2013-09-25_08-00.png,10,0.3713399999999999,3.654,4.205567738130013,22.41,0.409707856097684,0.0914312577293524,20,col0,11.5
./data/AraCropData/Plant_20/IMG_2013-09-25_19-40.png,9,0.4168,3.7458,4.182068866004002,20.79,0.4255841300679993,0.1089044110387796,20,col0,12.0
./data/AraCropData/Plant_20/IMG_2013-09-26_08-00.png,9,0.4972999999999999,4.4433,4.620389593962829,24.51,0.3768989999236583,0.0929456091757186,20,col0,12.5
./data/AraCropData/Plant_20/IMG_2013-09-26_19-40.png,10,0.4896000000000001,4.8528,4.722308757377052,26.52,0.3929170006558332,0.0867072110939383,20,col0,13.0
./data/AraCropData/Plant_20/IMG_2013-09-27_08-00.png,11,0.4933636363636363,5.4072,5.002179524967092,29.91,0.4190409764603312,0.0759537938299048,20,col0,13.5
./data/AraCropData/Plant_20/IMG_2013-09-27_19-40.png,11,0.5590636363636364,5.5377,5.073549053670418,31.83,0.4194131079376981,0.0686856498103455,20,col0,14.0
./data/AraCropData/Plant_20/IMG_2013-09-28_08-00.png,10,0.67293,6.7041,5.237728515301265,35.19,0.4364691061436145,0.0680317768622955,20,col0,14.5
./data/AraCropData/Plant_20/IMG_2013-09-28_19-40.png,11,0.6436636363636363,7.0497,5.31160992543692,35.01,0.430089224433768,0.0722763610120027,20,col0,15.0
./data/AraCropData/Plant_20/IMG_2013-09-29_08-00.png,12,0.6633749999999999,7.9227,5.63952125627699,39.69,0.4338697355775155,0.0632005528778897,20,col0,15.5
./data/AraCropData/Plant_20/IMG_2013-09-29_19-40.png,12,0.7457250000000001,8.9217,6.0133351810788,42.12,0.4371678684042248,0.0631947142779596,20,col0,16.0
./data/AraCropData/Plant_20/IMG_2013-09-30_08-00.png,12,0.820125,9.8091,6.9668500773305,45.72,0.3941059482914482,0.0589693828429728,20,col0,16.5
./data/AraCropData/Plant_20/IMG_2013-09-30_19-40.png,12,0.8918249999999999,10.6749,7.3529381882346865,48.09,0.3881344284826075,0.0580048255812126,20,col0,17.0
./data/AraCropData/Plant_20/IMG_2013-10-01_08-00.png,13,0.9109384615384616,11.808,8.027116543317407,51.51,0.3679966341771263,0.0559246286188756,20,col0,17.5
./data/AraCropData/Plant_20/IMG_2013-10-01_19-40.png,13,0.9436153846153847,12.2256,8.329525796826612,52.14,0.3316244324007616,0.0565116506365712,20,col0,18.0
./data/AraCropData/Plant_20/IMG_2013-10-02_08-00.png,13,1.0002461538461538,12.7134,8.56703566001683,55.47,0.3235344640014658,0.051922457989932,20,col0,18.5
./data/AraCropData/Plant_20/IMG_2013-10-02_19-40.png,15,0.93822,13.8321,8.740097253463487,56.25,0.3404778519921576,0.0549354808809489,20,col0,19.0
./data/AraCropData/Plant_20/IMG_2013-10-03_08-00.png,15,1.00758,14.8581,8.795117963961598,63.18,0.3541943788886506,0.0467750109514929,20,col0,19.5
./data/AraCropData/Plant_20/IMG_2013-10-03_19-40.png,16,0.99225,15.6852,8.855083285887265,62.34,0.3564773622147905,0.0507184915965163,20,col0,20.0
./data/AraCropData/Plant_20/IMG_2013-10-04_08-00.png,16,1.03955625,16.4763,8.915049074458311,69.33,0.3631800823290184,0.0430751853236807,20,col0,20.5
./data/AraCropData/Plant_20/IMG_2013-10-04_19-40.png,15,1.1268,16.7292,8.917269761535758,69.36,0.3616764602871929,0.043698534084936,20,col0,21.0
./data/AraCropData/Plant_20/IMG_2013-10-05_08-00.png,16,1.12336875,17.6157,8.949860334105779,77.97,0.376201276235873,0.0364128524341208,20,col0,21.5
./data/AraCropData/Plant_20/IMG_2013-10-05_19-40.png,18,1.03495,18.3375,8.981280532307183,80.28,0.3896240486480286,0.0357548749315132,20,col0,22.0
./data/AraCropData/Plant_20/IMG_2013-10-06_08-00.png,17,1.104035294117647,18.6264,8.958152711357403,78.84,0.392051374339351,0.0376569860921109,20,col0,22.5
./data/AraCropData/Plant_20/IMG_2013-10-06_19-40.png,19,1.0139684210526316,18.9738,9.218790593130969,84.11999999999999,0.375806624122072,0.0336950150299755,20,col0,23.0
./data/AraCropData/Plant_20/IMG_2013-10-07_08-00.png,17,1.1343176470588237,18.8874,8.986239480450095,80.22,0.393752052160045,0.0368821921997055,20,col0,23.5
./data/AraCropData/Plant_20/IMG_2013-10-07_19-40.png,18,1.06775,19.0791,9.235420943303016,79.95,0.374828711111897,0.0375085963418224,20,col0,24.0
./data/AraCropData/Plant_20/IMG_2013-10-08_08-00.png,17,1.1365411764705882,19.2258,9.026760216157289,78.11999999999999,0.3982030347090185,0.0395885700281412,20,col0,24.5
./data/AraCropData/Plant_20/IMG_2013-10-08_19-40.png,17,1.1161588235294118,18.9009,9.01398912801652,79.11,0.3907817122867084,0.0379515553755318,20,col0,25.0
./data/AraCropData/Plant_20/IMG_2013-10-09_08-00.png,17,1.1049352941176471,18.7155,9.026760216157289,76.53,0.385345921856035,0.0401557619967172,20,col0,25.5
./data/AraCropData/Plant_20/IMG_2013-10-09_19-40.png,18,1.02715,18.3177,9.019977827023745,77.00999999999999,0.3778239803968886,0.0388138353541605,20,col0,26.0
./data/AraCropData/Plant_21/IMG_2013-09-14_08-00.png,3,0.0626999999999999,0.1881,0.8357032966310471,2.34,0.8636363636363642,0.4316849865879466,21,pgm,0.5
./data/AraCropData/Plant_21/IMG_2013-09-14_19-40.png,4,0.054,0.2142,0.874642784226795,2.7,0.802698145025295,0.3692340995330226,21,pgm,1.0
./data/AraCropData/Plant_21/IMG_2013-09-15_08-00.png,5,0.04266,0.2115,0.874642784226795,2.88,0.8047945205479451,0.3204315423583339,21,pgm,1.5
./data/AraCropData/Plant_21/IMG_2013-09-15_19-40.png,5,0.0532799999999999,0.2646,0.9534149149242422,3.45,0.7350000000000009,0.2793582578919922,21,pgm,2.0
./data/AraCropData/Plant_21/IMG_2013-09-16_08-00.png,5,0.04878,0.2420999999999999,0.926120942425988,3.21,0.7319727891156458,0.2952531832703832,21,pgm,2.5
./data/AraCropData/Plant_21/IMG_2013-09-16_19-40.png,4,0.084375,0.3374999999999999,1.020441081101697,3.93,0.6781193490054251,0.2745987401890735,21,pgm,3.0
./data/AraCropData/Plant_21/IMG_2013-09-17_08-00.png,5,0.06858,0.3357,1.0331505214633536,4.08,0.6720720720720715,0.2534199956291074,21,pgm,3.5
./data/AraCropData/Plant_21/IMG_2013-09-17_19-40.png,5,0.08658,0.4311,1.127297653683356,4.68,0.6176660219213408,0.2473410389660603,21,pgm,4.0
./data/AraCropData/Plant_21/IMG_2013-09-18_08-00.png,5,0.0854999999999999,0.4256999999999999,1.114854250563723,4.65,0.6219592373438525,0.2474045078290068,21,pgm,4.5
./data/AraCropData/Plant_21/IMG_2013-09-18_19-40.png,5,0.10062,0.5031,1.3261221663180205,5.22,0.5421920465567408,0.2320187994922307,21,pgm,5.0
./data/AraCropData/Plant_21/IMG_2013-09-19_08-00.png,6,0.0861,0.5166,1.206731121667126,5.19,0.5994778067885119,0.2410069408480792,21,pgm,5.5
./data/AraCropData/Plant_21/IMG_2013-09-19_19-40.png,6,0.1025999999999999,0.6156,1.5556670594957007,6.09,0.538370720188902,0.2085805891970607,21,pgm,6.0
./data/AraCropData/Plant_21/IMG_2013-09-20_08-00.png,6,0.09885,0.5931,1.3682105101189654,5.91,0.5730434782608693,0.2133844787256227,21,pgm,6.5
./data/AraCropData/Plant_21/IMG_2013-09-20_19-40.png,6,0.1161,0.6966,1.7055204484262274,6.48,0.546031746031746,0.2084698828771005,21,pgm,7.0
./data/AraCropData/Plant_21/IMG_2013-09-21_08-00.png,6,0.1124999999999999,0.6749999999999999,1.597904878270293,6.63,0.5543237250554321,0.192968570683839,21,pgm,7.5
./data/AraCropData/Plant_21/IMG_2013-09-21_19-40.png,7,0.1191857142857143,0.8252999999999999,1.8483506160899237,7.47,0.5685058896466212,0.1858576773498388,21,pgm,8.0
./data/AraCropData/Plant_21/IMG_2013-09-22_08-00.png,7,0.1128857142857142,0.7812,1.74928556845359,7.529999999999999,0.564920273348519,0.1731339136404781,21,pgm,8.5
./data/AraCropData/Plant_21/IMG_2013-09-22_19-40.png,7,0.1332,0.8927999999999999,1.988617610301186,8.37,0.5599774202653118,0.1601449062761822,21,pgm,9.0
./data/AraCropData/Plant_21/IMG_2013-09-23_08-00.png,8,0.1150875,0.8811,1.8985520798756088,8.129999999999999,0.578092707410688,0.1675151050701601,21,pgm,9.5
./data/AraCropData/Plant_21/IMG_2013-09-23_19-40.png,7,0.171,1.197,2.3631546711969573,10.32,0.5165048543689321,0.1412357432826671,21,pgm,10.0
./data/AraCropData/Plant_21/IMG_2013-09-24_08-00.png,7,0.1603285714285714,1.1115,2.089258241577618,9.51,0.5544332210998876,0.1544394680883835,21,pgm,10.5
./data/AraCropData/Plant_21/IMG_2013-09-24_19-40.png,8,0.1846125,1.4715,2.497758995579838,12.78,0.524626985400289,0.1132161605638059,21,pgm,11.0
./data/AraCropData/Plant_21/IMG_2013-09-25_08-00.png,7,0.1622571428571428,1.1142,1.966545193988686,9.96,0.5226936879881783,0.1411413741161331,21,pgm,11.5
./data/AraCropData/Plant_21/IMG_2013-09-25_19-40.png,9,0.1876,1.683,2.406366555618657,13.32,0.5525188358694048,0.1192025456986631,21,pgm,12.0
./data/AraCropData/Plant_21/IMG_2013-09-26_08-00.png,7,0.225,1.5696,2.317584949899356,11.94,0.5275257108287963,0.1383535160188025,21,pgm,12.5
./data/AraCropData/Plant_21/IMG_2013-09-26_19-40.png,9,0.2377,2.1249,2.91756747993941,16.259999999999998,0.5101004645133413,0.1009967219281532,21,pgm,13.0
./data/AraCropData/Plant_21/IMG_2013-09-27_08-00.png,9,0.2229,1.9323,2.6807648162418123,14.4,0.5136363636363636,0.1171006845009945,21,pgm,13.5
./data/AraCropData/Plant_21/IMG_2013-09-27_19-40.png,10,0.25362,2.3994,3.025243791829016,17.099999999999998,0.4831898504757589,0.1031146323726733,21,pgm,14.0
./data/AraCropData/Plant_21/IMG_2013-09-28_08-00.png,9,0.2593,2.3157,2.862760905140351,16.2,0.5097068145800318,0.1108822756884298,21,pgm,14.5
./data/AraCropData/Plant_21/IMG_2013-09-28_19-40.png,9,0.3165,2.8413,3.3021810973960832,18.72,0.4618873445501097,0.1018861769331749,21,pgm,15.0
./data/AraCropData/Plant_21/IMG_2013-09-29_08-00.png,10,0.29232,2.8062,3.1869264189811477,18.48,0.4927307206068267,0.1032582000958527,21,pgm,15.5
./data/AraCropData/Plant_21/IMG_2013-09-29_19-40.png,9,0.3853999999999999,3.4398,3.727733896082176,22.08,0.4376502919958776,0.0886635095848608,21,pgm,16.0
./data/AraCropData/Plant_21/IMG_2013-09-30_08-00.png,9,0.3800999999999999,3.3957,3.512947480393067,21.15,0.4688995215311003,0.0953934235259336,21,pgm,16.5
./data/AraCropData/Plant_21/IMG_2013-09-30_19-40.png,11,0.3914999999999999,4.2291,4.188197703069902,27.27,0.4387488328664797,0.0714640364680705,21,pgm,17.0
./data/AraCropData/Plant_21/IMG_2013-10-01_08-00.png,11,0.3784090909090908,4.0581,3.7976966703516486,26.04,0.4895233959396373,0.0752056811306057,21,pgm,17.5
./data/AraCropData/Plant_21/IMG_2013-10-01_19-40.png,12,0.407475,4.7907,4.696221885728996,29.55,0.4015237233159839,0.0689435860550221,21,pgm,18.0
./data/AraCropData/Plant_21/IMG_2013-10-02_08-00.png,12,0.4179000000000001,4.8942,4.330819783828461,29.82,0.4224345529402626,0.0691633942496884,21,pgm,18.5
./data/AraCropData/Plant_21/IMG_2013-10-02_19-40.png,12,0.4719,5.5926,4.88622553716056,32.61,0.3921989396617016,0.0660879110721658,21,pgm,19.0
./data/AraCropData/Plant_21/IMG_2013-10-03_08-00.png,13,0.432276923076923,5.526,4.536353160855094,32.46,0.425104718385433,0.0659058117644853,21,pgm,19.5
./data/AraCropData/Plant_21/IMG_2013-10-03_19-40.png,13,0.5242153846153846,6.6852,5.447210295187803,37.11,0.3937867783491491,0.0610017592327775,21,pgm,20.0
./data/AraCropData/Plant_21/IMG_2013-10-04_08-00.png,12,0.5505000000000001,6.5646,5.381050083394504,36.33,0.4433099340565837,0.0625010533508458,21,pgm,20.5
./data/AraCropData/Plant_21/IMG_2013-10-04_19-40.png,13,0.5826461538461538,7.4592,5.705523639421714,40.74,0.40330900243309,0.0564754976519489,21,pgm,21.0
./data/AraCropData/Plant_21/IMG_2013-10-05_08-00.png,13,0.5778,7.443,5.5948994629036894,40.08,0.4177084122534534,0.0582240561807244,21,pgm,21.5
./data/AraCropData/Plant_21/IMG_2013-10-05_19-40.png,14,0.6291642857142856,8.6409,6.155923976138756,43.95,0.4029546933036745,0.0562148536469673,21,pgm,22.0
./data/AraCropData/Plant_21/IMG_2013-10-06_08-00.png,14,0.60165,8.3367,5.797766811454217,43.53,0.4229004496998197,0.0552874682783987,21,pgm,22.5
./data/AraCropData/Plant_21/IMG_2013-10-06_19-40.png,13,0.7453384615384615,9.6624,6.402382369087308,45.87,0.4184025409692316,0.0577081824280436,21,pgm,23.0
./data/AraCropData/Plant_21/IMG_2013-10-07_08-00.png,14,0.6731999999999999,9.3654,6.265979572261626,45.42,0.4228792034948694,0.057048198589048,21,pgm,23.5
./data/AraCropData/Plant_21/IMG_2013-10-07_19-40.png,14,0.7664142857142856,10.7118,6.628574507388447,49.23,0.40880675963454,0.055540866102922,21,pgm,24.0
./data/AraCropData/Plant_21/IMG_2013-10-08_08-00.png,16,0.68090625,10.7559,6.7463323369072175,52.23,0.4351673160251975,0.0495469092420184,21,pgm,24.5
./data/AraCropData/Plant_21/IMG_2013-10-08_19-40.png,14,0.8519142857142856,11.8854,6.957154590779193,51.06,0.4143513797593461,0.0572877869311238,21,pgm,25.0
./data/AraCropData/Plant_21/IMG_2013-10-09_08-00.png,15,0.7887000000000001,11.7819,7.015703813588484,52.05,0.4340733126647546,0.0546491899152309,21,pgm,25.5
./data/AraCropData/Plant_21/IMG_2013-10-09_19-40.png,15,0.86718,12.9483,7.061161377563892,55.74,0.4374277896017025,0.0523707373197754,21,pgm,26.0
./data/AraCropData/Plant_22/IMG_2013-09-14_08-00.png,4,0.0490499999999999,0.1926,0.6997142273814361,2.28,0.8611670020120725,0.4655822907674624,22,adh1,0.5
./data/AraCropData/Plant_22/IMG_2013-09-14_19-40.png,5,0.04788,0.2339999999999999,0.7988116173416608,2.91,0.815047021943574,0.347247992319416,22,adh1,1.0
./data/AraCropData/Plant_22/IMG_2013-09-15_08-00.png,5,0.0477,0.2331,0.7925906888173744,3.15,0.784848484848485,0.2952099763373266,22,adh1,1.5
./data/AraCropData/Plant_22/IMG_2013-09-15_19-40.png,5,0.05832,0.2915999999999999,0.840535543567314,3.66,0.7120879120879116,0.27354905126662,22,adh1,2.0
./data/AraCropData/Plant_22/IMG_2013-09-16_08-00.png,5,0.06318,0.3159,0.9124143795447328,3.66,0.6808923375363726,0.2963448055388383,22,adh1,2.5
./data/AraCropData/Plant_22/IMG_2013-09-16_19-40.png,5,0.0748799999999999,0.3744,1.0239628899525606,4.109999999999999,0.6709677419354839,0.2785236387433223,22,adh1,3.0
./data/AraCropData/Plant_22/IMG_2013-09-17_08-00.png,6,0.0702,0.4211999999999999,1.224499897917513,4.59,0.612966601178782,0.2512307850621595,22,adh1,3.5
./data/AraCropData/Plant_22/IMG_2013-09-17_19-40.png,7,0.0680142857142857,0.4760999999999999,1.3261221663180205,5.37,0.6133333333333333,0.2074719907305016,22,adh1,4.0
./data/AraCropData/Plant_22/IMG_2013-09-18_08-00.png,6,0.08115,0.4851,1.4230249470757703,5.04,0.5836491608012991,0.2399827721492202,22,adh1,4.5
./data/AraCropData/Plant_22/IMG_2013-09-18_19-40.png,8,0.07335,0.5616,1.4903690818049065,5.91,0.59798754192621,0.2020514639222892,22,adh1,5.0
./data/AraCropData/Plant_22/IMG_2013-09-19_08-00.png,7,0.0835714285714285,0.5706,1.4761097520171051,6.21,0.6230958230958233,0.1859338367173963,22,adh1,5.5
./data/AraCropData/Plant_22/IMG_2013-09-19_19-40.png,7,0.0970714285714285,0.6543,1.578923684032892,7.08,0.6261843238587422,0.164028860899151,22,adh1,6.0
./data/AraCropData/Plant_22/IMG_2013-09-20_08-00.png,7,0.0937285714285714,0.6507,1.4481022063376603,6.12,0.6935251798561154,0.218317136538391,22,adh1,6.5
./data/AraCropData/Plant_22/IMG_2013-09-20_19-40.png,7,0.1168714285714285,0.8145,1.8243354954612925,7.38,0.6300034806822136,0.187926588108848,22,adh1,7.0
./data/AraCropData/Plant_22/IMG_2013-09-21_08-00.png,9,0.0987,0.8451,1.6824089871371943,7.859999999999999,0.6591786591786595,0.17189881135836,22,adh1,7.5
./data/AraCropData/Plant_22/IMG_2013-09-21_19-40.png,7,0.1405285714285714,0.9819,1.9738540979515176,8.73,0.627011494252874,0.1619006665044798,22,adh1,8.0
./data/AraCropData/Plant_22/IMG_2013-09-22_08-00.png,9,0.1141,1.0125,1.8602419197512996,8.969999999999999,0.6277901785714283,0.158132089586851,22,adh1,8.5
./data/AraCropData/Plant_22/IMG_2013-09-22_19-40.png,9,0.1306,1.1664,2.131900560532784,9.69,0.6224783861671469,0.1561024865206173,22,adh1,9.0
./data/AraCropData/Plant_22/IMG_2013-09-23_08-00.png,8,0.153225,1.2186,2.1064187617850347,10.26,0.6020453534904399,0.1454709638165787,22,adh1,9.5
./data/AraCropData/Plant_22/IMG_2013-09-23_19-40.png,7,0.1994142857142857,1.3941,2.2260727750906977,10.77,0.6358784893267649,0.1510331862853512,22,adh1,10.0
./data/AraCropData/Plant_22/IMG_2013-09-24_08-00.png,10,0.1512899999999999,1.4733,2.262962659877533,11.4,0.5820444444444444,0.1424594785021188,22,adh1,10.5
./data/AraCropData/Plant_22/IMG_2013-09-24_19-40.png,10,0.17703,1.7505,2.437580767892625,12.57,0.6138551364999212,0.1392199340680936,22,adh1,11.0
./data/AraCropData/Plant_22/IMG_2013-09-25_08-00.png,7,0.2535428571428571,1.7676,2.3943683927081896,11.4,0.6093701520322682,0.1709165643116441,22,adh1,11.5
./data/AraCropData/Plant_22/IMG_2013-09-25_19-40.png,10,0.21735,1.8945,2.7595108262154,14.16,0.5481770833333331,0.1187347841102864,22,adh1,12.0
./data/AraCropData/Plant_22/IMG_2013-09-26_08-00.png,8,0.2630249999999999,2.0862,2.640170449043016,13.8,0.5769039323046292,0.1376599578642937,22,adh1,12.5
./data/AraCropData/Plant_22/IMG_2013-09-26_19-40.png,9,0.2706999999999999,2.4273,3.1145144083789367,15.12,0.552890528905289,0.1334227038726957,22,adh1,13.0
./data/AraCropData/Plant_22/IMG_2013-09-27_08-00.png,11,0.2509363636363636,2.6775,3.2262206992082856,18.54,0.5529225908372827,0.0978858426747691,22,adh1,13.5
./data/AraCropData/Plant_22/IMG_2013-09-27_19-40.png,9,0.3209,2.8683,3.3868126608951963,17.4,0.4963401339355241,0.1190517929487594,22,adh1,14.0
./data/AraCropData/Plant_22/IMG_2013-09-28_08-00.png,9,0.3745,3.3615,3.556866598566778,20.34,0.5211021974189048,0.1021036064875686,22,adh1,14.5
./data/AraCropData/Plant_22/IMG_2013-09-28_19-40.png,10,0.3967199999999999,3.7872,3.745317076029745,23.61,0.4891601278698054,0.0853760642609226,22,adh1,15.0
./data/AraCropData/Plant_22/IMG_2013-09-29_08-00.png,11,0.4370727272727272,3.6918,3.882074187853705,24.9,0.4293714345527817,0.0748254496445076,22,adh1,15.5
./data/AraCropData/Plant_22/IMG_2013-09-29_19-40.png,11,0.441,4.6638,4.493194854443773,26.16,0.4710052717687694,0.0856395354499953,22,adh1,16.0
./data/AraCropData/Plant_22/IMG_2013-09-30_08-00.png,11,0.4756090909090909,5.2155,4.7352507853333385,26.79,0.4834605597964376,0.0913188400890983,22,adh1,16.5
./data/AraCropData/Plant_22/IMG_2013-09-30_19-40.png,12,0.462825,5.5305,5.076031914793287,28.17,0.4783962631374077,0.0875791179128512,22,adh1,17.0
./data/AraCropData/Plant_22/IMG_2013-10-01_08-00.png,12,0.527925,6.1749,5.313049971532359,30.42,0.479337688196458,0.0838535345256335,22,adh1,17.5
./data/AraCropData/Plant_22/IMG_2013-10-01_19-40.png,12,0.558375,6.6429,5.523422851819332,31.77,0.4837303797883148,0.0827052634013282,22,adh1,18.0
./data/AraCropData/Plant_22/IMG_2013-10-02_08-00.png,11,0.6737727272727274,7.3881,5.686563109647162,33.39,0.4889219773674805,0.0832740699624178,22,adh1,18.5
./data/AraCropData/Plant_22/IMG_2013-10-02_19-40.png,13,0.5950384615384615,7.6815,5.7506956100979645,33.78,0.4786204962848731,0.0845934249039776,22,adh1,19.0
./data/AraCropData/Plant_22/IMG_2013-10-03_08-00.png,13,0.6499384615384615,8.415,5.730078533493237,36.81,0.5012464148819257,0.0780427113953024,22,adh1,19.5
./data/AraCropData/Plant_22/IMG_2013-10-03_19-40.png,12,0.736725,8.7867,5.777629271595747,35.46,0.4778873687559656,0.0878128758134486,22,adh1,20.0
./data/AraCropData/Plant_22/IMG_2013-10-04_08-00.png,13,0.7692230769230768,9.9567,6.046097915184635,42.42,0.5087021496723758,0.0695318776803872,22,adh1,20.5
./data/AraCropData/Plant_22/IMG_2013-10-04_19-40.png,12,0.8237249999999999,9.5337,6.05918311325875,40.95,0.475171578522406,0.0714436334408924,22,adh1,21.0
./data/AraCropData/Plant_22/IMG_2013-10-05_08-00.png,15,0.7653,11.4435,6.09443188492578,45.24,0.5352670020417184,0.0702624914521213,22,adh1,21.5
./data/AraCropData/Plant_22/IMG_2013-10-05_19-40.png,14,0.8664428571428572,12.0636,6.1166167118759365,46.68,0.5472584003592863,0.0695704957155939,22,adh1,22.0
./data/AraCropData/Plant_22/IMG_2013-10-06_08-00.png,15,0.8664,12.9312,6.143850584120679,49.2,0.5772251571821708,0.0671302844241198,22,adh1,22.5
./data/AraCropData/Plant_22/IMG_2013-10-06_19-40.png,15,0.88212,13.0698,6.157093470136701,51.42,0.5757101230946103,0.062117599064647,22,adh1,23.0
./data/AraCropData/Plant_22/IMG_2013-10-07_08-00.png,16,0.870975,13.7772,6.14121323518407,52.53,0.5905978124578021,0.0627416629559514,22,adh1,23.5
./data/AraCropData/Plant_22/IMG_2013-10-07_19-40.png,16,0.88065,13.8726,6.157093470136701,52.92,0.5783430886987844,0.062248380513306,22,adh1,24.0
./data/AraCropData/Plant_22/IMG_2013-10-08_08-00.png,15,0.96978,14.4081,6.14121323518407,54.81,0.586463961901273,0.0602694147075255,22,adh1,24.5
./data/AraCropData/Plant_22/IMG_2013-10-08_19-40.png,16,0.91305,14.4864,6.121323386327502,54.96,0.5879280431010866,0.0602666274386707,22,adh1,25.0
./data/AraCropData/Plant_22/IMG_2013-10-09_08-00.png,16,0.92649375,14.6601,6.138867973820581,55.53,0.5931360946745561,0.0597436084273212,22,adh1,25.5
./data/AraCropData/Plant_22/IMG_2013-10-09_19-40.png,17,0.8998411764705883,15.0903,6.1166167118759365,56.22,0.6111202230605215,0.0599965192651905,22,adh1,26.0
./data/AraCropData/Plant_23/IMG_2013-09-14_08-00.png,4,0.07065,0.2808,0.8160882305241266,3.24,0.8167539267015707,0.3361374855692783,23,col0,0.5
./data/AraCropData/Plant_23/IMG_2013-09-14_19-40.png,5,0.0763199999999999,0.3816,0.9840731680114037,4.14,0.6800320769847634,0.2797805681835901,23,col0,1.0
./data/AraCropData/Plant_23/IMG_2013-09-15_08-00.png,4,0.088875,0.3555,1.074150827398089,4.14,0.6095679012345682,0.2606446330955615,23,col0,1.5
./data/AraCropData/Plant_23/IMG_2013-09-15_19-40.png,5,0.0748799999999999,0.3744,1.0261578825892244,4.26,0.6283987915407857,0.2592546208873942,23,col0,2.0
./data/AraCropData/Plant_23/IMG_2013-09-16_08-00.png,5,0.08658,0.4329,1.3261221663180205,4.92,0.5462805224304372,0.2247332043986749,23,col0,2.5
./data/AraCropData/Plant_23/IMG_2013-09-16_19-40.png,5,0.1044,0.5184,1.4712239802287077,5.73,0.5592233009708738,0.1984109392251003,23,col0,3.0
./data/AraCropData/Plant_23/IMG_2013-09-17_08-00.png,6,0.1098,0.6587999999999999,2.0066389809828773,6.72,0.4771838331160363,0.1833263570175166,23,col0,3.5
./data/AraCropData/Plant_23/IMG_2013-09-17_19-40.png,6,0.11175,0.6687,1.7580102388780334,6.33,0.5403636363636362,0.2097170631043522,23,col0,4.0
./data/AraCropData/Plant_23/IMG_2013-09-18_08-00.png,6,0.12315,0.7389,2.0645580640902303,6.779999999999999,0.4974250227203878,0.201992917894684,23,col0,4.5
./data/AraCropData/Plant_23/IMG_2013-09-18_19-40.png,7,0.1187999999999999,0.8298,2.0402205763103165,7.109999999999999,0.5560916767189384,0.2062738112916227,23,col0,5.0
./data/AraCropData/Plant_23/IMG_2013-09-19_08-00.png,6,0.1359,0.8099999999999999,2.1508137994721905,7.649999999999999,0.5436424041075204,0.1739290050430335,23,col0,5.5
./data/AraCropData/Plant_23/IMG_2013-09-19_19-40.png,7,0.1475999999999999,1.0296,2.384386713601634,10.11,0.5441141498216412,0.1265832047726659,23,col0,6.0
./data/AraCropData/Plant_23/IMG_2013-09-20_08-00.png,8,0.0993375,0.7676999999999999,2.0682601383771817,8.85,0.4507265521796565,0.1231728139505702,23,col0,6.5
./data/AraCropData/Plant_23/IMG_2013-09-20_19-40.png,6,0.1824,1.0944,2.532113741521103,9.6,0.5009268795056643,0.1492256510455152,23,col0,7.0
./data/AraCropData/Plant_23/IMG_2013-09-21_08-00.png,9,0.1224,1.089,2.3977489443225704,10.17,0.488888888888889,0.1323109653011599,23,col0,7.5
./data/AraCropData/Plant_23/IMG_2013-09-21_19-40.png,8,0.165375,1.3032,2.856308806834443,11.58,0.5040027845457709,0.1221247862331343,23,col0,8.0
./data/AraCropData/Plant_23/IMG_2013-09-22_08-00.png,10,0.1566,1.3842,2.784025861948844,12.3,0.440498353143348,0.1149736942586818,23,col0,8.5
./data/AraCropData/Plant_23/IMG_2013-09-22_19-40.png,7,0.2395285714285714,1.6749,2.954200399431291,12.87,0.4594494506851005,0.1270695970643629,23,col0,9.0
./data/AraCropData/Plant_23/IMG_2013-09-23_08-00.png,9,0.2104,1.872,3.0420059171540084,15.06,0.4569922003735033,0.1037207777569684,23,col0,9.5
./data/AraCropData/Plant_23/IMG_2013-09-23_19-40.png,7,0.2889,2.0205,3.0878147612834552,14.64,0.5029121863799286,0.1184640470859494,23,col0,10.0
./data/AraCropData/Plant_23/IMG_2013-09-24_08-00.png,10,0.25749,2.5623,3.0660234832760165,18.48,0.4477471101674922,0.0942835457578232,23,col0,10.5
./data/AraCropData/Plant_23/IMG_2013-09-24_19-40.png,9,0.3217,2.8755,3.3062667768950527,18.24,0.4597783853791913,0.1086109388874154,23,col0,11.0
./data/AraCropData/Plant_23/IMG_2013-09-25_08-00.png,9,0.3393,3.0303,3.558005059018326,20.55,0.4420085329832621,0.0901720280431505,23,col0,11.5
./data/AraCropData/Plant_23/IMG_2013-09-25_19-40.png,10,0.3551399999999999,3.5118,3.588606972071475,22.68,0.4858672643506412,0.085793332593624,23,col0,12.0
./data/AraCropData/Plant_23/IMG_2013-09-26_08-00.png,12,0.296775,3.5001,4.048110670423919,24.51,0.4067353448726663,0.0732156115220517,23,col0,12.5
./data/AraCropData/Plant_23/IMG_2013-09-26_19-40.png,10,0.39069,3.8925,4.183359893673983,22.86,0.4193939393939393,0.0936021949888458,23,col0,13.0
./data/AraCropData/Plant_23/IMG_2013-09-27_08-00.png,11,0.4480363636363636,4.8438,4.618538729944786,31.17,0.4402814136125654,0.0626502000854833,23,col0,13.5
./data/AraCropData/Plant_23/IMG_2013-09-27_19-40.png,12,0.45015,5.319,4.808710845954454,31.14,0.4381672597864768,0.0689291047431353,23,col0,14.0
./data/AraCropData/Plant_23/IMG_2013-09-28_08-00.png,11,0.5386090909090909,5.7519,4.9384410495620985,35.01,0.4009661835748792,0.0589707932117591,23,col0,14.5
./data/AraCropData/Plant_23/IMG_2013-09-28_19-40.png,12,0.53745,6.2982,5.138063837672708,36.87,0.4058105482907594,0.0582210503815015,23,col0,15.0
./data/AraCropData/Plant_23/IMG_2013-09-29_08-00.png,13,0.5222076923076923,6.6735,5.671983779948599,39.63,0.3903761615204401,0.0533968188171356,23,col0,15.5
./data/AraCropData/Plant_23/IMG_2013-09-29_19-40.png,11,0.682690909090909,7.398,5.96124986894527,40.68,0.3934237920884484,0.0561774863003891,23,col0,16.0
./data/AraCropData/Plant_23/IMG_2013-09-30_08-00.png,10,0.8201700000000001,8.1585,6.441273166075167,41.25,0.3633339345477865,0.0602521121952613,23,col0,16.5
./data/AraCropData/Plant_23/IMG_2013-09-30_19-40.png,12,0.792075,9.4329,7.15139846463613,46.11,0.3615571692222778,0.0557525646539971,23,col0,17.0
./data/AraCropData/Plant_23/IMG_2013-10-01_08-00.png,13,0.8300769230769232,10.7388,7.69182683112406,51.78,0.3560356274337207,0.0503316914944545,23,col0,17.5
./data/AraCropData/Plant_23/IMG_2013-10-01_19-40.png,13,0.8749384615384617,11.3094,7.79567187611177,52.29,0.3406020030628702,0.0519771120018266,23,col0,18.0
./data/AraCropData/Plant_23/IMG_2013-10-02_08-00.png,14,0.85905,11.8917,7.862747611363344,57.0,0.3510781044492566,0.0459943088441905,23,col0,18.5
./data/AraCropData/Plant_23/IMG_2013-10-02_19-40.png,13,0.9744923076923075,12.555,8.225144375632564,55.95,0.3455793098322888,0.0503995198902631,23,col0,19.0
./data/AraCropData/Plant_23/IMG_2013-10-03_08-00.png,14,0.9609428571428572,13.2264,8.226402615967686,59.85,0.3447175830362169,0.0464005584257944,23,col0,19.5
./data/AraCropData/Plant_23/IMG_2013-10-03_19-40.png,14,1.0199571428571428,14.1696,8.333414666269764,62.82,0.3470593422096817,0.0451202596750416,23,col0,20.0
./data/AraCropData/Plant_23/IMG_2013-10-04_08-00.png,15,1.01244,14.949,8.461914676951075,69.09,0.3516571924587421,0.0393542482213265,23,col0,20.5
./data/AraCropData/Plant_23/IMG_2013-10-04_19-40.png,15,1.01808,15.1704,8.440456148810915,69.89999999999999,0.3509071415931968,0.0390168805974761,23,col0,21.0
./data/AraCropData/Plant_23/IMG_2013-10-05_08-00.png,15,1.01928,15.1632,8.40706845458035,67.02,0.3478440400119747,0.0424220723495044,23,col0,21.5
./data/AraCropData/Plant_23/IMG_2013-10-05_19-40.png,16,1.01210625,16.0623,8.431654641883762,72.03,0.3660247338952809,0.0389036874567687,23,col0,22.0
./data/AraCropData/Plant_23/IMG_2013-10-06_08-00.png,17,1.0393411764705882,15.1758,8.414826201413788,75.78,0.3450943473455854,0.0332087291847014,23,col0,22.5
./data/AraCropData/Plant_23/IMG_2013-10-06_19-40.png,17,0.9554823529411764,16.0974,8.40706845458035,74.25,0.3703450632046464,0.036692109753442,23,col0,23.0
./data/AraCropData/Plant_23/IMG_2013-10-07_08-00.png,17,0.9909,16.6995,8.429359406265698,74.75999999999999,0.3767742197494263,0.0375469571246664,23,col0,23.5
./data/AraCropData/Plant_23/IMG_2013-10-07_19-40.png,17,0.9838588235294118,16.5294,8.431654641883762,76.77,0.3733799566971954,0.0352438928513834,23,col0,24.0
./data/AraCropData/Plant_23/IMG_2013-10-08_08-00.png,17,0.9888352941176471,16.7094,8.456595059478726,76.47,0.3747338251470901,0.0359077786373647,23,col0,24.5
./data/AraCropData/Plant_23/IMG_2013-10-08_19-40.png,16,1.03291875,16.4709,8.444080767022541,74.13,0.3709085750187471,0.0376651060211668,23,col0,25.0
./data/AraCropData/Plant_23/IMG_2013-10-09_08-00.png,18,0.9288,16.4178,8.46919712841778,76.11,0.3690172755593316,0.0356156915097844,23,col0,25.5
./data/AraCropData/Plant_23/IMG_2013-10-09_19-40.png,17,0.9370588235294116,15.7356,8.446691660052473,69.81,0.3559337560945817,0.0405749408388283,23,col0,26.0
./data/AraCropData/Plant_24/IMG_2013-09-14_08-00.png,4,0.0380249999999999,0.1485,0.6854195795277518,2.25,0.9166666666666664,0.3686135380212023,24,pgm,0.5
./data/AraCropData/Plant_24/IMG_2013-09-14_19-40.png,4,0.045225,0.1790999999999999,0.7409453421137081,2.61,0.807302231237322,0.3303881295095092,24,pgm,1.0
./data/AraCropData/Plant_24/IMG_2013-09-15_08-00.png,4,0.0432,0.1728,0.7421590126111788,2.43,0.8347826086956522,0.3677401551527148,24,pgm,1.5
./data/AraCropData/Plant_24/IMG_2013-09-15_19-40.png,4,0.05355,0.2142,0.8077747210701756,2.7,0.7603833865814693,0.3692340995330226,24,pgm,2.0
./data/AraCropData/Plant_24/IMG_2013-09-16_08-00.png,4,0.052425,0.2097,0.7874642849044012,2.61,0.8218694885361553,0.3868363526417872,24,pgm,2.5
./data/AraCropData/Plant_24/IMG_2013-09-16_19-40.png,5,0.05616,0.2808,0.8658521813797087,3.45,0.7082860385925085,0.296461824701706,24,pgm,3.0
./data/AraCropData/Plant_24/IMG_2013-09-17_08-00.png,5,0.0534599999999999,0.2673,0.8736131867136622,3.51,0.7105263157894736,0.2726431494239663,24,pgm,3.5
./data/AraCropData/Plant_24/IMG_2013-09-17_19-40.png,5,0.07254,0.3591,0.9868130522039116,4.38,0.6303317535545025,0.2352215178799638,24,pgm,4.0
./data/AraCropData/Plant_24/IMG_2013-09-18_08-00.png,5,0.0691199999999999,0.3456,0.9396275858019496,4.08,0.6491969568892644,0.2608935075645503,24,pgm,4.5
./data/AraCropData/Plant_24/IMG_2013-09-18_19-40.png,5,0.0846,0.423,1.149826073804208,4.59,0.6006389776357827,0.2523044208957585,24,pgm,5.0
./data/AraCropData/Plant_24/IMG_2013-09-19_08-00.png,5,0.0774,0.387,1.041393297462587,4.47,0.581081081081081,0.2433917104713501,24,pgm,5.5
./data/AraCropData/Plant_24/IMG_2013-09-19_19-40.png,5,0.0988199999999999,0.4941,1.3852075656738234,5.279999999999999,0.5446428571428571,0.222718797368388,24,pgm,6.0
./data/AraCropData/Plant_24/IMG_2013-09-20_08-00.png,5,0.0903599999999999,0.4518,1.233288287465668,5.13,0.555617044825678,0.215735373222814,24,pgm,6.5
./data/AraCropData/Plant_24/IMG_2013-09-20_19-40.png,6,0.0949499999999999,0.5643,1.489462990476769,5.97,0.55364238410596,0.1989625104215348,24,pgm,7.0
./data/AraCropData/Plant_24/IMG_2013-09-21_08-00.png,6,0.0914999999999999,0.5489999999999999,1.4138246001537815,5.85,0.5614358030372757,0.2015906923013568,24,pgm,7.5
./data/AraCropData/Plant_24/IMG_2013-09-21_19-40.png,5,0.12546,0.6237,1.6445364088398895,6.18,0.5504368546465447,0.2052147901722807,24,pgm,8.0
./data/AraCropData/Plant_24/IMG_2013-09-22_08-00.png,7,0.0851142857142857,0.585,1.4712239802287077,6.06,0.5699254712845244,0.2001799063653921,24,pgm,8.5
./data/AraCropData/Plant_24/IMG_2013-09-22_19-40.png,6,0.117,0.6984,1.7173526137634052,6.75,0.5689149560117304,0.1926222932689919,24,pgm,9.0
./data/AraCropData/Plant_24/IMG_2013-09-23_08-00.png,6,0.1125,0.666,1.5843295111813072,6.6,0.581761006289308,0.1921304598063179,24,pgm,9.5
./data/AraCropData/Plant_24/IMG_2013-09-23_19-40.png,7,0.1326857142857142,0.9252,2.089258241577618,8.43,0.5028124235754463,0.1636026518352253,24,pgm,10.0
./data/AraCropData/Plant_24/IMG_2013-09-24_08-00.png,6,0.14805,0.8829,1.907065809037538,7.68,0.5575447570332482,0.1881043941144767,24,pgm,10.5
./data/AraCropData/Plant_24/IMG_2013-09-24_19-40.png,7,0.1490142857142857,1.0413,1.961733926912618,9.54,0.4990295449644166,0.1437768561450651,24,pgm,11.0
./data/AraCropData/Plant_24/IMG_2013-09-25_08-00.png,6,0.1653,0.99,1.877578227398262,8.52,0.5248091603053436,0.1713822614039264,24,pgm,11.5
./data/AraCropData/Plant_24/IMG_2013-09-25_19-40.png,7,0.1882285714285714,1.3176,2.188355546980426,10.5,0.541019955654102,0.1501809516687496,24,pgm,12.0
./data/AraCropData/Plant_24/IMG_2013-09-26_08-00.png,7,0.1823142857142857,1.2744,2.018043607061057,10.44,0.5523698069046227,0.1469314043296058,24,pgm,12.5
./data/AraCropData/Plant_24/IMG_2013-09-26_19-40.png,9,0.1818,1.6164,2.254994456755936,13.2,0.5528705556410654,0.1165764546662658,24,pgm,13.0
./data/AraCropData/Plant_24/IMG_2013-09-27_08-00.png,8,0.1982249999999999,1.5732,2.221215883249532,12.6,0.5723641126391619,0.1245238992851464,24,pgm,13.5
./data/AraCropData/Plant_24/IMG_2013-09-27_19-40.png,9,0.2155999999999999,1.9332,2.565306999171834,14.67,0.587447012170108,0.1128824489678593,24,pgm,14.0
./data/AraCropData/Plant_24/IMG_2013-09-28_08-00.png,9,0.1986,1.7874,2.5029782260339384,14.22,0.5790087463556852,0.1110791185534606,24,pgm,14.5
./data/AraCropData/Plant_24/IMG_2013-09-28_19-40.png,10,0.2195999999999999,2.1798,2.562849976100825,16.14,0.6144089294774224,0.1051524634401746,24,pgm,15.0
./data/AraCropData/Plant_24/IMG_2013-09-29_08-00.png,9,0.2449,2.1879,2.7418424462393896,15.96,0.5824847250509164,0.1079373020079822,24,pgm,15.5
./data/AraCropData/Plant_24/IMG_2013-09-29_19-40.png,10,0.2816099999999999,2.7927,3.329459415580853,18.81,0.4977941766262933,0.0991874118072096,24,pgm,16.0
./data/AraCropData/Plant_24/IMG_2013-09-30_08-00.png,10,0.2655899999999999,2.6289,3.2844177566198853,18.45,0.5089293492464501,0.0970490278658024,24,pgm,16.5
./data/AraCropData/Plant_24/IMG_2013-09-30_19-40.png,11,0.3125454545454545,3.3732,3.908989639280206,22.5,0.4455010103411386,0.0837311236668767,24,pgm,17.0
./data/AraCropData/Plant_24/IMG_2013-10-01_08-00.png,11,0.2929090909090909,3.177,3.777856535126764,21.18,0.4538441758806891,0.0889969590252066,24,pgm,17.5
./data/AraCropData/Plant_24/IMG_2013-10-01_19-40.png,9,0.4034,3.6162,4.331027591692299,23.19,0.4132256903378413,0.0845007976658792,24,pgm,18.0
./data/AraCropData/Plant_24/IMG_2013-10-02_08-00.png,10,0.3708,3.6234,4.373522607692796,23.94,0.4086479902557856,0.0794470639214107,24,pgm,18.5
./data/AraCropData/Plant_24/IMG_2013-10-02_19-40.png,10,0.4217399999999999,4.1508,4.457095466781029,25.65,0.4029355233269264,0.0792806009006867,24,pgm,19.0
./data/AraCropData/Plant_24/IMG_2013-10-03_08-00.png,11,0.3671181818181818,3.9915,4.298488106299702,24.18,0.4115818291494594,0.0857893553846814,24,pgm,19.5
./data/AraCropData/Plant_24/IMG_2013-10-03_19-40.png,12,0.4436249999999999,5.2083,4.688549882426336,31.17,0.3938476196957838,0.0673646800250264,24,pgm,20.0
./data/AraCropData/Plant_24/IMG_2013-10-04_08-00.png,13,0.3820846153846154,4.8159,4.252810835200644,28.95,0.4243962406313201,0.0722088100700002,24,pgm,20.5
./data/AraCropData/Plant_24/IMG_2013-10-04_19-40.png,12,0.4943999999999999,5.8914,4.693825731745907,33.3,0.409906384044585,0.0667636247395464,24,pgm,21.0
./data/AraCropData/Plant_24/IMG_2013-10-05_08-00.png,12,0.4786499999999999,5.5872,4.572810951701371,32.16,0.4279460931306654,0.0678847153927846,24,pgm,21.5
./data/AraCropData/Plant_24/IMG_2013-10-05_19-40.png,13,0.5067692307692307,6.5538,4.791179395514219,34.98,0.4291734197730955,0.0673074965751786,24,pgm,22.0
./data/AraCropData/Plant_24/IMG_2013-10-06_08-00.png,12,0.51,6.084,4.603314023613857,33.84,0.4477710803470888,0.0667633869594933,24,pgm,22.5
./data/AraCropData/Plant_24/IMG_2013-10-06_19-40.png,13,0.5780076923076923,7.4727,5.035891182303287,39.75,0.4607786009600711,0.0594310147161405,24,pgm,23.0
./data/AraCropData/Plant_24/IMG_2013-10-07_08-00.png,13,0.5348076923076923,6.8949,4.864534921243756,35.76,0.4532867877640376,0.0677552287035252,24,pgm,23.5
./data/AraCropData/Plant_24/IMG_2013-10-07_19-40.png,12,0.6742499999999999,8.0658,5.218016864671865,40.86,0.4704338468806592,0.0607100497054985,24,pgm,24.0
./data/AraCropData/Plant_24/IMG_2013-10-08_08-00.png,11,0.7086272727272727,7.7589,5.164620024745286,39.48,0.4628724832214766,0.062554092872843,24,pgm,24.5
./data/AraCropData/Plant_24/IMG_2013-10-08_19-40.png,13,0.6444,8.3574,5.221206757062968,42.27,0.4748779053414816,0.0587782371991367,24,pgm,25.0
./data/AraCropData/Plant_24/IMG_2013-10-09_08-00.png,13,0.6311769230769231,8.176499999999999,5.2569382724167495,40.98,0.4660408330768441,0.0611833703642814,24,pgm,25.5
./data/AraCropData/Plant_24/IMG_2013-10-09_19-40.png,14,0.621642857142857,8.6706,5.361529632483625,42.9,0.477178731518859,0.0592030977058713,24,pgm,26.0
