file_name,leaf_count,average_leaf_area,projected_leaf_area,diameter,perimeter,compactness,stockiness
./data/AraCropData/Plant_1/IMG_2013-09-14_08-00.png,5,0.10169999999999998,0.5085,1.2093386622447824,4.9799999999999995,0.6819553409776703,0.25765711268373254
./data/AraCropData/Plant_1/IMG_2013-09-14_19-40.png,5,0.11718000000000002,0.5859,1.306981254647518,5.49,0.6314258001939866,0.244280428497352
./data/AraCropData/Plant_1/IMG_2013-09-15_08-00.png,5,0.12582,0.6237,1.2979984591670362,5.64,0.6151797603195741,0.2463924523469587
./data/AraCropData/Plant_1/IMG_2013-09-15_19-40.png,5,0.14328,0.7163999999999999,1.4821943192442748,6.45,0.5829366532405713,0.21639439716668254
./data/AraCropData/Plant_1/IMG_2013-09-16_08-00.png,5,0.1584,0.7919999999999999,1.6313491349187028,6.6,0.5768600458865945,0.22847946571562133
./data/AraCropData/Plant_1/IMG_2013-09-16_19-40.png,6,0.15495,0.9279,1.8573368030596926,7.739999999999999,0.5782389231632081,0.19463866509531141
./data/AraCropData/Plant_1/IMG_2013-09-17_08-00.png,7,0.14541428571428572,1.0179,2.0402205763103165,8.34,0.5670594133868138,0.1839004860623185
./data/AraCropData/Plant_1/IMG_2013-09-17_19-40.png,7,0.16187142857142858,1.1277,1.9994499243541959,8.91,0.6113686264942667,0.17850403450659275
./data/AraCropData/Plant_1/IMG_2013-09-18_08-00.png,7,0.18527142857142856,1.2951,2.2483994307062076,10.02,0.6132537822288513,0.16209802533313178
./data/AraCropData/Plant_1/IMG_2013-09-18_19-40.png,6,0.23189999999999997,1.3914,2.4955961211702506,10.44,0.5753628582061779,0.1604208694163635
./data/AraCropData/Plant_1/IMG_2013-09-19_08-00.png,7,0.22268571428571424,1.5552,2.564254277562972,11.43,0.5981308411214955,0.14959037497408154
./data/AraCropData/Plant_1/IMG_2013-09-19_19-40.png,7,0.2433857142857143,1.7019,2.7536339626028727,12.27,0.575734510579997,0.14205442836755636
./data/AraCropData/Plant_1/IMG_2013-09-20_08-00.png,8,0.26955,1.6254,2.722076413328619,12.719999999999999,0.513213981244672,0.12623968343679173
./data/AraCropData/Plant_1/IMG_2013-09-20_19-40.png,7,0.3040714285714286,2.1212999999999997,3.1075713990188545,13.41,0.5729913698796644,0.1482362433025768
./data/AraCropData/Plant_1/IMG_2013-09-21_08-00.png,9,0.2713,2.4255,3.1132137735786793,15.809999999999999,0.5877221677025406,0.12194034042429122
./data/AraCropData/Plant_1/IMG_2013-09-21_19-40.png,10,0.2772,2.7414,3.3017722513825816,17.7,0.5709465791940019,0.10996025536149968
./data/AraCropData/Plant_1/IMG_2013-09-22_08-00.png,10,0.31347,3.0932999999999997,3.2979539111394507,18.09,0.5840768119636333,0.11878313188494363
./data/AraCropData/Plant_1/IMG_2013-09-22_19-40.png,9,0.3685,3.3093,3.360133925902359,19.23,0.577962904746935,0.11245724370072764
./data/AraCropData/Plant_1/IMG_2013-09-23_08-00.png,10,0.3717,3.7134,3.431690545489205,20.34,0.5788033948235954,0.11279236422160864
./data/AraCropData/Plant_1/IMG_2013-09-23_19-40.png,10,0.38654999999999995,3.8655,3.303407331831786,20.82,0.6039513464107431,0.11206089617194863
./data/AraCropData/Plant_1/IMG_2013-09-24_08-00.png,10,0.44676,4.4586,3.5079481182024344,22.77,0.5709675560421829,0.10806431738511657
./data/AraCropData/Plant_1/IMG_2013-09-24_19-40.png,10,0.48149999999999993,4.797,3.6526155012538615,23.55,0.5907780979827087,0.10869204490978843
./data/AraCropData/Plant_1/IMG_2013-09-25_08-00.png,9,0.6159,5.5268999999999995,4.038539339909914,26.4,0.5662256235304967,0.0996514487897465
./data/AraCropData/Plant_1/IMG_2013-09-25_19-40.png,9,0.6728000000000001,6.0534,3.969647339500072,28.2,0.5916087606649663,0.09565573647824785
./data/AraCropData/Plant_1/IMG_2013-09-26_08-00.png,10,0.69516,6.9479999999999995,4.272762572388032,30.93,0.5852475172466075,0.09126617170606711
./data/AraCropData/Plant_1/IMG_2013-09-26_19-40.png,10,0.76338,7.6284,4.36033255612459,32.4,0.6088205717569314,0.0913173502463206
./data/AraCropData/Plant_1/IMG_2013-09-27_08-00.png,12,0.7222499999999998,8.622,5.089489168865575,37.83,0.5812754080456282,0.0757085973240784
./data/AraCropData/Plant_1/IMG_2013-09-27_19-40.png,12,0.7290749999999999,8.7201,5.123768144637304,37.11,0.5636580470636144,0.07957001147097217
./data/AraCropData/Plant_1/IMG_2013-09-28_08-00.png,13,0.821076923076923,10.6128,5.811178882120219,45.0,0.5533682160538728,0.06585895212645482
./data/AraCropData/Plant_1/IMG_2013-09-28_19-40.png,14,0.81945,11.447099999999999,6.210579683089172,47.129999999999995,0.545201251661023,0.06476053997645677
./data/AraCropData/Plant_1/IMG_2013-09-29_08-00.png,14,0.9133714285714285,12.7494,6.431205174770899,51.57,0.5485063791067316,0.0602428276119421
./data/AraCropData/Plant_1/IMG_2013-09-29_19-40.png,15,0.8849999999999999,13.1724,6.539243075463704,51.69,0.5502048795158074,0.06195290991928224
./data/AraCropData/Plant_1/IMG_2013-09-30_08-00.png,14,1.0004142857142857,13.9374,6.539243075463704,51.449999999999996,0.5615345565305678,0.06616386550976759
./data/AraCropData/Plant_1/IMG_2013-09-30_19-40.png,14,1.0434857142857141,14.5242,6.694303548540355,51.989999999999995,0.5649571153509538,0.06752466678182766
./data/AraCropData/Plant_1/IMG_2013-10-01_08-00.png,14,1.1024999999999998,15.3576,6.720267851804718,54.39,0.5742457639952212,0.06523716778692616
./data/AraCropData/Plant_1/IMG_2013-10-01_19-40.png,15,1.08246,16.1541,6.720267851804718,53.4,0.5869042753208535,0.07118854505653731
./data/AraCropData/Plant_1/IMG_2013-10-02_08-00.png,15,1.1367,16.9479,6.746265633667266,55.199999999999996,0.6020236896369828,0.06989524014620677
./data/AraCropData/Plant_1/IMG_2013-10-02_19-40.png,15,1.18872,17.0316,6.735317364460267,57.269999999999996,0.5918003565062389,0.06525457216557479
./data/AraCropData/Plant_1/IMG_2013-10-03_08-00.png,15,1.19424,17.892,6.7574625415166,56.58,0.6114007165813227,0.07023326644546701
./data/AraCropData/Plant_1/IMG_2013-10-03_19-40.png,14,1.3478142857142854,18.8586,6.912575496875242,56.16,0.6111086807530223,0.07513894877196167
./data/AraCropData/Plant_1/IMG_2013-10-04_08-00.png,15,1.3114199999999998,19.6551,7.031848974487436,57.809999999999995,0.613360295459971,0.0739059124163224
./data/AraCropData/Plant_1/IMG_2013-10-04_19-40.png,15,1.3135799999999997,19.6749,7.22520587941963,58.019999999999996,0.6070307944353429,0.0734457971381617
./data/AraCropData/Plant_1/IMG_2013-10-05_08-00.png,15,1.3293599999999999,19.8504,7.183042530850002,57.66,0.6122160076610272,0.07502911960591745
./data/AraCropData/Plant_1/IMG_2013-10-05_19-40.png,16,1.1368687499999999,18.1089,6.77661419884591,55.26,0.6046972907181174,0.07452125726400896
./data/AraCropData/Plant_1/IMG_2013-10-06_08-00.png,16,1.2128625,19.339199999999998,7.06230840448079,57.78,0.6050997564169355,0.07279361606904854
./data/AraCropData/Plant_1/IMG_2013-10-06_19-40.png,16,1.08,16.749,6.658175425745404,57.3,0.5767681150436992,0.06410464546838744
./data/AraCropData/Plant_1/IMG_2013-10-07_08-00.png,17,1.0280117647058822,16.5366,6.628574507388447,55.98,0.5706299787263778,0.06631172067316056
./data/AraCropData/Plant_1/IMG_2013-10-07_19-40.png,17,0.962470588235294,16.1604,6.555188784466852,56.97,0.5681379528555608,0.06257048643473653
./data/AraCropData/Plant_1/IMG_2013-10-08_08-00.png,17,0.9879352941176469,16.5789,6.70672796525996,57.089999999999996,0.5606756962410592,0.06392128397734427
./data/AraCropData/Plant_1/IMG_2013-10-08_19-40.png,17,0.9541588235294118,16.0101,6.595771372629588,56.22,0.5486114323603338,0.06365349085754604
./data/AraCropData/Plant_1/IMG_2013-10-09_08-00.png,16,1.001925,15.9264,6.601431662904646,53.1,0.5484240865280317,0.07098039975476393
./data/AraCropData/Plant_1/IMG_2013-10-09_19-40.png,17,0.9185294117647059,15.429599999999999,6.5411008247847695,55.11,0.5359174742106908,0.0638415921596428
./data/AraCropData/Plant_2/IMG_2013-09-14_08-00.png,5,0.04788,0.2394,0.8949860334105779,3.3,0.7610872675250363,0.2762524449107058
./data/AraCropData/Plant_2/IMG_2013-09-14_19-40.png,5,0.05778,0.2853,0.9972462083156797,3.57,0.7028824833702888,0.28130354387062056
./data/AraCropData/Plant_2/IMG_2013-09-15_08-00.png,5,0.058679999999999996,0.288,0.9585927185202274,3.63,0.7158836689038028,0.2746560068707694
./data/AraCropData/Plant_2/IMG_2013-09-15_19-40.png,4,0.073125,0.2925,1.0331505214633536,3.3,0.7386363636363635,0.3375264834435315
./data/AraCropData/Plant_2/IMG_2013-09-16_08-00.png,5,0.06102,0.3051,0.9972462083156797,3.81,0.629526462395543,0.26412050581361274
./data/AraCropData/Plant_2/IMG_2013-09-16_19-40.png,6,0.07335,0.4347,1.1977478866606277,4.71,0.6630061770761838,0.24623948260519612
./data/AraCropData/Plant_2/IMG_2013-09-17_08-00.png,6,0.07394999999999999,0.4365,1.1868024266911488,4.92,0.7080291970802922,0.22660208759533756
./data/AraCropData/Plant_2/IMG_2013-09-17_19-40.png,5,0.07038,0.3411,1.030970416646375,4.08,0.6484174508126606,0.25749645668480353
./data/AraCropData/Plant_2/IMG_2013-09-18_08-00.png,5,0.06714,0.3339,1.0012991560967182,3.9,0.6757741347905282,0.2758652957353404
./data/AraCropData/Plant_2/IMG_2013-09-18_19-40.png,6,0.0696,0.387,1.0653168542738822,4.6499999999999995,0.5862304021813226,0.2249131889354608
./data/AraCropData/Plant_2/IMG_2013-09-19_08-00.png,6,0.06929999999999999,0.3888,1.0606601717798212,4.71,0.6269956458635707,0.2202390403425357
./data/AraCropData/Plant_2/IMG_2013-09-19_19-40.png,6,0.07815,0.4167,1.1498260738042079,5.01,0.5164528722810932,0.20862094712783885
./data/AraCropData/Plant_2/IMG_2013-09-20_08-00.png,5,0.08892,0.44279999999999997,1.129690223025764,4.89,0.5878136200716844,0.23270180820748668
./data/AraCropData/Plant_2/IMG_2013-09-20_19-40.png,5,0.07884,0.39239999999999997,1.3080137613954983,4.62,0.5899864682002708,0.2310228363914909
./data/AraCropData/Plant_2/IMG_2013-09-21_08-00.png,5,0.0828,0.4122,1.2182364302548172,4.53,0.6222826086956523,0.25241865450535067
./data/AraCropData/Plant_2/IMG_2013-09-21_19-40.png,5,0.10926,0.5463,1.4712239802287075,5.49,0.5950980392156863,0.22776992334545723
./data/AraCropData/Plant_2/IMG_2013-09-22_08-00.png,6,0.0966,0.576,1.4340502083260542,5.88,0.600375234521576,0.2093522801226018
./data/AraCropData/Plant_2/IMG_2013-09-22_19-40.png,6,0.11580000000000001,0.6839999999999999,1.4499655168313486,6.84,0.6124093473005643,0.18371886863098208
./data/AraCropData/Plant_2/IMG_2013-09-23_08-00.png,6,0.11819999999999999,0.7074,1.4150971698084907,6.24,0.6338709677419353,0.2282999099224831
./data/AraCropData/Plant_2/IMG_2013-09-23_19-40.png,6,0.15705,0.9423,1.734041521994211,8.549999999999999,0.550617933210623,0.16198202564769537
./data/AraCropData/Plant_2/IMG_2013-09-24_08-00.png,6,0.14565,0.8739,1.6387800340497194,8.07,0.5790101371496721,0.1686259983491488
./data/AraCropData/Plant_2/IMG_2013-09-24_19-40.png,8,0.1477125,1.1421,1.9811360377318867,10.23,0.5585387323943662,0.13713955254617513
./data/AraCropData/Plant_2/IMG_2013-09-25_08-00.png,7,0.16302857142857144,1.1142,1.9557607215607944,9.84,0.5909307875894989,0.14460483734176696
./data/AraCropData/Plant_2/IMG_2013-09-25_19-40.png,8,0.17572500000000002,1.4058,2.1213203435596424,11.49,0.5846902489238257,0.13381147120526435
./data/AraCropData/Plant_2/IMG_2013-09-26_08-00.png,8,0.1706625,1.3491,2.0169283576765933,11.7,0.6086073893625659,0.12384608514743195
./data/AraCropData/Plant_2/IMG_2013-09-26_19-40.png,8,0.2084625,1.6677,2.2982819670353765,13.139999999999999,0.5648529187623837,0.12137718536106187
./data/AraCropData/Plant_2/IMG_2013-09-27_08-00.png,8,0.19889999999999997,1.5839999999999999,2.138434006463608,12.57,0.6134541652143604,0.12597793519786366
./data/AraCropData/Plant_2/IMG_2013-09-27_19-40.png,10,0.1899,1.8828,2.598249410660955,14.67,0.529352226720648,0.1099395173374124
./data/AraCropData/Plant_2/IMG_2013-09-28_08-00.png,9,0.2148,1.9296,2.582789190003706,14.49,0.5410725552050474,0.1154889368859486
./data/AraCropData/Plant_2/IMG_2013-09-28_19-40.png,9,0.242,2.178,2.626670896781704,15.6,0.5618107951247824,0.1124652991373861
./data/AraCropData/Plant_2/IMG_2013-09-29_08-00.png,9,0.2393,2.1483,2.673200329193455,15.33,0.5509521061742643,0.11487366644764435
./data/AraCropData/Plant_2/IMG_2013-09-29_19-40.png,10,0.26288999999999996,2.6073,3.081833869630224,17.52,0.508736500131706,0.10674134356175678
./data/AraCropData/Plant_2/IMG_2013-09-30_08-00.png,10,0.26019000000000003,2.5947,3.0335622624235024,17.189999999999998,0.5391808490742472,0.11034312071488508
./data/AraCropData/Plant_2/IMG_2013-09-30_19-40.png,9,0.34740000000000004,3.1122,4.726309342393915,20.22,0.40293637846655805,0.09565662633388958
./data/AraCropData/Plant_2/IMG_2013-10-01_08-00.png,11,0.2767909090909091,3.0248999999999997,4.684709169201435,19.65,0.41777501553760116,0.09844547901605077
./data/AraCropData/Plant_2/IMG_2013-10-01_19-40.png,9,0.3863,3.4316999999999998,3.6723970373585693,20.939999999999998,0.4937520233085142,0.0983480660104423
./data/AraCropData/Plant_2/IMG_2013-10-02_08-00.png,8,0.4303125,3.3956999999999997,3.663686667825184,20.37,0.49638205499276417,0.10283882849459625
./data/AraCropData/Plant_2/IMG_2013-10-02_19-40.png,9,0.4386,3.879,3.9145114637716922,22.83,0.47111548341258136,0.09352286887867654
./data/AraCropData/Plant_2/IMG_2013-10-03_08-00.png,10,0.38682,3.7763999999999998,3.6278919498794338,22.32,0.48819080860965663,0.09525756427377999
./data/AraCropData/Plant_2/IMG_2013-10-03_19-40.png,10,0.46656000000000003,4.644,4.378869717175883,25.77,0.49093763379477656,0.08787659848958482
./data/AraCropData/Plant_2/IMG_2013-10-04_08-00.png,10,0.44883000000000006,4.4523,4.080441152620633,25.5,0.4968363965049714,0.08604267879478869
./data/AraCropData/Plant_2/IMG_2013-10-04_19-40.png,10,0.48303,4.8213,4.656189429136233,27.27,0.48152808988764056,0.08147113074259495
./data/AraCropData/Plant_2/IMG_2013-10-05_08-00.png,11,0.42921818181818183,4.6872,4.572318886516993,26.759999999999998,0.49697027529939397,0.08225288332711116
./data/AraCropData/Plant_2/IMG_2013-10-05_19-40.png,11,0.518890909090909,5.6574,4.8629620603085115,29.25,0.48469427095381284,0.08309502241352978
./data/AraCropData/Plant_2/IMG_2013-10-06_08-00.png,11,0.5016272727272727,5.4981,4.71601526715086,28.619999999999997,0.476539646632084,0.08434964123597453
./data/AraCropData/Plant_2/IMG_2013-10-06_19-40.png,10,0.64638,6.4422,5.239704190123713,30.99,0.46435290301654236,0.08429482532158326
./data/AraCropData/Plant_2/IMG_2013-10-07_08-00.png,11,0.5838545454545454,6.381,5.116737241641395,30.299999999999997,0.48061279826464204,0.0873400329926542
./data/AraCropData/Plant_2/IMG_2013-10-07_19-40.png,14,0.5538857142857143,7.668,5.573383173620848,36.059999999999995,0.4705232638409499,0.07410380759905162
./data/AraCropData/Plant_2/IMG_2013-10-08_08-00.png,14,0.5387785714285714,7.4655,5.104321698325841,36.42,0.48909198113207536,0.07072759340241751
./data/AraCropData/Plant_2/IMG_2013-10-08_19-40.png,15,0.61008,8.8578,5.856227454599078,43.44,0.47892944038929436,0.05898697173588784
./data/AraCropData/Plant_2/IMG_2013-10-09_08-00.png,13,0.6475153846153846,8.3511,5.373015912874258,38.49,0.49071870537839124,0.0708366029604953
./data/AraCropData/Plant_2/IMG_2013-10-09_19-40.png,14,0.7279071428571429,10.1223,5.9748221730859905,46.14,0.4884054194893173,0.059749446742217355
./data/AraCropData/Plant_3/IMG_2013-09-14_08-00.png,5,0.09827999999999999,0.4878,1.2048651376813921,4.53,0.71645736946464,0.29871377891244555
./data/AraCropData/Plant_3/IMG_2013-09-14_19-40.png,5,0.10781999999999999,0.5373,1.2535549449465706,5.01,0.7031802120141339,0.26899936379118744
./data/AraCropData/Plant_3/IMG_2013-09-15_08-00.png,5,0.11394,0.5697,1.2369316876852983,5.13,0.6677215189873417,0.27203285109569975
./data/AraCropData/Plant_3/IMG_2013-09-15_19-40.png,5,0.13014,0.6471,1.430279692927226,5.85,0.5641428010984699,0.2376126356797961
./data/AraCropData/Plant_3/IMG_2013-09-16_08-00.png,6,0.12405000000000001,0.7389,1.5740711546813886,6.72,0.5881088825214899,0.20561603703740597
./data/AraCropData/Plant_3/IMG_2013-09-16_19-40.png,6,0.1449,0.8694,1.7824140933015538,7.14,0.5791366906474817,0.2143053812137377
./data/AraCropData/Plant_3/IMG_2013-09-17_08-00.png,7,0.1418142857142857,0.9891,1.9944924166313593,7.9799999999999995,0.5820974576271184,0.1951840311094569
./data/AraCropData/Plant_3/IMG_2013-09-17_19-40.png,8,0.1461375,1.1060999999999999,2.1840329667841556,9.24,0.5605473204104902,0.1628022167001963
./data/AraCropData/Plant_3/IMG_2013-09-18_08-00.png,6,0.19169999999999998,1.1502,2.171013588165675,9.299999999999999,0.5738661876964526,0.1671157299183249
./data/AraCropData/Plant_3/IMG_2013-09-18_19-40.png,8,0.1612125,1.2752999999999999,2.3534230388946225,10.23,0.5900478867374556,0.15313376356022862
./data/AraCropData/Plant_3/IMG_2013-09-19_08-00.png,9,0.1658,1.4849999999999999,2.430740627874558,11.67,0.6400310318076027,0.137023357720955
./data/AraCropData/Plant_3/IMG_2013-09-19_19-40.png,8,0.20452499999999996,1.6343999999999999,2.539389690457138,12.299999999999999,0.6103175936817343,0.13575567540556968
./data/AraCropData/Plant_3/IMG_2013-09-20_08-00.png,8,0.2187,1.7316,2.4829418035870274,12.51,0.6247767494723171,0.1390409805222127
./data/AraCropData/Plant_3/IMG_2013-09-20_19-40.png,7,0.24029999999999999,1.6821,2.300825938657681,11.79,0.5941821649976156,0.15206668012248245
./data/AraCropData/Plant_3/IMG_2013-09-21_08-00.png,8,0.2145375,1.6965,2.238972978845435,12.09,0.5761002444987775,0.1458515760091315
./data/AraCropData/Plant_3/IMG_2013-09-21_19-40.png,7,0.3270857142857143,2.2842,2.8373403038761493,13.92,0.5712356515867657,0.14813767380371012
./data/AraCropData/Plant_3/IMG_2013-09-22_08-00.png,7,0.34328571428571436,2.3975999999999997,2.6666270830395464,13.889999999999999,0.5795714130316545,0.1561644235717517
./data/AraCropData/Plant_3/IMG_2013-09-22_19-40.png,7,0.3906,2.7323999999999997,2.988728826775691,15.209999999999999,0.5571664525601028,0.1484211227633426
./data/AraCropData/Plant_3/IMG_2013-09-23_08-00.png,8,0.35865,2.8188,2.839242856819402,16.05,0.5651899305242262,0.13750676133871229
./data/AraCropData/Plant_3/IMG_2013-09-23_19-40.png,9,0.37479999999999997,3.3588,3.0746707140765497,17.64,0.5885507017820534,0.1356428314961024
./data/AraCropData/Plant_3/IMG_2013-09-24_08-00.png,11,0.3331636363636364,3.5946,3.24499614791759,20.25,0.5845590925722649,0.11015656347599567
./data/AraCropData/Plant_3/IMG_2013-09-24_19-40.png,9,0.4933,4.4397,3.4358841656842856,21.66,0.6057591944495611,0.11891772285478512
./data/AraCropData/Plant_3/IMG_2013-09-25_08-00.png,10,0.49095000000000005,4.8789,3.757672151745014,23.009999999999998,0.6155330986715113,0.11579732937457794
./data/AraCropData/Plant_3/IMG_2013-09-25_19-40.png,11,0.4843636363636364,5.3172,3.8760417954402917,23.97,0.5776865160848733,0.11629386167884134
./data/AraCropData/Plant_3/IMG_2013-09-26_08-00.png,12,0.5087999999999999,6.0858,4.265172915603774,26.91,0.5689285263556435,0.1056088088677814
./data/AraCropData/Plant_3/IMG_2013-09-26_19-40.png,12,0.567225,6.7851,4.3833890997720015,31.529999999999998,0.6012201443438734,0.08576659631998687
./data/AraCropData/Plant_3/IMG_2013-09-27_08-00.png,13,0.5877,7.6076999999999995,4.976836344506417,32.94,0.5738044326782745,0.08810814397030708
./data/AraCropData/Plant_3/IMG_2013-09-27_19-40.png,12,0.65265,7.7886,4.666615475909709,32.67,0.6444022487806695,0.09170035044211566
./data/AraCropData/Plant_3/IMG_2013-09-28_08-00.png,13,0.725053846153846,9.3429,5.341095393269062,39.48,0.6309295894490534,0.0753246767327437
./data/AraCropData/Plant_3/IMG_2013-09-28_19-40.png,14,0.7268785714285715,9.8667,5.609358252064134,39.089999999999996,0.5858650634602539,0.08114288535708059
./data/AraCropData/Plant_3/IMG_2013-09-29_08-00.png,13,0.8625461538461539,11.193299999999999,5.768509339508778,42.72,0.5943750149346458,0.07707357781667454
./data/AraCropData/Plant_3/IMG_2013-09-29_19-40.png,14,0.8714571428571427,12.1698,5.935604434259412,46.32,0.5933304080737166,0.07127811461690446
./data/AraCropData/Plant_3/IMG_2013-09-30_08-00.png,14,0.9390857142857143,13.1022,6.157312725532138,46.32,0.5886777193691872,0.07673915046538198
./data/AraCropData/Plant_3/IMG_2013-09-30_19-40.png,15,0.94908,14.174999999999999,6.3816142158547935,51.449999999999996,0.5844155844155846,0.06729180432512201
./data/AraCropData/Plant_3/IMG_2013-10-01_08-00.png,15,1.0164600000000001,14.6691,6.662769694353843,53.85,0.5708831719234339,0.0635684933057441
./data/AraCropData/Plant_3/IMG_2013-10-01_19-40.png,16,1.01565,16.0596,7.0141642410197385,59.22,0.5691775250793448,0.057545024847491834
./data/AraCropData/Plant_3/IMG_2013-10-02_08-00.png,14,1.2090857142857143,16.893,7.203811491148279,59.16,0.5761203192142417,0.06065412129640569
./data/AraCropData/Plant_3/IMG_2013-10-02_19-40.png,16,1.118475,17.748,7.356915114366891,62.91,0.5811280721400366,0.05635337275090012
./data/AraCropData/Plant_3/IMG_2013-10-03_08-00.png,16,1.16623125,18.2547,7.472951224248691,62.07,0.5858752166377816,0.05954167849385824
./data/AraCropData/Plant_3/IMG_2013-10-03_19-40.png,16,1.18681875,18.717299999999998,7.520492005181576,63.72,0.5978984288527605,0.05792973355952324
./data/AraCropData/Plant_3/IMG_2013-10-04_08-00.png,17,1.149141176470588,19.0602,7.552615441024387,66.63,0.6026835896925112,0.0539507753991865
./data/AraCropData/Plant_3/IMG_2013-10-04_19-40.png,17,1.1620058823529413,19.2807,7.5147455046727965,65.73,0.6076154009785151,0.05607966319862874
./data/AraCropData/Plant_3/IMG_2013-10-05_08-00.png,19,1.0701473684210523,19.3788,7.542181382067127,67.35,0.6089883191447235,0.05368606149143739
./data/AraCropData/Plant_3/IMG_2013-10-05_19-40.png,18,1.11145,19.4895,7.520492005181576,66.14999999999999,0.6130306161446024,0.05596942748215978
./data/AraCropData/Plant_3/IMG_2013-10-06_08-00.png,17,1.1667705882352941,19.6173,7.54116701843952,63.239999999999995,0.6150134729060563,0.06164038961568357
./data/AraCropData/Plant_3/IMG_2013-10-06_19-40.png,18,1.09935,19.4949,7.486127169638517,62.879999999999995,0.6168325431065169,0.061959201158703354
./data/AraCropData/Plant_3/IMG_2013-10-07_08-00.png,18,1.1134,19.5606,7.532927717693831,63.39,0.6149710680078663,0.06117169755758523
./data/AraCropData/Plant_3/IMG_2013-10-07_19-40.png,18,1.11545,19.2321,7.512289930507208,64.41,0.6091071046818214,0.05825456641946013
./data/AraCropData/Plant_3/IMG_2013-10-08_08-00.png,19,1.0495894736842104,19.618199999999998,7.54116701843952,65.73,0.6168256034409577,0.057061312533431795
./data/AraCropData/Plant_3/IMG_2013-10-08_19-40.png,20,0.98676,19.389599999999998,7.520492005181576,64.67999999999999,0.6107354963076355,0.058242323385347794
./data/AraCropData/Plant_3/IMG_2013-10-09_08-00.png,20,0.993285,19.345499999999998,7.532927717693831,65.25,0.6113568167920477,0.05709903794015598
./data/AraCropData/Plant_3/IMG_2013-10-09_19-40.png,18,1.06005,18.9207,7.479692507048668,61.62,0.6031991966143032,0.0626186464546042
./data/AraCropData/Plant_4/IMG_2013-09-14_08-00.png,2,0.046349999999999995,0.0675,0.4167733196834941,1.17,0.9146341463414632,0.6196435214181053
./data/AraCropData/Plant_4/IMG_2013-09-14_19-40.png,2,0.05355,0.0567,0.4837354648979129,1.1099999999999999,0.7199999999999996,0.5782917083306268
./data/AraCropData/Plant_4/IMG_2013-09-15_08-00.png,2,0.03555,0.0549,0.44294469180700197,1.14,0.709302325581395,0.5308508362021535
./data/AraCropData/Plant_4/IMG_2013-09-15_19-40.png,2,0.04725,0.0945,0.5531726674375732,1.38,0.9633027522935771,0.6235675399374827
./data/AraCropData/Plant_4/IMG_2013-09-16_08-00.png,2,0.0495,0.0936,0.551543289325507,1.41,0.9497716894977178,0.591626321364126
./data/AraCropData/Plant_4/IMG_2013-09-16_19-40.png,2,0.0513,0.1026,0.5580322571321482,1.41,0.9156626506024101,0.648513467649138
./data/AraCropData/Plant_4/IMG_2013-09-17_08-00.png,4,0.034874999999999996,0.0945,0.5954829972383762,1.95,0.6402439024390235,0.312300334794725
./data/AraCropData/Plant_4/IMG_2013-09-17_19-40.png,3,0.0405,0.1215,0.5762811813689563,1.8599999999999999,0.74792243767313,0.44132675154487216
./data/AraCropData/Plant_4/IMG_2013-09-18_08-00.png,5,0.0288,0.1224,0.6,2.31,0.7534626038781164,0.28824867659855746
./data/AraCropData/Plant_4/IMG_2013-09-18_19-40.png,4,0.0351,0.1368,0.5954829972383762,2.1,0.7979002624671917,0.3898139455882845
./data/AraCropData/Plant_4/IMG_2013-09-19_08-00.png,4,0.04005,0.1476,0.5954829972383762,2.55,0.777251184834123,0.285243568270575
./data/AraCropData/Plant_4/IMG_2013-09-19_19-40.png,4,0.0387,0.1512,0.5824946351684279,2.31,0.7368421052631575,0.3560718946217475
./data/AraCropData/Plant_4/IMG_2013-09-20_08-00.png,4,0.040725,0.15209999999999999,0.5762811813689563,2.4299999999999997,0.7347826086956519,0.32368794906671244
./data/AraCropData/Plant_4/IMG_2013-09-20_19-40.png,4,0.036,0.144,0.6579513659838393,2.4299999999999997,0.606060606060606,0.30645012929392895
./data/AraCropData/Plant_4/IMG_2013-09-21_08-00.png,4,0.04545,0.1818,0.6586349520030045,2.67,0.713780918727915,0.32046545437451746
./data/AraCropData/Plant_4/IMG_2013-09-21_19-40.png,5,0.03258,0.1629,0.6640783086353597,2.6399999999999997,0.6094276094276095,0.2937129495349962
./data/AraCropData/Plant_4/IMG_2013-09-22_08-00.png,6,0.03255,0.1881,0.6977822009767805,2.85,0.6698717948717952,0.29101068791147555
./data/AraCropData/Plant_4/IMG_2013-09-22_19-40.png,5,0.039240000000000004,0.19619999999999999,0.7305477397131552,2.94,0.6402349486049925,0.2852424816670449
./data/AraCropData/Plant_4/IMG_2013-09-23_08-00.png,5,0.03851999999999999,0.1926,0.7421590126111788,2.88,0.6062322946175639,0.29179723431780197
./data/AraCropData/Plant_4/IMG_2013-09-23_19-40.png,5,0.04626,0.2313,0.78,3.27,0.649810366624526,0.2718253722658284
./data/AraCropData/Plant_4/IMG_2013-09-24_08-00.png,7,0.036,0.24659999999999999,0.8077747210701756,3.84,0.6394399066511087,0.21015536794033285
./data/AraCropData/Plant_4/IMG_2013-09-24_19-40.png,6,0.04334999999999999,0.2565,0.8193900170248597,3.84,0.6284454244762956,0.2185922622737039
./data/AraCropData/Plant_4/IMG_2013-09-25_08-00.png,6,0.048749999999999995,0.2925,0.874642784226795,3.9899999999999998,0.6585612968591694,0.2308819294288389
./data/AraCropData/Plant_4/IMG_2013-09-25_19-40.png,7,0.04101428571428572,0.2529,0.8595929269136641,3.9299999999999997,0.5781893004115228,0.20576598931501242
./data/AraCropData/Plant_4/IMG_2013-09-26_08-00.png,7,0.0459,0.3033,0.874642784226795,4.32,0.6406844106463876,0.20422776316739202
./data/AraCropData/Plant_4/IMG_2013-09-26_19-40.png,8,0.0451125,0.3573,0.920271699010678,5.01,0.6723116003386956,0.17888232399514475
./data/AraCropData/Plant_4/IMG_2013-09-27_08-00.png,7,0.05297142857142857,0.37079999999999996,0.9391485505499116,4.9799999999999995,0.6677471636952997,0.18788447862955363
./data/AraCropData/Plant_4/IMG_2013-09-27_19-40.png,7,0.05464285714285714,0.3717,0.9534149149242422,5.069999999999999,0.6428015564202333,0.18171321255314377
./data/AraCropData/Plant_4/IMG_2013-09-28_08-00.png,9,0.0465,0.3843,0.9604686356149272,5.9399999999999995,0.6344725111441305,0.13686971360910538
./data/AraCropData/Plant_4/IMG_2013-09-28_19-40.png,9,0.0457,0.3969,1.0062305898749053,6.18,0.5919463087248323,0.1305912301096332
./data/AraCropData/Plant_4/IMG_2013-09-29_08-00.png,8,0.0511875,0.4077,1.084158659975559,5.7299999999999995,0.5730550284629984,0.1560419365780737
./data/AraCropData/Plant_4/IMG_2013-09-29_19-40.png,8,0.055575,0.4374,1.1006361796706483,6.21,0.593769089798412,0.14252972341428174
./data/AraCropData/Plant_4/IMG_2013-09-30_08-00.png,8,0.06434999999999999,0.4878,1.2156479753612885,6.45,0.6079641054402694,0.14734392369892205
./data/AraCropData/Plant_4/IMG_2013-09-30_19-40.png,9,0.060700000000000004,0.49229999999999996,1.3097327971765844,7.4399999999999995,0.5607380830343415,0.11176191346992825
./data/AraCropData/Plant_4/IMG_2013-10-01_08-00.png,9,0.0692,0.6102,1.3764083696345353,7.4399999999999995,0.626038781163435,0.13852756367936264
./data/AraCropData/Plant_4/IMG_2013-10-01_19-40.png,10,0.06165,0.6111,1.3433167906342864,7.529999999999999,0.6304549675023211,0.13543540018650305
./data/AraCropData/Plant_4/IMG_2013-10-02_08-00.png,10,0.06363,0.6201,1.355322839769182,8.459999999999999,0.5853865760407817,0.1088756771954815
./data/AraCropData/Plant_4/IMG_2013-10-02_19-40.png,10,0.06749999999999999,0.666,1.4481022063376605,9.0,0.5884691848906558,0.1033234917180643
./data/AraCropData/Plant_4/IMG_2013-10-03_08-00.png,10,0.07443000000000001,0.7389,1.4712239802287075,9.57,0.6133731789316398,0.101384521323384
./data/AraCropData/Plant_4/IMG_2013-10-03_19-40.png,12,0.07635,0.8118,1.6543578814754685,11.07,0.5772799999999999,0.08324605646368616
./data/AraCropData/Plant_4/IMG_2013-10-04_08-00.png,11,0.0828,0.765,1.5,10.65,0.6002824858757064,0.08475631836703271
./data/AraCropData/Plant_4/IMG_2013-10-04_19-40.png,10,0.08765999999999999,0.8694,1.542595215861893,10.469999999999999,0.6319921491658488,0.09966350041026725
./data/AraCropData/Plant_4/IMG_2013-10-05_08-00.png,10,0.09612000000000001,0.9341999999999999,1.578923684032892,10.709999999999999,0.6352509179926562,0.10234597915797551
./data/AraCropData/Plant_4/IMG_2013-10-05_19-40.png,12,0.084825,0.9567,1.5866001386612822,12.0,0.6065620542082739,0.08348782476914876
./data/AraCropData/Plant_4/IMG_2013-10-06_08-00.png,12,0.08767499999999999,1.0089,1.630245380303223,12.809999999999999,0.5996255683337791,0.07726089354242403
./data/AraCropData/Plant_4/IMG_2013-10-06_19-40.png,12,0.09750000000000002,1.143,1.7763445611704953,14.1,0.6195121951219515,0.07224667578196536
./data/AraCropData/Plant_4/IMG_2013-10-07_08-00.png,12,0.09607499999999998,1.1169,1.7026156348395254,13.709999999999999,0.5922214268670961,0.07467053197487053
./data/AraCropData/Plant_4/IMG_2013-10-07_19-40.png,13,0.09332307692307693,1.1718,1.8420097719610502,14.16,0.5780244173140953,0.07344070732142183
./data/AraCropData/Plant_4/IMG_2013-10-08_08-00.png,12,0.104775,1.1835,1.865073725084346,14.07,0.5731096099368052,0.07512594213466166
./data/AraCropData/Plant_4/IMG_2013-10-08_19-40.png,12,0.14137499999999997,1.5867,2.6127571643763603,17.82,0.5323871357390909,0.06278982698226716
./data/AraCropData/Plant_4/IMG_2013-10-09_08-00.png,12,0.12337499999999997,1.4661,2.557049080483204,15.93,0.4755510144504451,0.07260088356471672
./data/AraCropData/Plant_4/IMG_2013-10-09_19-40.png,12,0.15517499999999998,1.8351,2.7240594707164525,18.0,0.5566475566475568,0.07117452689632875
./data/AraCropData/Plant_5/IMG_2013-09-14_08-00.png,5,0.07344,0.36719999999999997,0.9396275858019495,3.9,0.7364620938628154,0.3033774680863043
./data/AraCropData/Plant_5/IMG_2013-09-14_19-40.png,5,0.07992,0.3888,1.1308846094982459,4.109999999999999,0.6585365853658534,0.2892360863872963
./data/AraCropData/Plant_5/IMG_2013-09-15_08-00.png,5,0.08693999999999999,0.4347,1.1482595525402783,4.56,0.6745810055865924,0.26270589537463124
./data/AraCropData/Plant_5/IMG_2013-09-15_19-40.png,5,0.09053999999999998,0.45089999999999997,1.0261578825892244,4.4399999999999995,0.7096317280453263,0.28742474789051986
./data/AraCropData/Plant_5/IMG_2013-09-16_08-00.png,5,0.11754,0.5859,1.4610954794263105,5.58,0.6323457989315198,0.23646396317342527
./data/AraCropData/Plant_5/IMG_2013-09-16_19-40.png,6,0.1038,0.6228,1.2592855117089212,5.9399999999999995,0.639260969976905,0.22181227591920594
./data/AraCropData/Plant_5/IMG_2013-09-17_08-00.png,8,0.1013625,0.7893,1.8997368238785075,7.29,0.5413580246913583,0.18663664124359422
./data/AraCropData/Plant_5/IMG_2013-09-17_19-40.png,5,0.1728,0.864,1.9944924166313593,7.319999999999999,0.537664519742369,0.20262892686416298
./data/AraCropData/Plant_5/IMG_2013-09-18_08-00.png,9,0.11820000000000001,0.9593999999999999,2.221215883249532,8.459999999999999,0.5304802189599402,0.16844916094395251
./data/AraCropData/Plant_5/IMG_2013-09-18_19-40.png,6,0.16665,0.9944999999999999,2.1077001684300356,8.549999999999999,0.524815958204702,0.17095524196819809
./data/AraCropData/Plant_5/IMG_2013-09-19_08-00.png,7,0.15762857142857142,1.071,2.277827912727386,8.67,0.5245757108221291,0.17904456401488747
./data/AraCropData/Plant_5/IMG_2013-09-19_19-40.png,6,0.19920000000000002,1.1502,2.352275494069519,8.879999999999999,0.515842583249243,0.18329781826551114
./data/AraCropData/Plant_5/IMG_2013-09-20_08-00.png,6,0.19365,1.1564999999999999,2.424252462100431,9.93,0.4988354037267081,0.14738626189475756
./data/AraCropData/Plant_5/IMG_2013-09-20_19-40.png,7,0.1911857142857143,1.3383,2.4233241632105265,10.65,0.5291814946619217,0.14827370048444427
./data/AraCropData/Plant_5/IMG_2013-09-21_08-00.png,7,0.22062857142857142,1.5282,2.4959567303941785,11.879999999999999,0.5407643312101911,0.13606836868165162
./data/AraCropData/Plant_5/IMG_2013-09-21_19-40.png,7,0.23284285714285713,1.5867,2.5260641322025057,12.059999999999999,0.5214433599526767,0.13709135536939202
./data/AraCropData/Plant_5/IMG_2013-09-22_08-00.png,8,0.24626249999999997,1.9448999999999999,2.637953752437673,14.19,0.5553842199948599,0.12137866301476416
./data/AraCropData/Plant_5/IMG_2013-09-22_19-40.png,8,0.2649375,2.1069,2.6868010719068876,14.879999999999999,0.5235379626523537,0.11957707469520204
./data/AraCropData/Plant_5/IMG_2013-09-23_08-00.png,9,0.27880000000000005,2.4821999999999997,2.7528167392690706,16.71,0.521558245083207,0.11171043308569115
./data/AraCropData/Plant_5/IMG_2013-09-23_19-40.png,9,0.2943,2.6397,2.842885857715712,17.099999999999998,0.5218396939774042,0.11344156667256221
./data/AraCropData/Plant_5/IMG_2013-09-24_08-00.png,10,0.31094999999999995,3.0519,3.3164589549698937,19.41,0.4758296498982671,0.1017956201450326
./data/AraCropData/Plant_5/IMG_2013-09-24_19-40.png,10,0.35811000000000004,3.5162999999999998,3.7466384933697565,20.279999999999998,0.4779204892966361,0.10743848690150312
./data/AraCropData/Plant_5/IMG_2013-09-25_08-00.png,10,0.3699,3.6522,3.945883931389772,22.259999999999998,0.43719026071967243,0.09262198754925773
./data/AraCropData/Plant_5/IMG_2013-09-25_19-40.png,9,0.4349,3.9087,4.006320007188641,21.72,0.46050259781571423,0.10411721936556022
./data/AraCropData/Plant_5/IMG_2013-09-26_08-00.png,9,0.5018999999999999,4.4919,4.60575726672607,24.18,0.41550116550116545,0.09654445833707896
./data/AraCropData/Plant_5/IMG_2013-09-26_19-40.png,10,0.47844,4.7718,4.574581948112855,24.599999999999998,0.4244316362471983,0.09908818708704989
./data/AraCropData/Plant_5/IMG_2013-09-27_08-00.png,8,0.6958125,5.5539,5.12569995220165,27.36,0.4134396355353076,0.09323430413830512
./data/AraCropData/Plant_5/IMG_2013-09-27_19-40.png,10,0.6534,6.5178,5.285196306666385,32.46,0.4334710001795654,0.07773450957628708
./data/AraCropData/Plant_5/IMG_2013-09-28_08-00.png,10,0.6812099999999999,6.6915,5.474568476144946,34.199999999999996,0.42129419764279236,0.07189209411954484
./data/AraCropData/Plant_5/IMG_2013-09-28_19-40.png,12,0.62205,7.408799999999999,5.533760023709014,37.32,0.4490140998718192,0.0668458523080592
./data/AraCropData/Plant_5/IMG_2013-09-29_08-00.png,12,0.72555,8.634599999999999,5.6080745358812765,40.35,0.43983954154727767,0.06664460672138962
./data/AraCropData/Plant_5/IMG_2013-09-29_19-40.png,13,0.7411846153846154,9.6012,6.110360054857651,46.379999999999995,0.44429636416642365,0.05608850855522648
./data/AraCropData/Plant_5/IMG_2013-09-30_08-00.png,13,0.8259923076923076,10.6731,7.113543420827625,49.23,0.4181667518820854,0.05534020594140084
./data/AraCropData/Plant_5/IMG_2013-09-30_19-40.png,14,0.7963071428571428,11.0817,7.515883181636074,50.07,0.40348663837596066,0.05554705905726154
./data/AraCropData/Plant_5/IMG_2013-10-01_08-00.png,14,0.8829642857142855,12.3291,7.84974521879532,53.129999999999995,0.4100821720974091,0.05488600329038753
./data/AraCropData/Plant_5/IMG_2013-10-01_19-40.png,13,0.9890307692307694,12.4362,8.245635209006036,54.839999999999996,0.37493386153658304,0.0519640114236886
./data/AraCropData/Plant_5/IMG_2013-10-02_08-00.png,14,0.9852428571428572,13.616999999999999,8.38654279187795,56.91,0.38818760262725766,0.052834077665913214
./data/AraCropData/Plant_5/IMG_2013-10-02_19-40.png,14,1.057692857142857,12.9987,8.655922827752105,51.39,0.35118902883820463,0.06185182939950276
./data/AraCropData/Plant_5/IMG_2013-10-03_08-00.png,15,1.0425,15.2361,8.69508481844772,62.82,0.3804355154048406,0.048516315805308664
./data/AraCropData/Plant_5/IMG_2013-10-03_19-40.png,14,1.21545,16.9299,8.934259902196711,65.58,0.3849191733169635,0.04946766741250158
./data/AraCropData/Plant_5/IMG_2013-10-04_08-00.png,16,1.1827125,18.6408,8.912070466507767,70.61999999999999,0.40531099869866827,0.04696982957922039
./data/AraCropData/Plant_5/IMG_2013-10-04_19-40.png,17,1.2024529411764704,20.0457,9.22269483394089,73.44,0.4003343159105615,0.046705255706542805
./data/AraCropData/Plant_5/IMG_2013-10-05_08-00.png,18,1.2717,21.848399999999998,9.4190923129567,85.71,0.420654999133599,0.03737373587684079
./data/AraCropData/Plant_5/IMG_2013-10-05_19-40.png,18,1.303,23.093999999999998,9.474729547591318,85.05,0.42791628449929126,0.040119950600419466
./data/AraCropData/Plant_5/IMG_2013-10-06_08-00.png,17,1.4547176470588232,24.2496,9.517236994001987,87.69,0.4368777766968252,0.03962910855571173
./data/AraCropData/Plant_5/IMG_2013-10-06_19-40.png,17,1.4614411764705881,24.7797,9.43207824395027,85.86,0.4271264795767984,0.042240022410470646
./data/AraCropData/Plant_5/IMG_2013-10-07_08-00.png,17,1.5162882352941176,25.5447,9.383144462279157,86.91,0.43634602671914136,0.04249826211936675
./data/AraCropData/Plant_5/IMG_2013-10-07_19-40.png,18,1.436,25.253999999999998,9.352689452772394,89.1,0.425464166849882,0.03997464651440538
./data/AraCropData/Plant_5/IMG_2013-10-08_08-00.png,18,1.4587999999999999,25.9056,9.436037303868611,91.64999999999999,0.43913862677641075,0.03875596730574648
./data/AraCropData/Plant_5/IMG_2013-10-08_19-40.png,20,1.346085,26.3313,9.432841565509303,93.92999999999999,0.44262394287356843,0.037503648574608375
./data/AraCropData/Plant_5/IMG_2013-10-09_08-00.png,20,1.3432499999999998,26.4672,9.432841565509303,94.38,0.4438507919977663,0.037338590283171165
./data/AraCropData/Plant_5/IMG_2013-10-09_19-40.png,20,1.40193,27.7596,9.45609327365165,97.41,0.46318571578741863,0.03676342638323597
./data/AraCropData/Plant_6/IMG_2013-09-14_08-00.png,3,0.04409999999999999,0.1305,0.7305477397131552,1.8599999999999999,0.9265175718849857,0.4740176220296775
./data/AraCropData/Plant_6/IMG_2013-09-14_19-40.png,4,0.04455,0.1782,0.8357032966310471,2.4899999999999998,0.8425531914893614,0.3611759880451613
./data/AraCropData/Plant_6/IMG_2013-09-15_08-00.png,4,0.043875,0.1755,0.8448076704197234,2.52,0.47387606318347486,0.34728490218254515
./data/AraCropData/Plant_6/IMG_2013-09-15_19-40.png,5,0.04392,0.2178,0.874642784226795,3.03,0.7793880837359098,0.29811407594107636
./data/AraCropData/Plant_6/IMG_2013-09-16_08-00.png,4,0.051975,0.2079,0.8357032966310471,2.82,0.7817258883248736,0.3285232697959449
./data/AraCropData/Plant_6/IMG_2013-09-16_19-40.png,5,0.05993999999999999,0.29969999999999997,1.0551303237041385,3.84,0.5178849144634523,0.25540780118295925
./data/AraCropData/Plant_6/IMG_2013-09-17_08-00.png,5,0.05652,0.2808,0.9604686356149272,3.4499999999999997,0.7123287671232874,0.29646182470170607
./data/AraCropData/Plant_6/IMG_2013-09-17_19-40.png,5,0.06983999999999999,0.3474,1.0551303237041385,4.2,0.601246105919003,0.24748056413993064
./data/AraCropData/Plant_6/IMG_2013-09-18_08-00.png,5,0.0702,0.3492,1.0478549517943787,4.17,0.6445182724252492,0.25235504365050254
./data/AraCropData/Plant_6/IMG_2013-09-18_19-40.png,5,0.07776,0.387,1.0903669107231748,4.71,0.5691594970218398,0.2192194151557647
./data/AraCropData/Plant_6/IMG_2013-09-19_08-00.png,5,0.07686,0.3825,1.1200892821556683,4.59,0.5825908156271418,0.22814761463978167
./data/AraCropData/Plant_6/IMG_2013-09-19_19-40.png,6,0.08324999999999999,0.49229999999999996,1.2657013865837392,5.43,0.5528044466902478,0.20981669442490972
./data/AraCropData/Plant_6/IMG_2013-09-20_08-00.png,6,0.0798,0.4788,1.1541230437002805,5.13,0.5773195876288659,0.22862792540744434
./data/AraCropData/Plant_6/IMG_2013-09-20_19-40.png,6,0.08955,0.5355,1.3764083696345353,5.79,0.540909090909091,0.20072996632241694
./data/AraCropData/Plant_6/IMG_2013-09-21_08-00.png,6,0.08894999999999999,0.5337,1.3024976007655447,5.85,0.5544647031323048,0.19597259104049938
./data/AraCropData/Plant_6/IMG_2013-09-21_19-40.png,7,0.09257142857142855,0.648,1.5065855435387663,6.72,0.5762304921968788,0.1803210069024754
./data/AraCropData/Plant_6/IMG_2013-09-22_08-00.png,6,0.10679999999999999,0.6408,1.4415616532080755,6.39,0.5831285831285833,0.19721077999126568
./data/AraCropData/Plant_6/IMG_2013-09-22_19-40.png,7,0.11005714285714283,0.7632,1.7184004189943622,7.4399999999999995,0.5890934352205627,0.17326161356946831
./data/AraCropData/Plant_6/IMG_2013-09-23_08-00.png,7,0.1076142857142857,0.7497,1.5660459763365824,7.29,0.6174944403261676,0.17727288729294638
./data/AraCropData/Plant_6/IMG_2013-09-23_19-40.png,7,0.1425857142857143,0.9981,2.1633307652783933,9.18,0.5467093911757457,0.14883276743265755
./data/AraCropData/Plant_6/IMG_2013-09-24_08-00.png,6,0.159,0.954,1.9453791404248169,8.28,0.573748308525034,0.17486285511474378
./data/AraCropData/Plant_6/IMG_2013-09-24_19-40.png,9,0.1412,1.269,2.3068810112357334,11.07,0.585669781931464,0.13012964480465353
./data/AraCropData/Plant_6/IMG_2013-09-25_08-00.png,8,0.14535,1.1538,2.1079136604709405,10.02,0.5724492074123689,0.1444125562731584
./data/AraCropData/Plant_6/IMG_2013-09-25_19-40.png,8,0.179325,1.4345999999999999,2.1801146758828995,11.73,0.5465455168866793,0.13102213328856116
./data/AraCropData/Plant_6/IMG_2013-09-26_08-00.png,8,0.174825,1.395,2.0991426821443078,11.79,0.5743931813970723,0.12611201401275968
./data/AraCropData/Plant_6/IMG_2013-09-26_19-40.png,8,0.213075,1.7009999999999998,2.406366555618657,13.139999999999999,0.5451398903951543,0.12380079888419154
./data/AraCropData/Plant_6/IMG_2013-09-27_08-00.png,9,0.1845,1.6533,2.2465974272218867,13.17,0.560317218240049,0.119781564119
./data/AraCropData/Plant_6/IMG_2013-09-27_19-40.png,10,0.19458,1.9404,2.2395758527006846,15.209999999999999,0.5900383141762454,0.1054005074696201
./data/AraCropData/Plant_6/IMG_2013-09-28_08-00.png,10,0.19215,1.9143,2.300825938657681,14.19,0.5825801150369764,0.11946895707191271
./data/AraCropData/Plant_6/IMG_2013-09-28_19-40.png,11,0.21747272727272726,2.3688,2.7041634565979917,17.189999999999998,0.5646251206693125,0.10073641821768212
./data/AraCropData/Plant_6/IMG_2013-09-29_08-00.png,9,0.26570000000000005,2.3841,2.7498727243274366,16.439999999999998,0.5409986725211887,0.11084872581596468
./data/AraCropData/Plant_6/IMG_2013-09-29_19-40.png,11,0.2344090909090909,2.4831,2.9851130631853797,17.91,0.5190480669739443,0.09727761230781758
./data/AraCropData/Plant_6/IMG_2013-09-30_08-00.png,10,0.24551999999999996,2.4444,2.6471494102146935,16.439999999999998,0.5791044776119403,0.11365237422278597
./data/AraCropData/Plant_6/IMG_2013-09-30_19-40.png,10,0.31589999999999996,3.0636,3.3933169613226526,20.7,0.49444404096158057,0.08984651453744723
./data/AraCropData/Plant_6/IMG_2013-10-01_08-00.png,10,0.28485,2.8125,3.097418279793674,19.38,0.529436679373147,0.09410113240295703
./data/AraCropData/Plant_6/IMG_2013-10-01_19-40.png,11,0.32113636363636366,3.5109,3.6895121628746526,22.65,0.5149155227032737,0.08599870491051294
./data/AraCropData/Plant_6/IMG_2013-10-02_08-00.png,11,0.3171272727272727,3.4812,3.488911004883902,22.14,0.5229853975121687,0.08924494079865246
./data/AraCropData/Plant_6/IMG_2013-10-02_19-40.png,11,0.3770181818181818,4.1364,3.8774347189862524,24.3,0.48769100169779295,0.08802779963968108
./data/AraCropData/Plant_6/IMG_2013-10-03_08-00.png,12,0.33854999999999996,4.0392,3.795207504208433,23.58,0.48550411077455663,0.09128882562730087
./data/AraCropData/Plant_6/IMG_2013-10-03_19-40.png,13,0.3671999999999999,4.7592,4.025145960086417,28.29,0.49540940603335204,0.07472706498262165
./data/AraCropData/Plant_6/IMG_2013-10-04_08-00.png,12,0.38054999999999994,4.5396,3.9901127803609757,26.669999999999998,0.4786941254626555,0.08020130222887621
./data/AraCropData/Plant_6/IMG_2013-10-04_19-40.png,12,0.4241249999999999,5.0823,4.085400837127246,28.89,0.4751767081790642,0.07652002046573289
./data/AraCropData/Plant_6/IMG_2013-10-05_08-00.png,12,0.41969999999999996,5.031,4.085400837127246,28.83,0.4772067611405157,0.07606325328202367
./data/AraCropData/Plant_6/IMG_2013-10-05_19-40.png,13,0.4185692307692308,5.4378,4.106823590075424,30.81,0.5035839306551093,0.07198627443822833
./data/AraCropData/Plant_6/IMG_2013-10-06_08-00.png,12,0.44864999999999994,5.3766,4.169244535884168,30.33,0.4930670188180918,0.07344678179020067
./data/AraCropData/Plant_6/IMG_2013-10-06_19-40.png,12,0.475875,5.6979,4.506994564008259,31.2,0.4925889904687804,0.07355555876433795
./data/AraCropData/Plant_6/IMG_2013-10-07_08-00.png,12,0.45645,5.4702,4.459417002254891,29.64,0.47687419089090266,0.07824501363945796
./data/AraCropData/Plant_6/IMG_2013-10-07_19-40.png,14,0.4244785714285714,5.9211,4.63303356344415,33.36,0.49499661425024455,0.06685904607670168
./data/AraCropData/Plant_6/IMG_2013-10-08_08-00.png,13,0.4394076923076923,5.6925,4.648354547579175,32.22,0.4837291116974495,0.06890676020638642
./data/AraCropData/Plant_6/IMG_2013-10-08_19-40.png,14,0.4370785714285715,6.1083,4.640797345284536,33.449999999999996,0.5068518725962438,0.0686021897562032
./data/AraCropData/Plant_6/IMG_2013-10-09_08-00.png,13,0.4492384615384616,5.8347,4.674034659691774,32.1,0.4886376483889204,0.07115711476363919
./data/AraCropData/Plant_6/IMG_2013-10-09_19-40.png,14,0.4384928571428572,6.0957,4.7469253206681055,34.379999999999995,0.49823451522730616,0.06480696814099174
./data/AraCropData/Plant_7/IMG_2013-09-14_08-00.png,4,0.056475,0.2259,0.7212489168102784,2.9099999999999997,0.8083735909822856,0.3352278695083593
./data/AraCropData/Plant_7/IMG_2013-09-14_19-40.png,4,0.06952499999999999,0.2781,0.8590692637965812,3.51,0.6783754116355654,0.2836590342491771
./data/AraCropData/Plant_7/IMG_2013-09-15_08-00.png,5,0.06119999999999999,0.3006,0.913892772703669,3.78,0.7182795698924731,0.26437186855605715
./data/AraCropData/Plant_7/IMG_2013-09-15_19-40.png,5,0.06606000000000001,0.3303,0.8469356528095862,3.57,0.7775423728813559,0.32567318801425155
./data/AraCropData/Plant_7/IMG_2013-09-16_08-00.png,5,0.0819,0.4095,1.1868024266911488,4.62,0.6368089573128057,0.2410903453168082
./data/AraCropData/Plant_7/IMG_2013-09-16_19-40.png,5,0.09,0.45,1.1148542505637227,4.59,0.6882312456985549,0.26840895839974316
./data/AraCropData/Plant_7/IMG_2013-09-17_08-00.png,6,0.09645,0.5733,1.4629422408283932,5.85,0.6157564040599321,0.21051355900977764
./data/AraCropData/Plant_7/IMG_2013-09-17_19-40.png,6,0.0978,0.585,1.4512063946937388,5.85,0.5968778696051424,0.2148097540916098
./data/AraCropData/Plant_7/IMG_2013-09-18_08-00.png,6,0.1014,0.5831999999999999,1.6783920876839238,5.97,0.5171588188347963,0.20562632656005517
./data/AraCropData/Plant_7/IMG_2013-09-18_19-40.png,6,0.12209999999999999,0.7326,1.8638669480410879,6.6899999999999995,0.5410435360584911,0.2056953825753256
./data/AraCropData/Plant_7/IMG_2013-09-19_08-00.png,6,0.12464999999999998,0.7461,1.7710166571774528,7.02,0.5968322534197266,0.19025351083541084
./data/AraCropData/Plant_7/IMG_2013-09-19_19-40.png,5,0.16649999999999998,0.8307,2.01357890334598,6.84,0.5342981186685962,0.2231217312452585
./data/AraCropData/Plant_7/IMG_2013-09-20_08-00.png,5,0.1611,0.8055,1.9342440383777844,7.319999999999999,0.557111733582322,0.1889092599410686
./data/AraCropData/Plant_7/IMG_2013-09-20_19-40.png,7,0.14284285714285713,0.9999,2.181559075523741,8.76,0.5582914572864321,0.16374129471468662
./data/AraCropData/Plant_7/IMG_2013-09-21_08-00.png,7,0.15917142857142857,1.1052,2.2274873737015883,9.57,0.6065695233390964,0.15164457026201653
./data/AraCropData/Plant_7/IMG_2013-09-21_19-40.png,7,0.15557142857142855,1.089,2.0492437629525675,9.33,0.5644973174714253,0.15720793254179133
./data/AraCropData/Plant_7/IMG_2013-09-22_08-00.png,7,0.16225714285714285,1.134,1.9398195792392652,9.389999999999999,0.5295230090355115,0.1616187464819745
./data/AraCropData/Plant_7/IMG_2013-09-22_19-40.png,9,0.1585,1.4246999999999999,2.1251352898109808,11.7,0.5388019060585433,0.13078609258731475
./data/AraCropData/Plant_7/IMG_2013-09-23_08-00.png,8,0.17909999999999998,1.4238,2.313114783144148,12.03,0.49429776597406666,0.12363106144810178
./data/AraCropData/Plant_7/IMG_2013-09-23_19-40.png,8,0.1881,1.4958,2.5117722826721374,12.09,0.5102072141212587,0.12859698638046502
./data/AraCropData/Plant_7/IMG_2013-09-24_08-00.png,8,0.2408625,1.9197,2.588010819142764,14.729999999999999,0.5084018591347874,0.11118283282559853
./data/AraCropData/Plant_7/IMG_2013-09-24_19-40.png,8,0.2338875,1.8585,2.962110733919311,13.889999999999999,0.43079169708980913,0.12105087637975499
./data/AraCropData/Plant_7/IMG_2013-09-25_08-00.png,9,0.3038,2.727,3.0394900888142407,19.349999999999998,0.5181701581872594,0.09152359344151986
./data/AraCropData/Plant_7/IMG_2013-09-25_19-40.png,9,0.2834999999999999,2.5443,2.876404005003469,17.37,0.5222612229817107,0.10596892899971476
./data/AraCropData/Plant_7/IMG_2013-09-26_08-00.png,8,0.40173749999999997,3.2138999999999998,3.420526275297414,20.07,0.5403238008775911,0.10026456609015663
./data/AraCropData/Plant_7/IMG_2013-09-26_19-40.png,8,0.3839625,3.0645,3.661966684720111,16.38,0.4818850834984432,0.14352967281827536
./data/AraCropData/Plant_7/IMG_2013-09-27_08-00.png,10,0.37467,3.7142999999999997,4.128353182565658,20.849999999999998,0.5058217918862606,0.10736796547893031
./data/AraCropData/Plant_7/IMG_2013-09-27_19-40.png,8,0.4208625,3.3579,4.612786576463298,21.36,0.4060731388767958,0.09248581453212597
./data/AraCropData/Plant_7/IMG_2013-09-28_08-00.png,10,0.45693,4.0923,5.130789412946121,25.709999999999997,0.3718666939276221,0.07779884945515776
./data/AraCropData/Plant_7/IMG_2013-09-28_19-40.png,10,0.45549,4.5261,5.242022510443846,25.5,0.41120196238757145,0.08746889663614156
./data/AraCropData/Plant_7/IMG_2013-09-29_08-00.png,10,0.45585000000000003,4.5405,5.036606000075845,26.25,0.37080592407482266,0.08280468865233244
./data/AraCropData/Plant_7/IMG_2013-09-29_19-40.png,10,0.5269499999999999,5.2569,5.405663696531629,30.33,0.38990687894262527,0.07181162578449315
./data/AraCropData/Plant_7/IMG_2013-09-30_08-00.png,12,0.4937249999999999,5.7915,5.791243389808444,33.089999999999996,0.3579076170082593,0.0664672009687593
./data/AraCropData/Plant_7/IMG_2013-09-30_19-40.png,11,0.5731363636363637,6.2649,5.826259520481386,30.09,0.3836107131048167,0.08695201121118619
./data/AraCropData/Plant_7/IMG_2013-10-01_08-00.png,12,0.5912249999999999,6.9993,6.209057899552878,34.23,0.37519297568506366,0.07506727901234544
./data/AraCropData/Plant_7/IMG_2013-10-01_19-40.png,13,0.6673846153846154,8.5608,6.427635646176594,39.6,0.40895997248376975,0.06860153654946306
./data/AraCropData/Plant_7/IMG_2013-10-02_08-00.png,12,0.76845,9.1332,6.515251338206379,42.989999999999995,0.40041825320101826,0.062100906795467085
./data/AraCropData/Plant_7/IMG_2013-10-02_19-40.png,14,0.7083642857142857,9.879299999999999,6.963942848702881,46.41,0.3902100885144502,0.05763853062303403
./data/AraCropData/Plant_7/IMG_2013-10-03_08-00.png,14,0.7757999999999999,10.774799999999999,7.28660414733777,50.669999999999995,0.39237664487160584,0.052737224914426624
./data/AraCropData/Plant_7/IMG_2013-10-03_19-40.png,13,0.8729999999999998,11.3022,7.622834118620187,52.41,0.3924558963701423,0.05170642752859591
./data/AraCropData/Plant_7/IMG_2013-10-04_08-00.png,14,0.8602071428571427,11.8791,7.746392708867785,55.83,0.36622688364478834,0.047891467680566346
./data/AraCropData/Plant_7/IMG_2013-10-04_19-40.png,14,0.9179357142857143,12.766499999999999,7.971932011752232,56.73,0.3744621314115255,0.049848965098303014
./data/AraCropData/Plant_7/IMG_2013-10-05_08-00.png,15,0.9040199999999999,13.3245,8.067713430706373,61.379999999999995,0.3725699905630702,0.04444337351033454
./data/AraCropData/Plant_7/IMG_2013-10-05_19-40.png,13,1.0644923076923076,13.8042,8.150785238245454,60.72,0.3759682321796254,0.04704977827411013
./data/AraCropData/Plant_7/IMG_2013-10-06_08-00.png,15,0.99558,14.8581,8.194888650860364,64.95,0.39707527088619776,0.04426034860124179
./data/AraCropData/Plant_7/IMG_2013-10-06_19-40.png,13,1.1730461538461536,15.2388,8.181369078583362,63.629999999999995,0.394565749306737,0.04729734763061323
./data/AraCropData/Plant_7/IMG_2013-10-07_08-00.png,16,1.01953125,16.227899999999998,8.234002671848,67.47,0.41130513133432933,0.04479718935356284
./data/AraCropData/Plant_7/IMG_2013-10-07_19-40.png,16,0.9939375,15.7788,8.156745674593514,66.69,0.39447838266563173,0.04458229287986958
./data/AraCropData/Plant_7/IMG_2013-10-08_08-00.png,17,0.9967764705882353,16.790399999999998,8.156745674593514,69.86999999999999,0.4135347512385429,0.04322046350475297
./data/AraCropData/Plant_7/IMG_2013-10-08_19-40.png,18,0.9299,16.317,8.084206825657049,72.21,0.4022943871833845,0.03932380080987506
./data/AraCropData/Plant_7/IMG_2013-10-09_08-00.png,17,1.0215,17.2035,8.118035476640884,74.28,0.4221976808393151,0.03918166487023007
./data/AraCropData/Plant_7/IMG_2013-10-09_19-40.png,19,0.9266684210526314,17.423099999999998,8.08359449749924,76.77,0.4243533537921963,0.03714943491832369
./data/AraCropData/Plant_8/IMG_2013-09-14_08-00.png,5,0.10637999999999999,0.5301,1.2402015965156632,5.16,0.7083583884545999,0.2501890309578675
./data/AraCropData/Plant_8/IMG_2013-09-14_19-40.png,5,0.1233,0.6164999999999999,1.3261221663180205,5.7299999999999995,0.6316274781005069,0.2359574537659613
./data/AraCropData/Plant_8/IMG_2013-09-15_08-00.png,5,0.13518,0.6759,1.364587849865299,5.79,0.6253122398001664,0.2533583272405632
./data/AraCropData/Plant_8/IMG_2013-09-15_19-40.png,5,0.14346,0.7155,1.3682105101189654,6.0,0.6196414653156664,0.24975661596038856
./data/AraCropData/Plant_8/IMG_2013-09-16_08-00.png,6,0.1329,0.7956,1.5065855435387663,6.63,0.6258407079646017,0.22744562197935156
./data/AraCropData/Plant_8/IMG_2013-09-16_19-40.png,6,0.1551,0.9288,1.7055204484262274,7.26,0.6131907308377895,0.22144140553955785
./data/AraCropData/Plant_8/IMG_2013-09-17_08-00.png,7,0.14245714285714284,0.9828,6.7463323369072175,8.16,0.19137749737118825,0.1854789780341725
./data/AraCropData/Plant_8/IMG_2013-09-17_19-40.png,7,0.1737,1.1853,2.2299103120977755,9.51,0.5575783234546995,0.16469374856064872
./data/AraCropData/Plant_8/IMG_2013-09-18_08-00.png,7,0.18398571428571425,1.2825,2.2982819670353765,10.2,0.5725190839694657,0.15490552011645176
./data/AraCropData/Plant_8/IMG_2013-09-18_19-40.png,7,0.2068714285714286,1.4409,2.4462420158275426,11.4,0.5617543859649122,0.13932658832125372
./data/AraCropData/Plant_8/IMG_2013-09-19_08-00.png,8,0.1981125,1.5687,2.4462420158275426,11.73,0.5924541128484025,0.1432694970652209
./data/AraCropData/Plant_8/IMG_2013-09-19_19-40.png,7,0.2552142857142857,1.7847,2.6807648162418123,12.03,0.5780498469610844,0.1549686440275511
./data/AraCropData/Plant_8/IMG_2013-09-20_08-00.png,8,0.2383875,1.8962999999999999,2.598249410660955,13.35,0.6130346232179227,0.13370707175586302
./data/AraCropData/Plant_8/IMG_2013-09-20_19-40.png,8,0.29317499999999996,2.34,2.9455050500720583,15.36,0.5996309963099633,0.12463593901570834
./data/AraCropData/Plant_8/IMG_2013-09-21_08-00.png,8,0.3182625,2.5425,2.876404005003469,16.38,0.6201295137745582,0.11908115292558824
./data/AraCropData/Plant_8/IMG_2013-09-21_19-40.png,9,0.3185,2.8485,3.1119125951735853,18.15,0.6123041207196751,0.10866078271824817
./data/AraCropData/Plant_8/IMG_2013-09-22_08-00.png,10,0.31095,3.0843,3.1075713990188545,18.45,0.6053700759583113,0.11386067048822496
./data/AraCropData/Plant_8/IMG_2013-09-22_19-40.png,10,0.33785999999999994,3.3695999999999997,3.1869264189811473,18.93,0.6107169072669439,0.11816449019406908
./data/AraCropData/Plant_8/IMG_2013-09-23_08-00.png,10,0.3679199999999999,3.6684,3.1442805218364343,20.31,0.6141328913665816,0.11175493286291724
./data/AraCropData/Plant_8/IMG_2013-09-23_19-40.png,10,0.41453999999999996,4.1184,3.2066337489647925,21.27,0.609077598828697,0.11439404300402756
./data/AraCropData/Plant_8/IMG_2013-09-24_08-00.png,9,0.4933,4.3839,3.6280159867343476,22.65,0.5775432772112876,0.10738264332712343
./data/AraCropData/Plant_8/IMG_2013-09-24_19-40.png,10,0.52425,5.1939,3.8629004646767693,25.11,0.5717257776897164,0.10351660552417648
./data/AraCropData/Plant_8/IMG_2013-09-25_08-00.png,10,0.5757300000000001,5.4531,4.074923312161837,28.41,0.5512190684133915,0.08490061936533
./data/AraCropData/Plant_8/IMG_2013-09-25_19-40.png,8,0.7734375,6.1857,4.450123593789278,26.97,0.5330592934424323,0.10686532834343264
./data/AraCropData/Plant_8/IMG_2013-09-26_08-00.png,9,0.7430999999999999,6.6681,4.566311421705707,28.38,0.543281393217232,0.10403684801901755
./data/AraCropData/Plant_8/IMG_2013-09-26_19-40.png,11,0.693490909090909,7.5942,5.0457110499908735,31.5,0.5266344203463879,0.09617690271561243
./data/AraCropData/Plant_8/IMG_2013-09-27_08-00.png,11,0.7838181818181816,8.424,5.137012750616841,37.08,0.5273536537269706,0.07699256196939827
./data/AraCropData/Plant_8/IMG_2013-09-27_19-40.png,12,0.8117249999999999,9.7317,5.435301279598032,38.25,0.5917797723292471,0.08358641473468095
./data/AraCropData/Plant_8/IMG_2013-09-28_08-00.png,12,0.9303749999999998,11.153699999999999,5.924905062530538,42.36,0.5737632815574434,0.07811184937672701
./data/AraCropData/Plant_8/IMG_2013-09-28_19-40.png,14,0.8401500000000001,11.6541,5.741297762701391,43.949999999999996,0.6036126325603076,0.07581774188882197
./data/AraCropData/Plant_8/IMG_2013-09-29_08-00.png,14,0.9682714285714286,13.4028,6.372511278922933,48.66,0.5681475688152147,0.07113137302482239
./data/AraCropData/Plant_8/IMG_2013-09-29_19-40.png,14,0.9852428571428572,13.6584,6.527671866753107,49.68,0.5614398549786354,0.06954189437162872
./data/AraCropData/Plant_8/IMG_2013-09-30_08-00.png,15,1.0418399999999999,15.508799999999999,6.864757825298719,53.22,0.5812294459903868,0.06880790245505264
./data/AraCropData/Plant_8/IMG_2013-09-30_19-40.png,15,1.12074,16.6797,6.99521264866194,54.54,0.5907497131199795,0.07046408745811611
./data/AraCropData/Plant_8/IMG_2013-10-01_08-00.png,16,1.084725,17.1324,7.088384865397758,55.98,0.5929294502413954,0.06870087704007209
./data/AraCropData/Plant_8/IMG_2013-10-01_19-40.png,15,1.23018,18.3069,7.339891007365163,56.07,0.6146245656443573,0.07317513984230327
./data/AraCropData/Plant_8/IMG_2013-10-02_08-00.png,16,1.20886875,19.0647,7.467047609329941,57.51,0.6130404584129188,0.07243577390336697
./data/AraCropData/Plant_8/IMG_2013-10-02_19-40.png,15,1.27416,18.9288,7.425712087066128,59.43,0.6076154157277402,0.06734750109921134
./data/AraCropData/Plant_8/IMG_2013-10-03_08-00.png,16,1.1901937499999997,18.8811,7.447314952383845,57.839999999999996,0.6139955513931162,0.07092193690671247
./data/AraCropData/Plant_8/IMG_2013-10-03_19-40.png,15,1.2485399999999998,18.567899999999998,7.445864624071539,57.989999999999995,0.607875778959619,0.06938513458619686
./data/AraCropData/Plant_8/IMG_2013-10-04_08-00.png,17,1.1039823529411763,18.607499999999998,7.446589823536677,58.68,0.605568003749103,0.0679074904681824
./data/AraCropData/Plant_8/IMG_2013-10-04_19-40.png,15,1.179,17.6562,7.385242040718774,54.809999999999995,0.5858392809149818,0.07385629194404622
./data/AraCropData/Plant_8/IMG_2013-10-05_08-00.png,16,1.09310625,17.4357,7.339891007365163,55.08,0.5828043680996361,0.07222064932053088
./data/AraCropData/Plant_8/IMG_2013-10-05_19-40.png,15,1.0318200000000002,15.4377,6.921878357786996,52.769999999999996,0.5479754013257726,0.06966558249383352
./data/AraCropData/Plant_8/IMG_2013-10-06_08-00.png,16,0.9641249999999999,15.3432,6.9830437489679245,53.94,0.542273681531904,0.06626800951545321
./data/AraCropData/Plant_8/IMG_2013-10-06_19-40.png,15,0.9579000000000001,14.3235,6.7697045725792195,54.69,0.5207958375601296,0.060178750983584904
./data/AraCropData/Plant_8/IMG_2013-10-07_08-00.png,16,0.90309375,14.3253,6.791538853603062,53.489999999999995,0.5201973985227794,0.06291705613424317
./data/AraCropData/Plant_8/IMG_2013-10-07_19-40.png,15,0.93384,13.968,6.7463323369072175,52.11,0.5111231866159496,0.06464008875036643
./data/AraCropData/Plant_8/IMG_2013-10-08_08-00.png,17,1.4791235294117646,23.0967,7.540092837624746,64.8,0.6228354387370006,0.06912096387952234
./data/AraCropData/Plant_8/IMG_2013-10-08_19-40.png,17,1.5033176470588234,23.607,7.567198953377663,65.7,0.6326656134299738,0.06872581914777445
./data/AraCropData/Plant_8/IMG_2013-10-09_08-00.png,17,1.4629764705882353,24.5034,7.56856657498631,67.14,0.6532071352311036,0.06830830986321704
./data/AraCropData/Plant_8/IMG_2013-10-09_19-40.png,18,1.37745,24.5259,7.563808564473323,69.63,0.6558840872715018,0.06356850924503857
./data/AraCropData/Plant_9/IMG_2013-09-14_08-00.png,2,0.0279,0.055799999999999995,0.39115214431215894,0.99,1.0333333333333328,0.7154407512307334
./data/AraCropData/Plant_9/IMG_2013-09-14_19-40.png,2,0.027,0.054,0.4686149805543992,0.96,0.7741935483870982,0.7363107781851078
./data/AraCropData/Plant_9/IMG_2013-09-15_08-00.png,2,0.033299999999999996,0.06659999999999999,0.49203658400570177,1.17,0.9135802469135804,0.6113816077991971
./data/AraCropData/Plant_9/IMG_2013-09-15_19-40.png,2,0.029699999999999997,0.0594,0.5580322571321482,1.14,0.6947368421052629,0.5743631998252808
./data/AraCropData/Plant_9/IMG_2013-09-16_08-00.png,4,0.026325,0.0783,0.5762811813689563,1.53,0.8613861386138619,0.4203284288539977
./data/AraCropData/Plant_9/IMG_2013-09-16_19-40.png,4,0.027,0.0864,0.6242595614005444,1.56,0.7933884297520658,0.4461433354210357
./data/AraCropData/Plant_9/IMG_2013-09-17_08-00.png,4,0.02655,0.1026,0.6242595614005444,1.89,0.8769230769230772,0.36093883850767083
./data/AraCropData/Plant_9/IMG_2013-09-17_19-40.png,4,0.031950000000000006,0.1206,0.6661080993352355,1.8299999999999998,0.8481012658227856,0.45253793666329734
./data/AraCropData/Plant_9/IMG_2013-09-18_08-00.png,4,0.029025000000000002,0.1143,0.6801470429252781,2.04,0.7815384615384614,0.3451403693822696
./data/AraCropData/Plant_9/IMG_2013-09-18_19-40.png,4,0.03105,0.12419999999999999,0.6841052550594827,2.25,0.7040816326530611,0.30829495907227833
./data/AraCropData/Plant_9/IMG_2013-09-19_08-00.png,4,0.036449999999999996,0.14579999999999999,0.6841052550594827,2.34,0.7058823529411762,0.33460750156577684
./data/AraCropData/Plant_9/IMG_2013-09-19_19-40.png,4,0.038925,0.1539,0.7080254232723567,2.55,0.693711967545639,0.2974185986235874
./data/AraCropData/Plant_9/IMG_2013-09-20_08-00.png,5,0.033659999999999995,0.1611,0.7080254232723567,2.55,0.6884615384615385,0.3113329190270301
./data/AraCropData/Plant_9/IMG_2013-09-20_19-40.png,5,0.03474,0.1737,0.6841052550594827,2.82,0.6465661641541037,0.2744804808251834
./data/AraCropData/Plant_9/IMG_2013-09-21_08-00.png,5,0.035640000000000005,0.1764,0.7029224708315989,2.73,0.6841186736474693,0.29742889028069047
./data/AraCropData/Plant_9/IMG_2013-09-21_19-40.png,5,0.0405,0.1701,0.7080254232723567,2.79,0.6048,0.2746033120723649
./data/AraCropData/Plant_9/IMG_2013-09-22_08-00.png,5,0.03816,0.1908,0.7156116265125938,2.9099999999999997,0.6816720257234725,0.2831406706604469
./data/AraCropData/Plant_9/IMG_2013-09-22_19-40.png,5,0.03978,0.1971,0.7517978451685,2.9699999999999998,0.6576576576576578,0.280791262579804
./data/AraCropData/Plant_9/IMG_2013-09-23_08-00.png,5,0.03888,0.1926,0.7262231062146123,2.94,0.6594761171032356,0.2800086746639799
./data/AraCropData/Plant_9/IMG_2013-09-23_19-40.png,5,0.04446,0.2223,0.7988116173416608,2.9099999999999997,0.680440771349862,0.32988559270344525
./data/AraCropData/Plant_9/IMG_2013-09-24_08-00.png,6,0.036,0.21059999999999998,0.8049844718999243,3.3,0.6473029045643154,0.24301906807934268
./data/AraCropData/Plant_9/IMG_2013-09-24_19-40.png,6,0.04035,0.2385,0.872066511224918,3.51,0.6400966183574874,0.2432674565567376
./data/AraCropData/Plant_9/IMG_2013-09-25_08-00.png,6,0.03855,0.22769999999999999,0.876184911990614,3.42,0.6301369863013699,0.24463617770336032
./data/AraCropData/Plant_9/IMG_2013-09-25_19-40.png,6,0.042,0.2502,0.8909545442950498,3.5999999999999996,0.6368843069873996,0.24260076602721184
./data/AraCropData/Plant_9/IMG_2013-09-26_08-00.png,5,0.05526,0.2763,0.9143850392476902,3.42,0.6769570011025358,0.29685101405111314
./data/AraCropData/Plant_9/IMG_2013-09-26_19-40.png,5,0.05886,0.2943,0.9343446901438461,3.78,0.6805411030176902,0.2588311407719482
./data/AraCropData/Plant_9/IMG_2013-09-27_08-00.png,6,0.052199999999999996,0.3114,0.9567131231461184,4.05,0.6731517509727626,0.23857142565532366
./data/AraCropData/Plant_9/IMG_2013-09-27_19-40.png,6,0.05535,0.3321,0.9567131231461184,4.109999999999999,0.7096153846153849,0.24705582378914892
./data/AraCropData/Plant_9/IMG_2013-09-28_08-00.png,6,0.055799999999999995,0.333,0.9567131231461184,4.14,0.6496927129060583,0.24414813733001967
./data/AraCropData/Plant_9/IMG_2013-09-28_19-40.png,8,0.048600000000000004,0.369,0.9840731680114035,4.83,0.6554756195043965,0.19876594081583507
./data/AraCropData/Plant_9/IMG_2013-09-29_08-00.png,7,0.05567142857142858,0.37529999999999997,0.9840731680114035,5.04,0.6577287066246054,0.18566385155143758
./data/AraCropData/Plant_9/IMG_2013-09-29_19-40.png,8,0.053775,0.414,1.0465658125507444,5.069999999999999,0.6340454858718126,0.20239244013183083
./data/AraCropData/Plant_9/IMG_2013-09-30_08-00.png,7,0.06351428571428572,0.4446,1.0870602559196063,5.46,0.6487196323046619,0.18741055076359836
./data/AraCropData/Plant_9/IMG_2013-09-30_19-40.png,8,0.0586125,0.4581,1.1482595525402783,5.819999999999999,0.6106778644271146,0.1699511808563296
./data/AraCropData/Plant_9/IMG_2013-10-01_08-00.png,9,0.052,0.4572,1.1734564329364767,6.21,0.5855907780979828,0.14898168620258256
./data/AraCropData/Plant_9/IMG_2013-10-01_19-40.png,8,0.06333749999999999,0.5067,1.2603570922560003,6.6899999999999995,0.5813113061435212,0.1422684279974304
./data/AraCropData/Plant_9/IMG_2013-10-02_08-00.png,8,0.06525,0.5184,1.2731457104353767,6.93,0.5605839416058396,0.13564643604638
./data/AraCropData/Plant_9/IMG_2013-10-02_19-40.png,8,0.0763875,0.6074999999999999,1.3213629327327143,7.62,0.5897771952817824,0.13147591550456383
./data/AraCropData/Plant_9/IMG_2013-10-03_08-00.png,9,0.07129999999999999,0.6183,1.348332303254654,8.219999999999999,0.5635767022149304,0.11499143017828271
./data/AraCropData/Plant_9/IMG_2013-10-03_19-40.png,9,0.0778,0.6984,1.4515164484083534,8.879999999999999,0.5701689933872153,0.11129820576998174
./data/AraCropData/Plant_9/IMG_2013-10-04_08-00.png,11,0.07240909090909091,0.6993,1.4515164484083534,9.66,0.5386481802426345,0.09417142439872185
./data/AraCropData/Plant_9/IMG_2013-10-04_19-40.png,11,0.07903636363636364,0.7434,1.5358710883404245,9.75,0.5185185185185186,0.09827050534874013
./data/AraCropData/Plant_9/IMG_2013-10-05_08-00.png,12,0.071175,0.7893,1.5484185480676727,10.41,0.525464349910126,0.09152726979538901
./data/AraCropData/Plant_9/IMG_2013-10-05_19-40.png,11,0.08157272727272727,0.8775,1.5809174551506477,11.07,0.5514705882352943,0.08998326502449447
./data/AraCropData/Plant_9/IMG_2013-10-06_08-00.png,11,0.08811818181818182,0.9008999999999999,1.622498073958795,11.7,0.5335820895522387,0.08270175532526977
./data/AraCropData/Plant_9/IMG_2013-10-06_19-40.png,10,0.10422000000000001,1.0098,1.6568041525780892,11.61,0.56997713995428,0.09414142999760294
./data/AraCropData/Plant_9/IMG_2013-10-07_08-00.png,12,0.09637499999999999,1.0269,1.681071087134628,12.9,0.5580826607972609,0.07754585652235703
./data/AraCropData/Plant_9/IMG_2013-10-07_19-40.png,12,0.11715000000000002,1.3806,2.7041634565979917,14.52,0.4676829268292684,0.08228951455854694
./data/AraCropData/Plant_9/IMG_2013-10-08_08-00.png,11,0.10636363636363635,1.0962,1.7317043627594173,13.32,0.5557837097878165,0.07764101639624153
./data/AraCropData/Plant_9/IMG_2013-10-08_19-40.png,13,0.09685384615384615,1.2015,1.776091213873882,13.979999999999999,0.601622352410996,0.07725370134911999
./data/AraCropData/Plant_9/IMG_2013-10-09_08-00.png,14,0.09494999999999999,1.1727,1.8049930747789587,14.07,0.5765486725663718,0.0744403822064366
./data/AraCropData/Plant_9/IMG_2013-10-09_19-40.png,12,0.113775,1.2914999999999999,1.821867174082677,14.219999999999999,0.6256812731632875,0.08026109522870897
./data/AraCropData/Plant_10/IMG_2013-09-14_08-00.png,4,0.047474999999999996,0.1827,0.6768308503607087,2.19,0.888402625820569,0.47869642235220716
./data/AraCropData/Plant_10/IMG_2013-09-14_19-40.png,4,0.053774999999999996,0.21509999999999999,0.7354590403278757,2.61,0.8490230905861453,0.3967978037827774
./data/AraCropData/Plant_10/IMG_2013-09-15_08-00.png,4,0.052875,0.2115,0.7354590403278757,2.73,0.797962648556876,0.3566111694691952
./data/AraCropData/Plant_10/IMG_2013-09-15_19-40.png,4,0.05917499999999999,0.2367,0.7891767862779543,3.12,0.7356643356643359,0.30556171149930306
./data/AraCropData/Plant_10/IMG_2013-09-16_08-00.png,5,0.05436,0.2718,0.7823042886243179,3.4499999999999997,0.7411042944785274,0.28695984314075396
./data/AraCropData/Plant_10/IMG_2013-09-16_19-40.png,5,0.063,0.315,0.8532877591996735,3.48,0.6944444444444443,0.32686011556374184
./data/AraCropData/Plant_10/IMG_2013-09-17_08-00.png,5,0.06336,0.31679999999999997,0.9079647570252933,3.69,0.668566001899335,0.29237639343343436
./data/AraCropData/Plant_10/IMG_2013-09-17_19-40.png,5,0.0792,0.3906,1.2059850745345067,4.41,0.5744540039708804,0.2523858043700255
./data/AraCropData/Plant_10/IMG_2013-09-18_08-00.png,5,0.08009999999999999,0.40049999999999997,1.2093386622447824,4.29,0.594919786096257,0.2734625127580728
./data/AraCropData/Plant_10/IMG_2013-09-18_19-40.png,6,0.07604999999999999,0.4491,1.1498260738042079,4.74,0.6596166556510242,0.2511864659736111
./data/AraCropData/Plant_10/IMG_2013-09-19_08-00.png,5,0.10134000000000001,0.5067,1.2531959144523253,4.56,0.6857490864799027,0.3062182589977586
./data/AraCropData/Plant_10/IMG_2013-09-19_19-40.png,6,0.09450000000000001,0.5652,1.3284953895290719,5.46,0.7028539451594857,0.23824661109218576
./data/AraCropData/Plant_10/IMG_2013-09-20_08-00.png,6,0.0882,0.5184,1.1498260738042079,5.25,0.7337579617834397,0.2363503501672125
./data/AraCropData/Plant_10/IMG_2013-09-20_19-40.png,8,0.0909,0.6678,1.629969324864735,6.72,0.6435385949696442,0.1858308154467177
./data/AraCropData/Plant_10/IMG_2013-09-21_08-00.png,6,0.10199999999999998,0.612,1.3916896205691842,5.64,0.6535319557904855,0.24177037171130142
./data/AraCropData/Plant_10/IMG_2013-09-21_19-40.png,6,0.13365000000000002,0.7947,1.7656726763474593,6.989999999999999,0.6966469428007889,0.20438956791392643
./data/AraCropData/Plant_10/IMG_2013-09-22_08-00.png,5,0.15336,0.7667999999999999,1.5831929762350514,6.4799999999999995,0.6569005397070161,0.22947847572518035
./data/AraCropData/Plant_10/IMG_2013-09-22_19-40.png,7,0.13705714285714285,0.954,1.88904737897174,8.04,0.6507059545733578,0.18545824308338055
./data/AraCropData/Plant_10/IMG_2013-09-23_08-00.png,9,0.11569999999999998,1.0305,1.8124568960391858,8.64,0.622282608695652,0.1734723952720058
./data/AraCropData/Plant_10/IMG_2013-09-23_19-40.png,9,0.12739999999999999,1.1412,2.0240553352119597,9.0,0.6448004068141368,0.17704619932230478
./data/AraCropData/Plant_10/IMG_2013-09-24_08-00.png,9,0.1462,1.3068,2.0124611797498106,9.84,0.6480696273153312,0.16960115009712895
./data/AraCropData/Plant_10/IMG_2013-09-24_19-40.png,8,0.1701,1.341,2.0402205763103165,10.83,0.6085358382683274,0.14367517296057555
./data/AraCropData/Plant_10/IMG_2013-09-25_08-00.png,7,0.22139999999999999,1.5462,2.01357890334598,11.07,0.6260932944606414,0.15855512749957076
./data/AraCropData/Plant_10/IMG_2013-09-25_19-40.png,9,0.20129999999999998,1.8098999999999998,2.571089263327899,12.15,0.5493034689975417,0.15406780250252275
./data/AraCropData/Plant_10/IMG_2013-09-26_08-00.png,10,0.19241999999999998,1.8954,2.5180349481291953,12.45,0.5675784934644925,0.15366396582285047
./data/AraCropData/Plant_10/IMG_2013-09-26_19-40.png,8,0.2635875,2.1087,2.770739973364516,13.08,0.5552132701421799,0.15488493366216827
./data/AraCropData/Plant_10/IMG_2013-09-27_08-00.png,9,0.25509999999999994,2.2815,2.9358644382872994,14.49,0.5328428796636889,0.13655058535722
./data/AraCropData/Plant_10/IMG_2013-09-27_19-40.png,9,0.2899,2.5875,3.170646621747684,16.23,0.547984370532736,0.12343922398885686
./data/AraCropData/Plant_10/IMG_2013-09-28_08-00.png,8,0.35291249999999996,2.7837,3.258005524857194,16.56,0.5484528770281054,0.1275591535070525
./data/AraCropData/Plant_10/IMG_2013-09-28_19-40.png,10,0.3276,3.2201999999999997,3.3549068541466243,20.04,0.5406058774646822,0.10076211512195023
./data/AraCropData/Plant_10/IMG_2013-09-29_08-00.png,9,0.40199999999999997,3.5658,3.4719735022030336,20.43,0.5567734682405846,0.10735693681463306
./data/AraCropData/Plant_10/IMG_2013-09-29_19-40.png,11,0.36278181818181826,3.96,4.159627387158615,23.4,0.49446535933022434,0.09088104980798876
./data/AraCropData/Plant_10/IMG_2013-09-30_08-00.png,11,0.4002545454545455,4.3614,4.3292609068985435,24.54,0.5215519560888985,0.09100948702659678
./data/AraCropData/Plant_10/IMG_2013-09-30_19-40.png,13,0.35667692307692306,4.6224,4.6962218857289955,25.11,0.4843455299886834,0.092126370814793
./data/AraCropData/Plant_10/IMG_2013-10-01_08-00.png,12,0.4437,5.211,4.790991546642511,28.02,0.5022335950036866,0.08340549713321121
./data/AraCropData/Plant_10/IMG_2013-10-01_19-40.png,12,0.46815,5.5728,5.018615346886031,27.599999999999998,0.4719871941458954,0.09193167160221173
./data/AraCropData/Plant_10/IMG_2013-10-02_08-00.png,12,0.52305,6.2459999999999996,5.098323253776676,31.47,0.5114787927921288,0.0792534831062973
./data/AraCropData/Plant_10/IMG_2013-10-02_19-40.png,13,0.5221384615384616,6.7104,5.187918657804881,32.85,0.5134102255121364,0.07814254023115612
./data/AraCropData/Plant_10/IMG_2013-10-03_08-00.png,13,0.5821615384615385,7.0947,5.219827583359435,34.949999999999996,0.5297003090982395,0.07298767673229817
./data/AraCropData/Plant_10/IMG_2013-10-03_19-40.png,13,0.6012692307692308,7.7679,5.32024435529046,36.66,0.5446628593064715,0.07263209461330467
./data/AraCropData/Plant_10/IMG_2013-10-04_08-00.png,12,0.725175,8.6877,5.466424791397024,38.91,0.5488245160189898,0.07210945580508075
./data/AraCropData/Plant_10/IMG_2013-10-04_19-40.png,13,0.7274769230769231,9.423,5.434059256209855,40.32,0.5162976478130085,0.07283799931593044
./data/AraCropData/Plant_10/IMG_2013-10-05_08-00.png,13,0.7715076923076923,10.0116,5.517553805809237,41.94,0.5310925974553007,0.07152477518165715
./data/AraCropData/Plant_10/IMG_2013-10-05_19-40.png,13,0.8209384615384615,10.6578,5.600446410778341,44.129999999999995,0.5565111142440904,0.06877167075364657
./data/AraCropData/Plant_10/IMG_2013-10-06_08-00.png,13,0.8709923076923076,11.2941,5.685850859809814,45.78,0.577031842740545,0.06771890329079411
./data/AraCropData/Plant_10/IMG_2013-10-06_19-40.png,15,0.7982999999999999,11.934899999999999,5.84946151367799,46.71,0.5832985110734786,0.06873990283878305
./data/AraCropData/Plant_10/IMG_2013-10-07_08-00.png,16,0.80775,11.9988,5.8834428696129955,48.089999999999996,0.5814217182730049,0.0651985780835281
./data/AraCropData/Plant_10/IMG_2013-10-07_19-40.png,15,0.8560800000000001,12.7818,6.0168513360394735,49.23,0.5931339792849983,0.06627385148661563
./data/AraCropData/Plant_10/IMG_2013-10-08_08-00.png,15,0.91848,13.7214,5.994672634931786,50.22,0.6123875321336761,0.06836831432254352
./data/AraCropData/Plant_10/IMG_2013-10-08_19-40.png,13,1.0683692307692307,13.881599999999999,6.172859953052556,48.66,0.5962925018846771,0.07367246155888131
./data/AraCropData/Plant_10/IMG_2013-10-09_08-00.png,14,1.0753714285714284,15.026399999999999,6.2464149718058275,51.21,0.6182787735150349,0.07200377362634121
./data/AraCropData/Plant_10/IMG_2013-10-09_19-40.png,14,1.1385,15.9102,6.368060929356754,52.83,0.602234789125843,0.07163483776371236
./data/AraCropData/Plant_11/IMG_2013-09-14_08-00.png,5,0.07236000000000001,0.3564,1.0012991560967182,4.02,0.7615384615384618,0.27713760098497625
./data/AraCropData/Plant_11/IMG_2013-09-14_19-40.png,5,0.08532,0.4266,1.0606601717798212,4.38,0.7053571428571429,0.27943608891003224
./data/AraCropData/Plant_11/IMG_2013-09-15_08-00.png,5,0.09162,0.4581,1.0478549517943787,4.5,0.7099023709902379,0.2842792285648364
./data/AraCropData/Plant_11/IMG_2013-09-15_19-40.png,5,0.10133999999999999,0.5049,1.1063453348751464,4.83,0.6837294332723953,0.27196998243337434
./data/AraCropData/Plant_11/IMG_2013-09-16_08-00.png,5,0.11195999999999999,0.5579999999999999,1.201499063670047,5.1899999999999995,0.6761177753544165,0.2603210859334654
./data/AraCropData/Plant_11/IMG_2013-09-16_19-40.png,6,0.11535000000000001,0.6813,1.395886814895821,6.09,0.6509028374892519,0.2308413830733552
./data/AraCropData/Plant_11/IMG_2013-09-17_08-00.png,6,0.1278,0.7667999999999999,1.4776332427229701,6.39,0.6846122940940135,0.23598818055134593
./data/AraCropData/Plant_11/IMG_2013-09-17_19-40.png,6,0.147,0.8802,1.6335544068074377,7.29,0.6568166554734722,0.20813071281212672
./data/AraCropData/Plant_11/IMG_2013-09-18_08-00.png,6,0.1542,0.9252,1.706575518399347,7.319999999999999,0.6596085980109079,0.21698180918370788
./data/AraCropData/Plant_11/IMG_2013-09-18_19-40.png,6,0.18585,1.1115,1.988617610301186,8.43,0.6397306397306397,0.19654598737013942
./data/AraCropData/Plant_11/IMG_2013-09-19_08-00.png,7,0.1746,1.2167999999999999,2.032264746532794,8.969999999999999,0.6622581435219205,0.19003963121904233
./data/AraCropData/Plant_11/IMG_2013-09-19_19-40.png,7,0.18887142857142858,1.3167,2.185062928155617,9.78,0.6270895842263178,0.1729891999022119
./data/AraCropData/Plant_11/IMG_2013-09-20_08-00.png,8,0.1809,1.4238,2.1136697944570244,10.44,0.6168843829206473,0.1641564135942348
./data/AraCropData/Plant_11/IMG_2013-09-20_19-40.png,7,0.2322,1.6164,2.5251732613822755,11.549999999999999,0.5897225414546051,0.15226312446206158
./data/AraCropData/Plant_11/IMG_2013-09-21_08-00.png,8,0.22679999999999997,1.7928,2.6630809225406575,11.969999999999999,0.578481196457093,0.15723651399051183
./data/AraCropData/Plant_11/IMG_2013-09-21_19-40.png,7,0.30034285714285713,2.088,2.7528167392690706,13.59,0.5674452733276264,0.1420696939476986
./data/AraCropData/Plant_11/IMG_2013-09-22_08-00.png,9,0.25989999999999996,2.2887,2.736421020237931,15.299999999999999,0.5792710706150342,0.12286151661789842
./data/AraCropData/Plant_11/IMG_2013-09-22_19-40.png,9,0.286,2.5524,2.791128803907122,16.62,0.603147596767333,0.11611720165231727
./data/AraCropData/Plant_11/IMG_2013-09-23_08-00.png,9,0.2992,2.6802,2.77982013806649,16.8,0.6047928513403735,0.11933243523457147
./data/AraCropData/Plant_11/IMG_2013-09-23_19-40.png,9,0.3545,3.1905,3.0624989795916666,18.48,0.5979590115543562,0.11739907611924247
./data/AraCropData/Plant_11/IMG_2013-09-24_08-00.png,10,0.35433,3.5055,3.412359887233467,19.74,0.5596264367816092,0.11304869121434803
./data/AraCropData/Plant_11/IMG_2013-09-24_19-40.png,10,0.40535999999999994,4.0464,3.420526275297414,22.349999999999998,0.6297359759086771,0.1017943377003898
./data/AraCropData/Plant_11/IMG_2013-09-25_08-00.png,10,0.4536899999999999,4.5261,3.612478373637688,23.46,0.5926231440018854,0.10334226918258689
./data/AraCropData/Plant_11/IMG_2013-09-25_19-40.png,9,0.5412,4.8671999999999995,3.90103832331855,23.34,0.5766995467875232,0.1122761088719583
./data/AraCropData/Plant_11/IMG_2013-09-26_08-00.png,11,0.5493272727272728,5.9399999999999995,4.257252635209708,27.84,0.5561172901921131,0.09630699833574535
./data/AraCropData/Plant_11/IMG_2013-09-26_19-40.png,10,0.62496,6.2352,4.479151705401369,27.75,0.5446754982507174,0.10174996711910048
./data/AraCropData/Plant_11/IMG_2013-09-27_08-00.png,13,0.5675538461538461,7.324199999999999,4.835959056898642,32.879999999999995,0.509979633401222,0.0851346669205663
./data/AraCropData/Plant_11/IMG_2013-09-27_19-40.png,11,0.7324363636363636,8.017199999999999,5.095586325438908,33.449999999999996,0.5191444722885947,0.09004100579759217
./data/AraCropData/Plant_11/IMG_2013-09-28_08-00.png,12,0.759,9.036,5.537011829497929,37.62,0.5213959285417532,0.08023216359526142
./data/AraCropData/Plant_11/IMG_2013-09-28_19-40.png,13,0.7808538461538461,10.1061,5.633134118765502,39.42,0.5440802383894178,0.08172599474841778
./data/AraCropData/Plant_11/IMG_2013-09-29_08-00.png,13,0.8525769230769231,11.018699999999999,6.051528732477439,42.33,0.5421334632245494,0.07727583135222309
./data/AraCropData/Plant_11/IMG_2013-09-29_19-40.png,13,0.9188307692307691,11.899799999999999,6.284051241038698,45.18,0.5517097494314744,0.07325833993069641
./data/AraCropData/Plant_11/IMG_2013-09-30_08-00.png,12,1.0312500000000002,12.3426,6.338596059065446,46.44,0.5512833396981087,0.07191708840168932
./data/AraCropData/Plant_11/IMG_2013-09-30_19-40.png,15,0.8907600000000001,13.2768,6.76571503981656,49.11,0.5449273220914985,0.06917726837762005
./data/AraCropData/Plant_11/IMG_2013-10-01_08-00.png,15,0.9954000000000001,14.841,6.992832044315092,52.32,0.5533000033553669,0.06812986972068809
./data/AraCropData/Plant_11/IMG_2013-10-01_19-40.png,16,1.005975,16.0182,7.197311998239343,54.75,0.5717589989880656,0.06715143980314942
./data/AraCropData/Plant_11/IMG_2013-10-02_08-00.png,16,1.0814062500000001,17.2017,7.2557838997588675,57.72,0.5689916942038046,0.06488265134147687
./data/AraCropData/Plant_11/IMG_2013-10-02_19-40.png,16,1.20436875,19.165499999999998,7.494477967143542,61.47,0.5752995366805796,0.06373875726324821
./data/AraCropData/Plant_11/IMG_2013-10-03_08-00.png,16,1.2819375,20.4498,7.576173176479006,64.53,0.585422410017262,0.06171284935303445
./data/AraCropData/Plant_11/IMG_2013-10-03_19-40.png,16,1.3982062499999999,22.320899999999998,7.96357331855493,66.81,0.5927085449352946,0.06284035391399502
./data/AraCropData/Plant_11/IMG_2013-10-04_08-00.png,17,1.4275588235294117,24.2217,8.080699227170877,71.16,0.5794720523641376,0.06010942949223666
./data/AraCropData/Plant_11/IMG_2013-10-04_19-40.png,18,1.4094499999999999,25.0569,8.176417308332544,76.44,0.5729602914089914,0.05388846922053769
./data/AraCropData/Plant_11/IMG_2013-10-05_08-00.png,17,1.5482117647058822,26.000999999999998,8.220054744343251,75.78,0.5804235142845661,0.05689717626295967
./data/AraCropData/Plant_11/IMG_2013-10-05_19-40.png,17,1.5800823529411765,26.712,8.2697762968535,75.24,0.585652692956579,0.059295085047494
./data/AraCropData/Plant_11/IMG_2013-10-06_08-00.png,18,1.50405,26.921699999999998,8.214797623800601,77.39999999999999,0.5904192325911889,0.05647164295825461
./data/AraCropData/Plant_11/IMG_2013-10-06_19-40.png,17,1.6159235294117646,27.4023,8.284183725630426,77.03999999999999,0.5974861897426337,0.058018210908672554
./data/AraCropData/Plant_11/IMG_2013-10-07_08-00.png,16,1.7288999999999999,27.5922,8.28966826839289,76.41,0.6026794051445364,0.05938760263389441
./data/AraCropData/Plant_11/IMG_2013-10-07_19-40.png,18,1.5601499999999997,27.9981,8.305666740244277,77.85,0.6097412779302235,0.05805253521365002
./data/AraCropData/Plant_11/IMG_2013-10-08_08-00.png,18,1.58635,28.4031,8.302252706344223,77.42999999999999,0.6121423722238385,0.05953290680946421
./data/AraCropData/Plant_11/IMG_2013-10-08_19-40.png,19,1.507878947368421,28.4391,8.328769416906677,77.39999999999999,0.6079302781946206,0.05965457980937678
./data/AraCropData/Plant_11/IMG_2013-10-09_08-00.png,19,1.5078315789473684,28.488599999999998,8.312815407549959,75.72,0.6089474139838209,0.06243954948923382
./data/AraCropData/Plant_11/IMG_2013-10-09_19-40.png,19,1.4505631578947367,27.3267,8.309187685929354,75.86999999999999,0.6046840459641926,0.059656378412750975
./data/AraCropData/Plant_12/IMG_2013-09-14_08-00.png,1,0.0576,0.0576,0.36249137920783714,0.99,1.0940170940170943,0.7385194851414022
./data/AraCropData/Plant_12/IMG_2013-09-14_19-40.png,2,0.02565,0.0513,0.36496575181789315,0.96,1.0000000000000004,0.6994952392758523
./data/AraCropData/Plant_12/IMG_2013-09-15_08-00.png,3,0.0168,0.0486,0.33541019662496846,0.8999999999999999,1.0000000000000007,0.7539822368615505
./data/AraCropData/Plant_12/IMG_2013-09-15_19-40.png,2,0.022949999999999998,0.045899999999999996,0.4080441152620633,0.99,0.8869565217391292,0.5885077147220549
./data/AraCropData/Plant_12/IMG_2013-09-16_08-00.png,2,0.0432,0.0864,0.4589117562233506,1.14,1.0549450549450559,0.8354373815640448
./data/AraCropData/Plant_12/IMG_2013-09-16_19-40.png,3,0.0297,0.0891,0.4883646178829912,1.44,0.9082568807339453,0.5399612373357457
./data/AraCropData/Plant_12/IMG_2013-09-17_08-00.png,3,0.0309,0.09269999999999999,0.5474486277268398,1.65,0.8142292490118578,0.4278797267038
./data/AraCropData/Plant_12/IMG_2013-09-17_19-40.png,4,0.038925,0.0801,0.517880295048962,1.53,0.726530612244898,0.4299911513563885
./data/AraCropData/Plant_12/IMG_2013-09-18_08-00.png,5,0.025019999999999997,0.1071,0.5770615218501403,2.01,0.7727272727272722,0.33312499512335525
./data/AraCropData/Plant_12/IMG_2013-09-18_19-40.png,4,0.03285,0.1278,0.5770615218501403,2.19,0.8231884057971016,0.3348516846010513
./data/AraCropData/Plant_12/IMG_2013-09-19_08-00.png,4,0.033075,0.1305,0.5604462507680822,2.19,0.7754010695187165,0.3419260159658623
./data/AraCropData/Plant_12/IMG_2013-09-19_19-40.png,5,0.029700000000000004,0.1467,0.5824946351684279,2.46,0.7494252873563215,0.30462796105600015
./data/AraCropData/Plant_12/IMG_2013-09-20_08-00.png,4,0.0369,0.1476,0.5731491952362839,2.37,0.7256637168141591,0.33021707751240253
./data/AraCropData/Plant_12/IMG_2013-09-20_19-40.png,5,0.03294,0.1575,0.5824946351684279,2.52,0.7430997876857752,0.3116659378561302
./data/AraCropData/Plant_12/IMG_2013-09-21_08-00.png,4,0.0414,0.1656,0.6029925372672533,2.4299999999999997,0.7540983606557379,0.35241764868801834
./data/AraCropData/Plant_12/IMG_2013-09-21_19-40.png,5,0.032940000000000004,0.1539,0.6328506932918696,2.52,0.6881287726358152,0.3045421449908473
./data/AraCropData/Plant_12/IMG_2013-09-22_08-00.png,4,0.047025,0.1845,0.6708203932499369,2.52,0.7750472589792061,0.3650943843457526
./data/AraCropData/Plant_12/IMG_2013-09-22_19-40.png,4,0.04567499999999999,0.1827,0.6768308503607087,2.34,0.7852998065764023,0.41929211615958456
./data/AraCropData/Plant_12/IMG_2013-09-23_08-00.png,5,0.03816,0.1908,0.7299315036357863,2.58,0.7709090909090909,0.3602042415148924
./data/AraCropData/Plant_12/IMG_2013-09-23_19-40.png,5,0.03815999999999999,0.189,0.7256031973468694,2.6999999999999997,0.7058823529411764,0.32579479370560827
./data/AraCropData/Plant_12/IMG_2013-09-24_08-00.png,5,0.03852,0.1908,0.7354590403278757,2.73,0.7598566308243728,0.32170879969135907
./data/AraCropData/Plant_12/IMG_2013-09-24_19-40.png,6,0.04155,0.2241,0.7523961722390672,3.4499999999999997,0.8032258064516131,0.23659934086770767
./data/AraCropData/Plant_12/IMG_2013-09-25_08-00.png,7,0.0387,0.2115,0.7788452991448301,3.4499999999999997,0.6782106782106778,0.22329656668237474
./data/AraCropData/Plant_12/IMG_2013-09-25_19-40.png,5,0.049499999999999995,0.2475,0.7788452991448301,3.36,0.7649513212795555,0.2754904272121152
./data/AraCropData/Plant_12/IMG_2013-09-26_08-00.png,7,0.03985714285714286,0.2376,0.8490583018850943,3.9899999999999998,0.6182669789227165,0.18754716728988763
./data/AraCropData/Plant_12/IMG_2013-09-26_19-40.png,7,0.043971428571428564,0.288,0.8595929269136641,4.109999999999999,0.7289293849658314,0.2142489528794787
./data/AraCropData/Plant_12/IMG_2013-09-27_08-00.png,7,0.04409999999999999,0.3051,0.8858893836140039,3.9,0.7524972253052163,0.2520709845128852
./data/AraCropData/Plant_12/IMG_2013-09-27_19-40.png,8,0.045225,0.2826,0.900499861188218,4.47,0.6382113821138212,0.17773255136745106
./data/AraCropData/Plant_12/IMG_2013-09-28_08-00.png,9,0.0461,0.2691,0.9674709297958258,3.84,0.5496323529411763,0.22933012778890335
./data/AraCropData/Plant_12/IMG_2013-09-28_19-40.png,8,0.046125,0.35819999999999996,1.0084641788382966,5.069999999999999,0.7031802120141343,0.17511345907058407
./data/AraCropData/Plant_12/IMG_2013-09-29_08-00.png,8,0.04983749999999999,0.3825,1.0495713410721539,5.22,0.6630265210608424,0.17640069728836866
./data/AraCropData/Plant_12/IMG_2013-09-29_19-40.png,9,0.0474,0.3762,1.0741508273980893,5.52,0.6151582045621782,0.1551495426749213
./data/AraCropData/Plant_12/IMG_2013-09-30_08-00.png,9,0.05000000000000001,0.4374,1.134063490286148,6.18,0.6567567567567568,0.143916865835106
./data/AraCropData/Plant_12/IMG_2013-09-30_19-40.png,7,0.06724285714285715,0.4689,1.2182364302548172,5.67,0.6472049689440993,0.18328375717592255
./data/AraCropData/Plant_12/IMG_2013-10-01_08-00.png,9,0.0557,0.4959,1.2332882874656679,6.18,0.6286366229321165,0.16316500632745556
./data/AraCropData/Plant_12/IMG_2013-10-01_19-40.png,8,0.0642375,0.5049,1.3024976007655447,6.4799999999999995,0.6121112929623568,0.15110026394580542
./data/AraCropData/Plant_12/IMG_2013-10-02_08-00.png,9,0.060000000000000005,0.4896,1.332216198670471,6.63,0.5514445007602635,0.13996653660267788
./data/AraCropData/Plant_12/IMG_2013-10-02_19-40.png,9,0.0645,0.5660999999999999,1.3920129309744218,7.109999999999999,0.5922787193973631,0.14072258926510922
./data/AraCropData/Plant_12/IMG_2013-10-03_08-00.png,10,0.06047999999999999,0.5976,1.4160508465447135,7.47,0.5870910698496903,0.13457960497305674
./data/AraCropData/Plant_12/IMG_2013-10-03_19-40.png,10,0.06273,0.6183,1.4524462124292246,7.83,0.5937770095073462,0.12673179507148677
./data/AraCropData/Plant_12/IMG_2013-10-04_08-00.png,11,0.0647181818181818,0.6668999999999999,1.4712239802287075,8.85,0.5923261390887291,0.1070000646393582
./data/AraCropData/Plant_12/IMG_2013-10-04_19-40.png,12,0.059175,0.6849,1.4855302083767936,9.299999999999999,0.6159449615540266,0.09951100975574746
./data/AraCropData/Plant_12/IMG_2013-10-05_08-00.png,11,0.06635454545454546,0.7119,1.5498709623707387,9.24,0.5967559411542815,0.10478157315692048
./data/AraCropData/Plant_12/IMG_2013-10-05_19-40.png,9,0.0814,0.7326,1.614434885648845,9.54,0.5875135330205702,0.10115329377880986
./data/AraCropData/Plant_12/IMG_2013-10-06_08-00.png,12,0.068925,0.8090999999999999,1.597904878270293,10.379999999999999,0.6333215921098976,0.09436639365088122
./data/AraCropData/Plant_12/IMG_2013-10-06_19-40.png,11,0.07993636363636362,0.8577,1.6172198366332264,10.83,0.634487350199734,0.09189425492042182
./data/AraCropData/Plant_12/IMG_2013-10-07_08-00.png,13,0.07449230769230769,0.7956,1.6346559270990333,10.86,0.546353522867738,0.0847705474733182
./data/AraCropData/Plant_12/IMG_2013-10-07_19-40.png,13,0.07428461538461538,0.8613,1.6770509831248421,11.4,0.5662721893491124,0.0832826639746657
./data/AraCropData/Plant_12/IMG_2013-10-08_08-00.png,12,0.07859999999999999,0.9179999999999999,1.6568041525780892,11.879999999999999,0.5744860602647142,0.08173718260028541
./data/AraCropData/Plant_12/IMG_2013-10-08_19-40.png,12,0.085275,0.9495,1.6909464805250343,12.57,0.5584965590259398,0.07551518274644668
./data/AraCropData/Plant_12/IMG_2013-10-09_08-00.png,13,0.07144615384615384,0.8982,1.6783920876839238,11.639999999999999,0.5620951844550831,0.08330612892662914
./data/AraCropData/Plant_12/IMG_2013-10-09_19-40.png,12,0.08595000000000001,0.9378,1.708156901458411,12.18,0.5557333333333332,0.07943749047636596
./data/AraCropData/Plant_13/IMG_2013-09-14_08-00.png,5,0.036,0.1602,0.7648529270389177,2.28,0.7964205816554817,0.38726003624583333
./data/AraCropData/Plant_13/IMG_2013-09-14_19-40.png,4,0.053099999999999994,0.2124,0.848528137423857,2.9099999999999997,0.7398119122257057,0.31519433148993153
./data/AraCropData/Plant_13/IMG_2013-09-15_08-00.png,5,0.04194,0.2061,0.8237718130647589,2.79,0.7595356550580433,0.3327204151564632
./data/AraCropData/Plant_13/IMG_2013-09-15_19-40.png,4,0.065925,0.2637,0.9343446901438461,3.33,0.7172582619339044,0.2988350450456324
./data/AraCropData/Plant_13/IMG_2013-09-16_08-00.png,4,0.06367500000000001,0.2547,0.8828363381737296,3.2399999999999998,0.7173637515842841,0.3048939372311082
./data/AraCropData/Plant_13/IMG_2013-09-16_19-40.png,5,0.06732,0.3348,1.0270345661174214,3.9,0.634271099744246,0.2766088679610421
./data/AraCropData/Plant_13/IMG_2013-09-17_08-00.png,5,0.06767999999999999,0.3348,1.0012991560967182,4.02,0.6745240253853129,0.2603413827434625
./data/AraCropData/Plant_13/IMG_2013-09-17_19-40.png,5,0.08280000000000001,0.4122,1.100227249253535,4.83,0.5971316818774445,0.22203609974061575
./data/AraCropData/Plant_13/IMG_2013-09-18_08-00.png,6,0.0708,0.4122,1.1200892821556683,4.8,0.6122994652406417,0.22482022427251958
./data/AraCropData/Plant_13/IMG_2013-09-18_19-40.png,6,0.08625,0.5103,1.3024976007655447,5.64,0.5470332850940665,0.20159382464751166
./data/AraCropData/Plant_13/IMG_2013-09-19_08-00.png,6,0.08339999999999999,0.4788,1.17957619508025,5.34,0.5683760683760685,0.21099953184064765
./data/AraCropData/Plant_13/IMG_2013-09-19_19-40.png,7,0.0831857142857143,0.5787,1.494590244849738,6.3,0.5148118494795839,0.1832239524950782
./data/AraCropData/Plant_13/IMG_2013-09-20_08-00.png,6,0.0939,0.5634,1.3230646242719966,5.79,0.5654923215898826,0.21118816624845882
./data/AraCropData/Plant_13/IMG_2013-09-20_19-40.png,6,0.09749999999999999,0.585,1.360624856453828,5.79,0.59333637608398,0.21928483715894284
./data/AraCropData/Plant_13/IMG_2013-09-21_08-00.png,6,0.09315,0.5589,1.3179529581893277,5.609999999999999,0.6058536585365851,0.22316097547876826
./data/AraCropData/Plant_13/IMG_2013-09-21_19-40.png,7,0.10504285714285712,0.6759,1.578923684032892,7.02,0.5932069510268563,0.17235269799444333
./data/AraCropData/Plant_13/IMG_2013-09-22_08-00.png,7,0.10709999999999999,0.7479,1.5831929762350514,7.5,0.586864406779661,0.16708246368851956
./data/AraCropData/Plant_13/IMG_2013-09-22_19-40.png,7,0.15004285714285714,0.7172999999999999,1.7904747973652129,6.93,0.47882246920997296,0.18769133598778623
./data/AraCropData/Plant_13/IMG_2013-09-23_08-00.png,7,0.12497142857142858,0.8658,1.6673631877908304,8.25,0.6006868560724322,0.1598525425588565
./data/AraCropData/Plant_13/IMG_2013-09-23_19-40.png,7,0.16277142857142857,1.1376,2.189794510907359,9.69,0.5085495876081273,0.15224810413739223
./data/AraCropData/Plant_13/IMG_2013-09-24_08-00.png,8,0.13837499999999997,1.0638,1.9836330305779848,9.36,0.5435732352264888,0.15258721714920842
./data/AraCropData/Plant_13/IMG_2013-09-24_19-40.png,8,0.17538749999999997,1.3941,2.289650628371062,11.73,0.5283083219645294,0.12732326503386526
./data/AraCropData/Plant_13/IMG_2013-09-25_08-00.png,8,0.16638749999999997,1.3238999999999999,2.10535032714273,11.67,0.548164710266443,0.12215839951971201
./data/AraCropData/Plant_13/IMG_2013-09-25_19-40.png,8,0.19237499999999996,1.5372,2.3494041797868666,12.42,0.5397377152788749,0.12522673230020226
./data/AraCropData/Plant_13/IMG_2013-09-26_08-00.png,9,0.16820000000000002,1.5102,2.14347848134755,12.36,0.5483660130718954,0.12422453748524066
./data/AraCropData/Plant_13/IMG_2013-09-26_19-40.png,10,0.18405,1.8278999999999999,2.382120903732638,13.86,0.5531045751633986,0.11957374635859279
./data/AraCropData/Plant_13/IMG_2013-09-27_08-00.png,9,0.1895,1.6749,2.2022942582679543,12.48,0.5458278339932543,0.13513553828426877
./data/AraCropData/Plant_13/IMG_2013-09-27_19-40.png,9,0.2399,2.1519,2.641703995530158,15.6,0.5049630411826823,0.11111757447830171
./data/AraCropData/Plant_13/IMG_2013-09-28_08-00.png,9,0.2282,2.043,2.631805463935357,15.059999999999999,0.5109160477155077,0.11319527187899926
./data/AraCropData/Plant_13/IMG_2013-09-28_19-40.png,10,0.25271999999999994,2.4876,2.942447960457415,17.669999999999998,0.5292991191114516,0.10011918672576396
./data/AraCropData/Plant_13/IMG_2013-09-29_08-00.png,11,0.23350909090909092,2.5398,2.9409182239565927,17.46,0.5068247126436782,0.10469378571852477
./data/AraCropData/Plant_13/IMG_2013-09-29_19-40.png,9,0.34109999999999996,3.0627,3.743634597553559,20.46,0.4350271652285076,0.0919396960824732
./data/AraCropData/Plant_13/IMG_2013-09-30_08-00.png,9,0.3267,2.9385,3.5809495947304257,19.77,0.45102914767233043,0.09447615727117396
./data/AraCropData/Plant_13/IMG_2013-09-30_19-40.png,9,0.3881,3.4802999999999997,4.204818664342137,21.779999999999998,0.3980442614513638,0.09219572730635985
./data/AraCropData/Plant_13/IMG_2013-10-01_08-00.png,10,0.3465,3.4434,3.9618177646126025,22.08,0.4270804264106713,0.088756302373542
./data/AraCropData/Plant_13/IMG_2013-10-01_19-40.png,11,0.3852818181818181,4.2111,4.62126606029127,26.13,0.400942587832048,0.07750444295073239
./data/AraCropData/Plant_13/IMG_2013-10-02_08-00.png,10,0.42156000000000005,4.176,4.651451386395433,25.98,0.3947256486601448,0.07774850744660562
./data/AraCropData/Plant_13/IMG_2013-10-02_19-40.png,12,0.41977500000000006,4.9779,4.695551085868409,29.4,0.42064035287854595,0.07237046633488192
./data/AraCropData/Plant_13/IMG_2013-10-03_08-00.png,11,0.4297090909090909,4.7016,4.404384179428493,28.38,0.42900550217623373,0.07335517533423508
./data/AraCropData/Plant_13/IMG_2013-10-03_19-40.png,13,0.43289999999999995,5.5790999999999995,4.808710845954454,32.37,0.4264584479911943,0.06690962733524461
./data/AraCropData/Plant_13/IMG_2013-10-04_08-00.png,11,0.4722545454545454,5.1498,4.42477118052448,28.95,0.4366105833428713,0.07721525158298283
./data/AraCropData/Plant_13/IMG_2013-10-04_19-40.png,12,0.4911749999999999,5.7105,4.632062175748508,30.9,0.4360225398570643,0.07515658549166647
./data/AraCropData/Plant_13/IMG_2013-10-05_08-00.png,12,0.46537500000000004,5.5592999999999995,4.51896005735833,31.14,0.4645758122743681,0.07204316074422114
./data/AraCropData/Plant_13/IMG_2013-10-05_19-40.png,13,0.5127923076923078,6.5961,4.998849867719574,34.08,0.4266255311717796,0.07136707919485097
./data/AraCropData/Plant_13/IMG_2013-10-06_08-00.png,14,0.4486499999999999,6.1497,4.7191630613912885,34.74,0.44162223299402165,0.06403304667978874
./data/AraCropData/Plant_13/IMG_2013-10-06_19-40.png,14,0.5351142857142858,7.425,5.274030716634099,39.33,0.4432028794756776,0.060319596705028435
./data/AraCropData/Plant_13/IMG_2013-10-07_08-00.png,15,0.46416,6.9066,4.916523161747537,36.9,0.46483736143921495,0.06374137622750499
./data/AraCropData/Plant_13/IMG_2013-10-07_19-40.png,16,0.5320125,8.3664,5.534735766050625,45.12,0.4441047200458628,0.051642862486862555
./data/AraCropData/Plant_13/IMG_2013-10-08_08-00.png,14,0.5616,7.7418,5.278806683332891,40.35,0.4668910117238385,0.059753690537564484
./data/AraCropData/Plant_13/IMG_2013-10-08_19-40.png,14,0.6341785714285714,8.6931,5.581370799364614,46.62,0.45269842757715656,0.05026202723576938
./data/AraCropData/Plant_13/IMG_2013-10-09_08-00.png,15,0.56766,8.4843,5.5678092639744765,42.12,0.49319870252171166,0.06009649667086911
./data/AraCropData/Plant_13/IMG_2013-10-09_19-40.png,14,0.6951857142857143,9.6786,5.680862610554844,44.97,0.4824585015702108,0.06014182885847338
./data/AraCropData/Plant_14/IMG_2013-09-14_08-00.png,4,0.03375,0.135,0.7249827584156743,1.92,0.8571428571428577,0.4601942363656924
./data/AraCropData/Plant_14/IMG_2013-09-14_19-40.png,4,0.04095,0.1638,0.78,2.25,0.8564705882352941,0.40659190254459904
./data/AraCropData/Plant_14/IMG_2013-09-15_08-00.png,5,0.036539999999999996,0.17729999999999999,0.7523961722390672,2.37,0.8382978723404256,0.39666319676794687
./data/AraCropData/Plant_14/IMG_2013-09-15_19-40.png,4,0.05085,0.2034,0.8049844718999243,2.79,0.7571189279731994,0.32836163242515587
./data/AraCropData/Plant_14/IMG_2013-09-16_08-00.png,5,0.0441,0.21689999999999998,0.8077747210701756,2.85,0.7711999999999993,0.33556734826155793
./data/AraCropData/Plant_14/IMG_2013-09-16_19-40.png,6,0.04574999999999999,0.2727,0.874642784226795,3.5999999999999996,0.7593984962406013,0.26441738167714096
./data/AraCropData/Plant_14/IMG_2013-09-17_08-00.png,5,0.06299999999999999,0.315,0.874642784226795,3.81,0.7014028056112221,0.27269078771316946
./data/AraCropData/Plant_14/IMG_2013-09-17_19-40.png,5,0.07397999999999999,0.3699,0.9767292357659824,4.08,0.6677497969130789,0.27923758231518275
./data/AraCropData/Plant_14/IMG_2013-09-18_08-00.png,5,0.0774,0.387,1.0435516278555652,4.08,0.6625577812018492,0.2921463756582204
./data/AraCropData/Plant_14/IMG_2013-09-18_19-40.png,6,0.07125,0.4239,1.1498260738042079,4.6499999999999995,0.6242544731610338,0.24635839997349307
./data/AraCropData/Plant_14/IMG_2013-09-19_08-00.png,7,0.06724285714285713,0.4527,1.1669190203266033,4.8,0.6605384110308599,0.2469095476180728
./data/AraCropData/Plant_14/IMG_2013-09-19_19-40.png,7,0.07547142857142856,0.5246999999999999,1.3024976007655447,5.31,0.6340402392604678,0.23384704485209865
./data/AraCropData/Plant_14/IMG_2013-09-20_08-00.png,6,0.0906,0.5327999999999999,1.3104197800704933,5.37,0.6636771300448429,0.232180375259843
./data/AraCropData/Plant_14/IMG_2013-09-20_19-40.png,6,0.10499999999999998,0.63,1.5358710883404245,5.43,0.6331976481230213,0.26850399652182233
./data/AraCropData/Plant_14/IMG_2013-09-21_08-00.png,7,0.09642857142857142,0.63,1.4122322755127783,5.85,0.6802721088435373,0.23133358132942594
./data/AraCropData/Plant_14/IMG_2013-09-21_19-40.png,5,0.15048,0.7505999999999999,1.6770509831248421,6.029999999999999,0.6548881036513545,0.25940825950782287
./data/AraCropData/Plant_14/IMG_2013-09-22_08-00.png,7,0.10337142857142857,0.7182,1.5498709623707387,6.06,0.6717171717171717,0.24575933119935836
./data/AraCropData/Plant_14/IMG_2013-09-22_19-40.png,6,0.1416,0.8388,1.7768511473953017,6.84,0.6178322837255551,0.22529734942641483
./data/AraCropData/Plant_14/IMG_2013-09-23_08-00.png,6,0.1587,0.9504,1.7831713322056295,7.47,0.6186291739894552,0.21403021513787338
./data/AraCropData/Plant_14/IMG_2013-09-23_19-40.png,7,0.14515714285714282,1.0143,1.9298186443290468,7.859999999999999,0.6211077431799394,0.20631518679539057
./data/AraCropData/Plant_14/IMG_2013-09-24_08-00.png,6,0.19094999999999995,1.1457,1.8456706098326428,8.129999999999999,0.6366591647911977,0.21782096910552998
./data/AraCropData/Plant_14/IMG_2013-09-24_19-40.png,8,0.1753875,1.3941,2.133377603707323,10.11,0.579932609509547,0.17139631485389814
./data/AraCropData/Plant_14/IMG_2013-09-25_08-00.png,8,0.18719999999999998,1.422,2.0419843290289963,10.469999999999999,0.579816513761468,0.1630106942528181
./data/AraCropData/Plant_14/IMG_2013-09-25_19-40.png,8,0.22241249999999999,1.7792999999999999,2.379285607067802,11.91,0.5658271322266742,0.15762878201491082
./data/AraCropData/Plant_14/IMG_2013-09-26_08-00.png,9,0.2155,1.9269,2.3210773360661636,12.42,0.6342764034957784,0.15697332192900063
./data/AraCropData/Plant_14/IMG_2013-09-26_19-40.png,10,0.21941999999999995,2.1797999999999997,2.7833792411383684,13.65,0.5753652452785365,0.1470148514815984
./data/AraCropData/Plant_14/IMG_2013-09-27_08-00.png,8,0.29688749999999997,2.3661,2.837816061692512,15.03,0.6263251935676,0.13162094312433123
./data/AraCropData/Plant_14/IMG_2013-09-27_19-40.png,9,0.27669999999999995,2.4831,3.3348613164568026,15.209999999999999,0.5752710592160133,0.13487940635838677
./data/AraCropData/Plant_14/IMG_2013-09-28_08-00.png,11,0.25363636363636366,2.709,3.3164589549698937,16.41,0.5745919633482867,0.12641590175837328
./data/AraCropData/Plant_14/IMG_2013-09-28_19-40.png,9,0.3396,3.0509999999999997,3.483102065687998,17.34,0.5183089977830441,0.1275128302543001
./data/AraCropData/Plant_14/IMG_2013-09-29_08-00.png,10,0.3474,3.447,3.6022492973141103,18.419999999999998,0.5352526028928796,0.12766501356246654
./data/AraCropData/Plant_14/IMG_2013-09-29_19-40.png,9,0.41629999999999995,3.7377,3.755156454796524,19.47,0.4810053277739169,0.12390316538050397
./data/AraCropData/Plant_14/IMG_2013-09-30_08-00.png,10,0.41453999999999996,4.1346,3.8505324307165627,20.43,0.5063374848451448,0.12448202113236352
./data/AraCropData/Plant_14/IMG_2013-09-30_19-40.png,10,0.4239,4.176,4.070835295120646,21.599999999999998,0.48127787573903114,0.11247677401741238
./data/AraCropData/Plant_14/IMG_2013-10-01_08-00.png,11,0.4386272727272727,4.8069,4.376711093960852,24.119999999999997,0.5207683307332294,0.10382940003232029
./data/AraCropData/Plant_14/IMG_2013-10-01_19-40.png,11,0.4577727272727273,5.0301,4.4844732132102205,23.79,0.5307188301205963,0.11168570732187445
./data/AraCropData/Plant_14/IMG_2013-10-02_08-00.png,11,0.5463,4.9689,4.56355124875354,26.7,0.5073282793475763,0.08758860265355004
./data/AraCropData/Plant_14/IMG_2013-10-02_19-40.png,11,0.516109090909091,5.6556,4.815724244597068,27.63,0.5241252762834145,0.09309509082988565
./data/AraCropData/Plant_14/IMG_2013-10-03_08-00.png,13,0.4990153846153846,6.3953999999999995,4.836796460468436,32.879999999999995,0.5452940950773127,0.07433852827937382
./data/AraCropData/Plant_14/IMG_2013-10-03_19-40.png,12,0.55245,6.622199999999999,4.91350180624776,31.74,0.5150857542877143,0.08260347391952465
./data/AraCropData/Plant_14/IMG_2013-10-04_08-00.png,13,0.5930307692307694,7.6716,5.000649957755492,34.56,0.5435531182247161,0.0807139026909704
./data/AraCropData/Plant_14/IMG_2013-10-04_19-40.png,15,0.5239199999999999,7.6122,5.133858198275445,37.769999999999996,0.5062851670058662,0.0670542153090283
./data/AraCropData/Plant_14/IMG_2013-10-05_08-00.png,15,0.5493,7.9893,5.133858198275445,38.73,0.5041315273873413,0.06693042756452278
./data/AraCropData/Plant_14/IMG_2013-10-05_19-40.png,15,0.56856,8.1846,5.117440766633259,38.85,0.5070815211330434,0.06814363194763483
./data/AraCropData/Plant_14/IMG_2013-10-06_08-00.png,16,0.54174375,8.4267,5.125436566771653,39.69,0.5166790828573794,0.06722103562372843
./data/AraCropData/Plant_14/IMG_2013-10-06_19-40.png,13,0.6566538461538461,8.4447,5.126402247190518,37.65,0.5211619640079982,0.07486246597643346
./data/AraCropData/Plant_14/IMG_2013-10-07_08-00.png,12,0.7065,8.4168,5.117440766633259,38.07,0.5169421259189653,0.07297785899278918
./data/AraCropData/Plant_14/IMG_2013-10-07_19-40.png,14,0.5999785714285715,8.2971,5.101146929858029,39.51,0.5042940758164216,0.06679164335650283
./data/AraCropData/Plant_14/IMG_2013-10-08_08-00.png,16,0.55726875,8.7633,5.092317743424894,40.83,0.5284524164880192,0.0660569904849188
./data/AraCropData/Plant_14/IMG_2013-10-08_19-40.png,16,0.54253125,8.4663,5.110313101953735,41.28,0.515212092997782,0.062434428433273015
./data/AraCropData/Plant_14/IMG_2013-10-09_08-00.png,14,0.6494785714285715,9.0063,5.075943262094248,40.589999999999996,0.549804955771661,0.06869389953719895
./data/AraCropData/Plant_14/IMG_2013-10-09_19-40.png,16,0.57898125,9.152099999999999,5.078513562057307,41.43,0.5536861592072307,0.06700400374033362
./data/AraCropData/Plant_15/IMG_2013-09-14_08-00.png,5,0.06480000000000001,0.324,1.0062305898749053,3.6599999999999997,0.6539509536784741,0.30394339029624445
./data/AraCropData/Plant_15/IMG_2013-09-14_19-40.png,4,0.091575,0.3663,1.1200892821556683,4.08,0.661251015434606,0.2765199416113853
./data/AraCropData/Plant_15/IMG_2013-09-15_08-00.png,5,0.08225999999999999,0.4113,1.129690223025764,4.71,0.5502709211318485,0.2329843551771732
./data/AraCropData/Plant_15/IMG_2013-09-15_19-40.png,5,0.07991999999999999,0.3996,1.1498260738042079,4.47,0.6486486486486487,0.25131609174251035
./data/AraCropData/Plant_15/IMG_2013-09-16_08-00.png,6,0.0828,0.49679999999999996,1.3284953895290719,5.16,0.5495271279243407,0.2344725723068639
./data/AraCropData/Plant_15/IMG_2013-09-16_19-40.png,6,0.09285,0.5535,1.4709180806557514,5.49,0.5476402493321462,0.23077183337307444
./data/AraCropData/Plant_15/IMG_2013-09-17_08-00.png,7,0.09347142857142857,0.6507,1.741551032843999,6.4799999999999995,0.5239130434782608,0.19473349524566363
./data/AraCropData/Plant_15/IMG_2013-09-17_19-40.png,6,0.11414999999999999,0.6849,1.7884630272946656,6.4799999999999995,0.5498554913294798,0.20496845073575382
./data/AraCropData/Plant_15/IMG_2013-09-18_08-00.png,7,0.10568571428571429,0.7362,1.8420097719610502,7.05,0.5545762711864406,0.18613474264455956
./data/AraCropData/Plant_15/IMG_2013-09-18_19-40.png,6,0.13395,0.7983,1.8049930747789587,7.41,0.6127806563039725,0.18270043329568728
./data/AraCropData/Plant_15/IMG_2013-09-19_08-00.png,7,0.11995714285714286,0.8325,1.8845158529447292,7.739999999999999,0.5819440075495439,0.17462731834448406
./data/AraCropData/Plant_15/IMG_2013-09-19_19-40.png,6,0.15569999999999998,0.9324,1.9922349259060788,8.4,0.5990170569528764,0.16605561168974622
./data/AraCropData/Plant_15/IMG_2013-09-20_08-00.png,8,0.1143,0.9036,1.96860356598275,8.07,0.590588235294118,0.17435685102218884
./data/AraCropData/Plant_15/IMG_2013-09-20_19-40.png,8,0.1398375,1.1133,2.1840329667841556,9.57,0.5999030067895249,0.15275597183559808
./data/AraCropData/Plant_15/IMG_2013-09-21_08-00.png,8,0.14534999999999998,1.1628,2.255593048402127,9.45,0.5870059064061789,0.16362560679014415
./data/AraCropData/Plant_15/IMG_2013-09-21_19-40.png,8,0.1708875,1.3653,2.452305038122297,10.65,0.6240230357877417,0.15126509995622187
./data/AraCropData/Plant_15/IMG_2013-09-22_08-00.png,8,0.17831249999999998,1.4229,2.486201922612079,11.82,0.5638373751783168,0.1279821171719308
./data/AraCropData/Plant_15/IMG_2013-09-22_19-40.png,9,0.1882,1.6902,2.648509014521189,13.229999999999999,0.6327493261455526,0.12134678458958216
./data/AraCropData/Plant_15/IMG_2013-09-23_08-00.png,7,0.25611428571428574,1.791,2.664432397340942,13.469999999999999,0.5785724669283326,0.12404242797691856
./data/AraCropData/Plant_15/IMG_2013-09-23_19-40.png,10,0.18585,1.8513,2.80174945346653,14.219999999999999,0.6431139596685943,0.11505022500728525
./data/AraCropData/Plant_15/IMG_2013-09-24_08-00.png,8,0.2755125,2.2005,2.8123299948619116,15.66,0.549253060766034,0.1127580927764866
./data/AraCropData/Plant_15/IMG_2013-09-24_19-40.png,8,0.3263625,2.6090999999999998,2.940153057240388,16.68,0.544004503659223,0.11784427698820983
./data/AraCropData/Plant_15/IMG_2013-09-25_08-00.png,11,0.2555181818181818,2.7657,3.0746707140765497,18.87,0.528415441492563,0.09760479044872936
./data/AraCropData/Plant_15/IMG_2013-09-25_19-40.png,10,0.33633,3.3345,3.222452482194268,20.64,0.5471461271505575,0.09836060692900032
./data/AraCropData/Plant_15/IMG_2013-09-26_08-00.png,9,0.35939999999999994,3.222,3.262422412870534,20.37,0.4766025427677561,0.09757832123261452
./data/AraCropData/Plant_15/IMG_2013-09-26_19-40.png,11,0.3582818181818182,3.9194999999999998,3.6478075607136953,22.919999999999998,0.5165460799430674,0.09375864152835414
./data/AraCropData/Plant_15/IMG_2013-09-27_08-00.png,10,0.41616,4.14,3.948278105706334,24.84,0.44642857142857156,0.08431542280165844
./data/AraCropData/Plant_15/IMG_2013-09-27_19-40.png,11,0.4146545454545454,4.536,4.053553996186556,26.669999999999998,0.46494464944649466,0.08013770087897225
./data/AraCropData/Plant_15/IMG_2013-09-28_08-00.png,11,0.48649090909090903,5.2848,4.867864007960781,29.73,0.44942788259155786,0.07513609187787672
./data/AraCropData/Plant_15/IMG_2013-09-28_19-40.png,14,0.4048714285714286,5.6358,5.186617394795957,30.869999999999997,0.44987248105176186,0.07431768583490547
./data/AraCropData/Plant_15/IMG_2013-09-29_08-00.png,12,0.530325,6.3081,5.924677206396986,34.23,0.4337252475247525,0.06765418009483466
./data/AraCropData/Plant_15/IMG_2013-09-29_19-40.png,11,0.6022636363636363,6.5889,6.034848796780247,33.24,0.4418225709112854,0.07493776739215573
./data/AraCropData/Plant_15/IMG_2013-09-30_08-00.png,12,0.619575,7.3953,6.400765579210036,36.839999999999996,0.4231967656374734,0.06847411334482947
./data/AraCropData/Plant_15/IMG_2013-09-30_19-40.png,13,0.5988461538461537,7.677,6.567876369116581,38.4,0.42360886946589527,0.06542428060332259
./data/AraCropData/Plant_15/IMG_2013-10-01_08-00.png,13,0.6391384615384615,8.28,6.764983370267808,41.879999999999995,0.4072328087997698,0.0593235121489686
./data/AraCropData/Plant_15/IMG_2013-10-01_19-40.png,15,0.6065400000000001,8.9901,6.943493357093388,45.78,0.41210445975494037,0.05390422543403796
./data/AraCropData/Plant_15/IMG_2013-10-02_08-00.png,14,0.6930642857142857,9.6741,7.098915410117239,49.14,0.39585328128452524,0.05034427975603335
./data/AraCropData/Plant_15/IMG_2013-10-02_19-40.png,15,0.6706799999999997,9.8712,7.215233883943056,48.18,0.3715006689586262,0.05343751130113391
./data/AraCropData/Plant_15/IMG_2013-10-03_08-00.png,16,0.6600937499999999,10.2213,7.250137929722441,52.559999999999995,0.3620915032679739,0.046494896591526565
./data/AraCropData/Plant_15/IMG_2013-10-03_19-40.png,16,0.67573125,10.6425,7.344181370309423,50.25,0.36444608817592034,0.052964074854906555
./data/AraCropData/Plant_15/IMG_2013-10-04_08-00.png,15,0.75468,11.0502,7.347611856923309,51.93,0.3735491427962943,0.0514924264476483
./data/AraCropData/Plant_15/IMG_2013-10-04_19-40.png,14,0.82575,11.4147,7.45263040811766,55.05,0.36850974808960696,0.04733253005127885
./data/AraCropData/Plant_15/IMG_2013-10-05_08-00.png,15,0.8210400000000001,12.2058,7.5414653748459255,56.97,0.383047831551595,0.04725890716350506
./data/AraCropData/Plant_15/IMG_2013-10-05_19-40.png,14,0.8968499999999999,12.3795,7.581695061132438,58.8,0.38622451844780153,0.044994384579474814
./data/AraCropData/Plant_15/IMG_2013-10-06_08-00.png,15,0.8584799999999999,12.6234,7.566306893062163,60.599999999999994,0.38995774021352314,0.04319574410278448
./data/AraCropData/Plant_15/IMG_2013-10-06_19-40.png,16,0.8144437499999999,12.3021,7.601907655319156,59.61,0.3781294088356524,0.04350617208323036
./data/AraCropData/Plant_15/IMG_2013-10-07_08-00.png,16,0.8087625,12.888,7.561547460672319,60.75,0.39444689290436313,0.043883658514890615
./data/AraCropData/Plant_15/IMG_2013-10-07_19-40.png,16,0.8171999999999999,12.1968,7.521449328420687,61.11,0.374835774246636,0.041042253548863816
./data/AraCropData/Plant_15/IMG_2013-10-08_08-00.png,18,0.7365999999999999,13.114799999999999,7.521449328420687,63.089999999999996,0.4006598845202089,0.041404779982232624
./data/AraCropData/Plant_15/IMG_2013-10-08_19-40.png,17,0.7587529411764705,12.7404,7.481617472178058,63.96,0.3905911567910603,0.03913596232537788
./data/AraCropData/Plant_15/IMG_2013-10-09_08-00.png,19,0.6993473684210526,13.104,7.459148744997648,65.88,0.4017549184625148,0.03794080729349554
./data/AraCropData/Plant_15/IMG_2013-10-09_19-40.png,18,0.6454499999999999,11.5335,7.319323739253511,59.76,0.42740173762235895,0.040583528749287515
./data/AraCropData/Plant_16/IMG_2013-09-14_08-00.png,1,0.0306,0.0306,0.22847319317591724,0.54,1.2592592592592597,1.3186932126179376
./data/AraCropData/Plant_16/IMG_2013-09-14_19-40.png,1,0.0423,0.0423,0.2765863337187866,0.6599999999999999,1.2702702702702702,1.2202880555266142
./data/AraCropData/Plant_16/IMG_2013-09-15_08-00.png,1,0.0378,0.0378,0.2765863337187866,0.63,1.2173913043478235,1.19679720136754
./data/AraCropData/Plant_16/IMG_2013-09-15_19-40.png,1,0.045,0.045,0.3231098884280702,0.75,1.219512195121951,1.0053096491487339
./data/AraCropData/Plant_16/IMG_2013-09-16_08-00.png,1,0.045899999999999996,0.045899999999999996,0.3231098884280702,0.72,1.2592592592592589,1.1126473981463851
./data/AraCropData/Plant_16/IMG_2013-09-16_19-40.png,2,0.0288,0.0504,0.4242640687119285,0.9299999999999999,1.018181818181819,0.7322754988596397
./data/AraCropData/Plant_16/IMG_2013-09-17_08-00.png,2,0.031049999999999998,0.0513,0.40024992192379,1.14,0.9743589743589746,0.49604094530365156
./data/AraCropData/Plant_16/IMG_2013-09-17_19-40.png,2,0.02835,0.0513,0.4080441152620633,1.08,1.0857142857142845,0.5526875964648709
./data/AraCropData/Plant_16/IMG_2013-09-18_08-00.png,2,0.03375,0.0675,0.4295346318982906,1.1099999999999999,1.0416666666666656,0.6884425099174128
./data/AraCropData/Plant_16/IMG_2013-09-18_19-40.png,2,0.03825,0.0765,0.4743416490252569,1.29,0.8629441624365481,0.5776860477125633
./data/AraCropData/Plant_16/IMG_2013-09-19_08-00.png,1,0.052199999999999996,0.052199999999999996,0.34205262752974136,0.87,1.0450450450450455,0.8666462492661497
./data/AraCropData/Plant_16/IMG_2013-09-19_19-40.png,3,0.0255,0.0747,0.4743416490252569,1.44,0.8426395939086301,0.45269477473602926
./data/AraCropData/Plant_16/IMG_2013-09-20_08-00.png,4,0.0315,0.1062,0.5135172830587107,1.8299999999999998,0.8708487084870846,0.3985035561661872
./data/AraCropData/Plant_16/IMG_2013-09-20_19-40.png,4,0.0288,0.11159999999999999,0.5239274758971894,1.89,0.8464163822525587,0.39260014013115074
./data/AraCropData/Plant_16/IMG_2013-09-21_08-00.png,4,0.030600000000000002,0.11159999999999999,0.49477267507411926,1.98,0.8493150684931505,0.3577203756153667
./data/AraCropData/Plant_16/IMG_2013-09-21_19-40.png,4,0.029924999999999997,0.1197,0.5135172830587107,2.19,0.7492957746478872,0.31362869050661846
./data/AraCropData/Plant_16/IMG_2013-09-22_08-00.png,4,0.03105,0.1206,0.5239274758971894,2.1,0.7282608695652173,0.34365176782125084
./data/AraCropData/Plant_16/IMG_2013-09-22_19-40.png,4,0.03375,0.1314,0.5604462507680822,2.16,0.7411167512690353,0.3539139872099612
./data/AraCropData/Plant_16/IMG_2013-09-23_08-00.png,4,0.033299999999999996,0.1314,0.5824946351684279,2.2199999999999998,0.7019230769230766,0.3350420214931409
./data/AraCropData/Plant_16/IMG_2013-09-23_19-40.png,4,0.03735,0.1476,0.589406481131655,2.16,0.7645687645687649,0.39754721850981944
./data/AraCropData/Plant_16/IMG_2013-09-24_08-00.png,4,0.036000000000000004,0.1422,0.6184658438426491,2.31,0.7281105990783413,0.3348771389895006
./data/AraCropData/Plant_16/IMG_2013-09-24_19-40.png,7,0.03317142857142857,0.1494,0.6552098900352467,2.9699999999999998,0.6471734892787523,0.21283721273172362
./data/AraCropData/Plant_16/IMG_2013-09-25_08-00.png,5,0.036359999999999996,0.1782,0.6768308503607087,2.58,0.7888446215139447,0.3364171689620222
./data/AraCropData/Plant_16/IMG_2013-09-25_19-40.png,6,0.0342,0.2016,0.6958448102845921,2.76,0.7777777777777777,0.3325693546333241
./data/AraCropData/Plant_16/IMG_2013-09-26_08-00.png,7,0.033299999999999996,0.2115,0.6926037828369117,3.09,0.750798722044728,0.27835772404320913
./data/AraCropData/Plant_16/IMG_2013-09-26_19-40.png,6,0.0405,0.2376,0.7256031973468694,3.48,0.7426160337552736,0.24654591573950815
./data/AraCropData/Plant_16/IMG_2013-09-27_08-00.png,6,0.0411,0.2376,0.7409453421137081,3.63,0.7135135135135133,0.2265912056683848
./data/AraCropData/Plant_16/IMG_2013-09-27_19-40.png,7,0.035614285714285716,0.2241,0.75,3.48,0.6945606694560665,0.2325376250724906
./data/AraCropData/Plant_16/IMG_2013-09-28_08-00.png,6,0.039,0.2322,0.7523961722390672,3.4499999999999997,0.6926174496644297,0.2451511242725646
./data/AraCropData/Plant_16/IMG_2013-09-28_19-40.png,7,0.04024285714285714,0.2583,0.7788452991448301,3.7199999999999998,0.7275031685678075,0.2345569957284783
./data/AraCropData/Plant_16/IMG_2013-09-29_08-00.png,7,0.03844285714285715,0.2637,0.7925906888173744,3.84,0.6984505363528007,0.22472818542524642
./data/AraCropData/Plant_16/IMG_2013-09-29_19-40.png,7,0.04088571428571429,0.2736,0.8188406438373709,4.32,0.6956521739130437,0.18422919882162367
./data/AraCropData/Plant_16/IMG_2013-09-30_08-00.png,8,0.03735,0.2718,0.8490583018850943,4.5,0.6622807017543865,0.168668618912732
./data/AraCropData/Plant_16/IMG_2013-09-30_19-40.png,9,0.0385,0.33749999999999997,1.063202708800161,5.25,0.6004803843074457,0.1538739258901123
./data/AraCropData/Plant_16/IMG_2013-10-01_08-00.png,11,0.035918181818181814,0.3411,1.0741508273980893,5.609999999999999,0.5256588072122053,0.13619647295725149
./data/AraCropData/Plant_16/IMG_2013-10-01_19-40.png,7,0.04834285714285714,0.2934,0.9024965373894793,4.47,0.5826630920464697,0.18452487817130267
./data/AraCropData/Plant_16/IMG_2013-10-02_08-00.png,8,0.0513,0.39239999999999997,1.0653168542738822,5.55,0.6259870782483853,0.16008583163946236
./data/AraCropData/Plant_16/IMG_2013-10-02_19-40.png,7,0.05477142857142857,0.3762,1.1591807451816993,5.76,0.5614506380120886,0.14248977096359955
./data/AraCropData/Plant_16/IMG_2013-10-03_08-00.png,9,0.0464,0.414,1.1943617542436629,6.3,0.5609756097560977,0.1310777887212068
./data/AraCropData/Plant_16/IMG_2013-10-03_19-40.png,9,0.0562,0.4824,1.3261221663180205,7.02,0.5226718673817649,0.12301071388152016
./data/AraCropData/Plant_16/IMG_2013-10-04_08-00.png,9,0.0588,0.49319999999999997,1.2816005617976296,7.17,0.5678756476683936,0.12055760747656426
./data/AraCropData/Plant_16/IMG_2013-10-04_19-40.png,9,0.0589,0.5156999999999999,1.291394595001853,7.5,0.5620402157920548,0.11520848579244487
./data/AraCropData/Plant_16/IMG_2013-10-05_08-00.png,8,0.061875,0.48419999999999996,1.3148764200486676,7.05,0.5092285849503078,0.12242113880534602
./data/AraCropData/Plant_16/IMG_2013-10-05_19-40.png,9,0.0656,0.5814,1.3602940858505561,8.04,0.5571366968520916,0.11302455191685269
./data/AraCropData/Plant_16/IMG_2013-10-06_08-00.png,9,0.0643,0.5751,1.4431216164966831,7.949999999999999,0.5267930750206098,0.11434547273158437
./data/AraCropData/Plant_16/IMG_2013-10-06_19-40.png,10,0.06462,0.6408,1.463864747850702,8.79,0.5646312450436163,0.10422085146505765
./data/AraCropData/Plant_16/IMG_2013-10-07_08-00.png,11,0.061200000000000004,0.6587999999999999,1.463864747850702,9.24,0.5598470363288718,0.09696600701752944
./data/AraCropData/Plant_16/IMG_2013-10-07_19-40.png,12,0.059925,0.6885,1.4650938536489735,9.719999999999999,0.5606449248809087,0.09157591754291237
./data/AraCropData/Plant_16/IMG_2013-10-08_08-00.png,13,0.05718461538461539,0.693,1.3685393673548452,9.75,0.5789473684210525,0.09160809820645267
./data/AraCropData/Plant_16/IMG_2013-10-08_19-40.png,11,0.07306363636363634,0.7875,1.4903690818049065,10.5,0.5737704918032788,0.0897597901025655
./data/AraCropData/Plant_16/IMG_2013-10-09_08-00.png,10,0.07766999999999999,0.7569,1.4539944979263162,9.719999999999999,0.5802000689893069,0.10067365575632588
./data/AraCropData/Plant_16/IMG_2013-10-09_19-40.png,12,0.07477500000000001,0.7299,1.4773286702694157,9.99,0.5381552753815528,0.09190565852560027
./data/AraCropData/Plant_17/IMG_2013-09-14_08-00.png,5,0.03366,0.1611,0.7451845409024532,2.37,0.7973273942093545,0.3604198589921955
./data/AraCropData/Plant_17/IMG_2013-09-14_19-40.png,4,0.051524999999999994,0.2061,0.7920227269466451,2.2199999999999998,0.8773946360153257,0.5255111159036251
./data/AraCropData/Plant_17/IMG_2013-09-15_08-00.png,5,0.04229999999999999,0.2061,0.7648529270389177,2.58,0.799301919720768,0.3890885439005206
./data/AraCropData/Plant_17/IMG_2013-09-15_19-40.png,5,0.048060000000000005,0.2367,0.8275868534480233,2.88,0.780415430267062,0.3586106197457099
./data/AraCropData/Plant_17/IMG_2013-09-16_08-00.png,5,0.052559999999999996,0.261,0.8340863264674706,3.09,0.7591623036649214,0.3435052764788538
./data/AraCropData/Plant_17/IMG_2013-09-16_19-40.png,5,0.062459999999999995,0.31229999999999997,0.9343446901438461,3.48,0.7406616862326579,0.3240584574303383
./data/AraCropData/Plant_17/IMG_2013-09-17_08-00.png,5,0.07110000000000001,0.3555,0.9990495483208027,4.109999999999999,0.6534325889164598,0.26446355121060655
./data/AraCropData/Plant_17/IMG_2013-09-17_19-40.png,5,0.07668,0.38339999999999996,1.064048871058092,4.47,0.6651053864168616,0.2411276015367329
./data/AraCropData/Plant_17/IMG_2013-09-18_08-00.png,6,0.0735,0.4392,1.2332882874656679,4.77,0.6165508528111182,0.2425690779560649
./data/AraCropData/Plant_17/IMG_2013-09-18_19-40.png,6,0.08145000000000001,0.48869999999999997,1.23547561691844,5.1899999999999995,0.6471990464839098,0.22799088655140604
./data/AraCropData/Plant_17/IMG_2013-09-19_08-00.png,5,0.10602,0.5301,1.306981254647518,5.1,0.6727584237578529,0.2561104599258669
./data/AraCropData/Plant_17/IMG_2013-09-19_19-40.png,5,0.11682,0.5841,1.4365583872575454,5.58,0.6356513222331046,0.23573749938487404
./data/AraCropData/Plant_17/IMG_2013-09-20_08-00.png,7,0.07495714285714286,0.5193,1.291394595001853,5.49,0.6432552954292086,0.2165127607418926
./data/AraCropData/Plant_17/IMG_2013-09-20_19-40.png,7,0.10195714285714286,0.6920999999999999,1.5646085772486358,6.81,0.6669557675628793,0.18753593127058946
./data/AraCropData/Plant_17/IMG_2013-09-21_08-00.png,5,0.13482,0.6741,1.410319112825179,5.97,0.6812187357889947,0.23767610894055763
./data/AraCropData/Plant_17/IMG_2013-09-21_19-40.png,5,0.15803999999999999,0.7902,1.7454225849346627,6.66,0.6472539624032435,0.2238713050768475
./data/AraCropData/Plant_17/IMG_2013-09-22_08-00.png,7,0.12304285714285713,0.8541,1.708156901458411,7.319999999999999,0.6732884001418945,0.20030713707717776
./data/AraCropData/Plant_17/IMG_2013-09-22_19-40.png,6,0.16335,0.9657,1.9465353837010002,7.89,0.6195150115473441,0.19493871053806466
./data/AraCropData/Plant_17/IMG_2013-09-23_08-00.png,7,0.15004285714285714,1.0449,1.9223423212320954,8.459999999999999,0.6125032972830388,0.18346104676916405
./data/AraCropData/Plant_17/IMG_2013-09-23_19-40.png,6,0.17955,1.0773,2.0976415327696007,8.4,0.5735505510301869,0.19186155134423377
./data/AraCropData/Plant_17/IMG_2013-09-24_08-00.png,8,0.16143749999999998,1.2879,1.977725966861941,10.23,0.6485384092454114,0.15464672946696345
./data/AraCropData/Plant_17/IMG_2013-09-24_19-40.png,8,0.1854,1.4544,2.2299103120977755,10.92,0.580564038081552,0.15326692815484558
./data/AraCropData/Plant_17/IMG_2013-09-25_08-00.png,9,0.1883,1.6227,2.2022942582679543,11.309999999999999,0.6133696206837896,0.15941269000478153
./data/AraCropData/Plant_17/IMG_2013-09-25_19-40.png,8,0.2345625,1.8585,2.381365154695936,12.18,0.5673076923076924,0.15742650463886343
./data/AraCropData/Plant_17/IMG_2013-09-26_08-00.png,10,0.21410999999999997,2.1212999999999997,2.457254565567027,14.07,0.6030446462837407,0.1346553959022034
./data/AraCropData/Plant_17/IMG_2013-09-26_19-40.png,9,0.2567,2.2923,2.619637379485947,15.42,0.5851809304997128,0.12114697404492428
./data/AraCropData/Plant_17/IMG_2013-09-27_08-00.png,10,0.26478,2.6208,2.722076413328619,17.46,0.5811795230016964,0.10803270872159608
./data/AraCropData/Plant_17/IMG_2013-09-27_19-40.png,11,0.2803090909090909,3.0294,3.15456811624032,19.59,0.5114724206047712,0.09919678873554023
./data/AraCropData/Plant_17/IMG_2013-09-28_08-00.png,11,0.3054272727272727,3.3434999999999997,3.2931747600150225,20.07,0.5346477657048284,0.10430771857320972
./data/AraCropData/Plant_17/IMG_2013-09-28_19-40.png,10,0.36504,3.627,3.488266044899672,21.09,0.5039704870881011,0.10247177525271184
./data/AraCropData/Plant_17/IMG_2013-09-29_08-00.png,10,0.38987999999999995,3.8718,3.644969135671796,23.13,0.5081802610595948,0.09094346854098752
./data/AraCropData/Plant_17/IMG_2013-09-29_19-40.png,11,0.38012727272727265,4.131,3.844333492297462,24.119999999999997,0.4863318499682139,0.0892299094080416
./data/AraCropData/Plant_17/IMG_2013-09-30_08-00.png,11,0.43322727272727274,4.7061,3.9332048001597877,26.07,0.5288763022150299,0.0870139638335191
./data/AraCropData/Plant_17/IMG_2013-09-30_19-40.png,11,0.44558181818181813,4.8852,4.202677717836569,26.52,0.5132375189107411,0.08728611680598984
./data/AraCropData/Plant_17/IMG_2013-10-01_08-00.png,12,0.476625,5.6475,4.596368131470759,30.419999999999998,0.5331124421222548,0.07669157982048541
./data/AraCropData/Plant_17/IMG_2013-10-01_19-40.png,12,0.4923,5.8914,4.936162477066572,28.529999999999998,0.5222594542843467,0.09095463410765264
./data/AraCropData/Plant_17/IMG_2013-10-02_08-00.png,12,0.54435,6.4962,5.102205405508484,31.08,0.51875808538163,0.08450983055414771
./data/AraCropData/Plant_17/IMG_2013-10-02_19-40.png,13,0.5565461538461538,7.1811,5.288941292924322,34.05,0.5221516916432171,0.07783350822408495
./data/AraCropData/Plant_17/IMG_2013-10-03_08-00.png,12,0.6658499999999999,7.9596,5.353970489272424,36.03,0.5128145656963934,0.07704998936730667
./data/AraCropData/Plant_17/IMG_2013-10-03_19-40.png,12,0.71595,8.5572,5.686563109647162,37.589999999999996,0.4919797164441684,0.07610214451084486
./data/AraCropData/Plant_17/IMG_2013-10-04_08-00.png,12,0.791775,9.4797,5.782845320428344,39.33,0.5049376797698946,0.07701167419321994
./data/AraCropData/Plant_17/IMG_2013-10-04_19-40.png,11,0.9493363636363636,10.4409,5.919358073304909,41.91,0.4915886266367217,0.07469860279245523
./data/AraCropData/Plant_17/IMG_2013-10-05_08-00.png,14,0.7912285714285715,10.9278,6.017075701700952,45.39,0.4900710364869228,0.06665338906806315
./data/AraCropData/Plant_17/IMG_2013-10-05_19-40.png,14,0.8439428571428572,11.7036,6.058068999276915,47.699999999999996,0.5051175979335392,0.06463869446189895
./data/AraCropData/Plant_17/IMG_2013-10-06_08-00.png,15,0.8335199999999999,12.407399999999999,6.127201645123163,49.83,0.5232275694549872,0.06279265890163421
./data/AraCropData/Plant_17/IMG_2013-10-06_19-40.png,15,0.87882,13.0635,6.211811330038928,52.019999999999996,0.5380509322756422,0.060663675225865826
./data/AraCropData/Plant_17/IMG_2013-10-07_08-00.png,15,0.8980199999999999,13.4145,6.261022280746172,50.64,0.5464510925355623,0.06573504427932306
./data/AraCropData/Plant_17/IMG_2013-10-07_19-40.png,14,0.9917999999999999,13.869,7.075485849042453,50.97,0.49553025918065463,0.06708504956773549
./data/AraCropData/Plant_17/IMG_2013-10-08_08-00.png,14,1.0045928571428573,13.9977,6.315694736131568,50.76,0.5351754038848648,0.0682689649823143
./data/AraCropData/Plant_17/IMG_2013-10-08_19-40.png,15,0.9949199999999999,14.831999999999999,6.360070754323414,54.36,0.5525565800502934,0.06307404515781445
./data/AraCropData/Plant_17/IMG_2013-10-09_08-00.png,13,1.1598923076923076,15.046199999999999,6.390070422147161,52.53,0.559298785587635,0.06852071605027416
./data/AraCropData/Plant_17/IMG_2013-10-09_19-40.png,14,1.1042999999999998,15.381,6.368060929356754,54.72,0.5681893742935034,0.06455089360410123
./data/AraCropData/Plant_18/IMG_2013-09-14_08-00.png,5,0.06912,0.3366,0.8919641248391104,4.109999999999999,0.7965921192758254,0.2504034636778908
./data/AraCropData/Plant_18/IMG_2013-09-14_19-40.png,6,0.06779999999999999,0.3888,0.9972462083156797,4.59,0.7315834038950039,0.23190534005737806
./data/AraCropData/Plant_18/IMG_2013-09-15_08-00.png,5,0.08208,0.40859999999999996,1.0551303237041385,4.38,0.6537077033837291,0.26764553663534735
./data/AraCropData/Plant_18/IMG_2013-09-15_19-40.png,5,0.07937999999999998,0.3969,1.0478549517943787,4.17,0.7033492822966505,0.2868262222934835
./data/AraCropData/Plant_18/IMG_2013-09-16_08-00.png,6,0.08339999999999999,0.5004,1.2592855117089212,5.16,0.5978494623655916,0.23617164891778322
./data/AraCropData/Plant_18/IMG_2013-09-16_19-40.png,5,0.11321999999999999,0.5660999999999999,1.4252368224263643,5.67,0.5805260729118596,0.2212773191240984
./data/AraCropData/Plant_18/IMG_2013-09-17_08-00.png,6,0.11939999999999999,0.702,1.7194475857088518,6.96,0.5475605475605476,0.1821077786712276
./data/AraCropData/Plant_18/IMG_2013-09-17_19-40.png,5,0.14021999999999998,0.7011,1.7361163555476344,6.09,0.5228187919463084,0.23755011547443022
./data/AraCropData/Plant_18/IMG_2013-09-18_08-00.png,6,0.13799999999999998,0.8171999999999999,1.8985520798756088,7.89,0.5239469128678591,0.16496211478896802
./data/AraCropData/Plant_18/IMG_2013-09-18_19-40.png,6,0.1362,0.8171999999999999,1.9091883092036783,7.6499999999999995,0.5058495821727022,0.17547504064341607
./data/AraCropData/Plant_18/IMG_2013-09-19_08-00.png,7,0.14644285714285715,0.9692999999999999,1.972941965694886,8.37,0.5513181469157921,0.17386700005992767
./data/AraCropData/Plant_18/IMG_2013-09-19_19-40.png,5,0.20501999999999998,1.0215,2.087534430853776,8.01,0.539448669201521,0.20007056694998754
./data/AraCropData/Plant_18/IMG_2013-09-20_08-00.png,7,0.1490142857142857,1.0377,2.020940375171915,8.67,0.5804178202869369,0.17347763219257586
./data/AraCropData/Plant_18/IMG_2013-09-20_19-40.png,6,0.17865,1.0611,1.9582900704441106,8.879999999999999,0.5265743635551586,0.16909869149846452
./data/AraCropData/Plant_18/IMG_2013-09-21_08-00.png,6,0.2088,1.2384,2.0124611797498106,9.81,0.5676567656765679,0.16170847913436223
./data/AraCropData/Plant_18/IMG_2013-09-21_19-40.png,8,0.1749375,1.3689,2.2443930137121706,10.86,0.5714822468532781,0.14585520668203278
./data/AraCropData/Plant_18/IMG_2013-09-22_08-00.png,7,0.21934285714285714,1.4958,2.2401785643113366,11.79,0.5701543739279591,0.13522462405755262
./data/AraCropData/Plant_18/IMG_2013-09-22_19-40.png,8,0.2181375,1.6713,2.4181191037663963,12.42,0.5869152970922884,0.1361510783849389
./data/AraCropData/Plant_18/IMG_2013-09-23_08-00.png,8,0.2356875,1.8855,2.3736048533822975,13.08,0.5606101150655607,0.13849079642434595
./data/AraCropData/Plant_18/IMG_2013-09-23_19-40.png,10,0.21132,2.0789999999999997,2.5959969183340723,15.57,0.5667320902845927,0.10776733127353136
./data/AraCropData/Plant_18/IMG_2013-09-24_08-00.png,10,0.24857999999999997,2.4516,3.1075713990188545,17.46,0.5010576657776143,0.1010580695596249
./data/AraCropData/Plant_18/IMG_2013-09-24_19-40.png,10,0.28089,2.7944999999999998,3.3160518693168837,17.49,0.5140728476821191,0.1147980098137487
./data/AraCropData/Plant_18/IMG_2013-09-25_08-00.png,9,0.37399999999999994,2.8764,3.6062445840513924,20.88,0.43235930735930733,0.08290832772553326
./data/AraCropData/Plant_18/IMG_2013-09-25_19-40.png,12,0.30149999999999993,3.5747999999999998,3.6394092927286974,22.74,0.5438860742160757,0.08687217451882581
./data/AraCropData/Plant_18/IMG_2013-09-26_08-00.png,11,0.3924818181818182,4.2435,4.128462183428595,26.13,0.44293095349929534,0.0781007583912595
./data/AraCropData/Plant_18/IMG_2013-09-26_19-40.png,11,0.4318363636363636,4.658399999999999,4.301627598944381,27.36,0.4489742811293751,0.07820138684489827
./data/AraCropData/Plant_18/IMG_2013-09-27_08-00.png,12,0.453225,5.3019,4.825898880001527,32.19,0.41518077383888924,0.06429829291991246
./data/AraCropData/Plant_18/IMG_2013-09-27_19-40.png,12,0.5082,6.017399999999999,5.120956941822495,33.93,0.43408537575068973,0.06568270446613476
./data/AraCropData/Plant_18/IMG_2013-09-28_08-00.png,12,0.5685749999999999,6.7203,5.652910754646671,37.14,0.40181886670612926,0.06122301681109243
./data/AraCropData/Plant_18/IMG_2013-09-28_19-40.png,12,0.606,7.2162,5.78346781784078,36.449999999999996,0.4174302374010828,0.06825325379663118
./data/AraCropData/Plant_18/IMG_2013-09-29_08-00.png,13,0.6233538461538461,7.7292,6.266625886392133,40.769999999999996,0.3854837623717934,0.05843364615051894
./data/AraCropData/Plant_18/IMG_2013-09-29_19-40.png,14,0.6096214285714285,8.4591,6.589423343510417,40.86,0.3978075930079992,0.06367035898035941
./data/AraCropData/Plant_18/IMG_2013-09-30_08-00.png,14,0.6892071428571428,9.5121,7.14226854717743,44.25,0.39487399824400804,0.06104635266792857
./data/AraCropData/Plant_18/IMG_2013-09-30_19-40.png,14,0.7542642857142858,10.257299999999999,7.8102624795841535,52.739999999999995,0.37700335753626296,0.046340708651188424
./data/AraCropData/Plant_18/IMG_2013-10-01_08-00.png,14,0.8417571428571426,11.6892,8.107441026612527,55.8,0.38522341356349443,0.047176558428516854
./data/AraCropData/Plant_18/IMG_2013-10-01_19-40.png,15,0.8213399999999998,12.1977,8.295691652900317,57.12,0.3565546815395543,0.04697982711551804
./data/AraCropData/Plant_18/IMG_2013-10-02_08-00.png,16,0.81208125,12.8151,8.286301949603333,57.989999999999995,0.3620529641354234,0.04788788383368994
./data/AraCropData/Plant_18/IMG_2013-10-02_19-40.png,17,0.8303823529411766,13.8645,8.435069649979187,63.3,0.3584517119821298,0.043481714093170205
./data/AraCropData/Plant_18/IMG_2013-10-03_08-00.png,16,0.9545625,15.0948,8.405355435673139,65.03999999999999,0.376886172376212,0.044841090114860926
./data/AraCropData/Plant_18/IMG_2013-10-03_19-40.png,17,0.9616764705882354,16.109099999999998,8.604301249956325,68.28,0.3849744052996085,0.043420429658454614
./data/AraCropData/Plant_18/IMG_2013-10-04_08-00.png,17,1.0303941176470588,17.3727,8.652126906142788,73.41,0.4188564608874904,0.040510419081332606
./data/AraCropData/Plant_18/IMG_2013-10-04_19-40.png,18,1.0224000000000002,17.4438,8.863870486418447,77.42999999999999,0.4135003093465322,0.03656221045600416
./data/AraCropData/Plant_18/IMG_2013-10-05_08-00.png,20,0.9506699999999999,18.5292,8.891344105364498,78.33,0.4336187196579575,0.03794986890135093
./data/AraCropData/Plant_18/IMG_2013-10-05_19-40.png,18,1.0626000000000002,18.8874,8.904493247793498,77.88,0.4363401981474359,0.03913182983197773
./data/AraCropData/Plant_18/IMG_2013-10-06_08-00.png,18,1.0725500000000001,19.185299999999998,8.86341356363337,79.61999999999999,0.443531272106862,0.03803068187108829
./data/AraCropData/Plant_18/IMG_2013-10-06_19-40.png,20,0.9854100000000001,19.4418,8.813671198768422,80.46,0.44680234963183596,0.03773864290555632
./data/AraCropData/Plant_18/IMG_2013-10-07_08-00.png,18,1.0963500000000002,19.6281,8.714883820223882,78.21,0.44404854013112366,0.04032399518168373
./data/AraCropData/Plant_18/IMG_2013-10-07_19-40.png,18,1.0685,19.0674,8.630880603970837,80.39999999999999,0.42565246217828934,0.03706715413174057
./data/AraCropData/Plant_18/IMG_2013-10-08_08-00.png,19,1.0419631578947368,19.5219,8.770062713572804,81.48,0.4285615497841484,0.036951315744703936
./data/AraCropData/Plant_18/IMG_2013-10-08_19-40.png,17,1.1232,18.9576,8.743185918187946,79.61999999999999,0.41896730050123315,0.03757931617641337
./data/AraCropData/Plant_18/IMG_2013-10-09_08-00.png,20,0.9868049999999998,19.4013,8.80151123387342,79.83,0.41934385729431106,0.03825678203919246
./data/AraCropData/Plant_18/IMG_2013-10-09_19-40.png,18,1.0751,19.279799999999998,8.746685086362719,80.19,0.4207983028207747,0.03767662230104766
./data/AraCropData/Plant_19/IMG_2013-09-14_08-00.png,3,0.03,0.0756,0.4080441152620633,1.38,0.8038277511961726,0.4988540319499861
./data/AraCropData/Plant_19/IMG_2013-09-14_19-40.png,2,0.0378,0.0756,0.44294469180700197,1.02,1.0700636942675164,0.9131272764759261
./data/AraCropData/Plant_19/IMG_2013-09-15_08-00.png,2,0.03375,0.0675,0.44294469180700197,1.05,1.006711409395974,0.7693696294505616
./data/AraCropData/Plant_19/IMG_2013-09-15_19-40.png,2,0.04005,0.0801,0.4569463863518345,0.99,1.0787878787878782,1.0270036590247626
./data/AraCropData/Plant_19/IMG_2013-09-16_08-00.png,2,0.039599999999999996,0.07919999999999999,0.4695742752749558,1.08,1.029239766081871,0.8532720787527831
./data/AraCropData/Plant_19/IMG_2013-09-16_19-40.png,3,0.033,0.0954,0.5126402247190518,1.41,0.9636363636363643,0.6030037506211283
./data/AraCropData/Plant_19/IMG_2013-09-17_08-00.png,3,0.0297,0.0891,0.5239274758971894,1.38,0.9041095890410966,0.5879351090839122
./data/AraCropData/Plant_19/IMG_2013-09-17_19-40.png,3,0.0342,0.1008,0.5239274758971894,1.56,0.8615384615384616,0.5205005579912083
./data/AraCropData/Plant_19/IMG_2013-09-18_08-00.png,3,0.0348,0.10439999999999999,0.5239274758971894,1.74,0.8436363636363643,0.4333231246330749
./data/AraCropData/Plant_19/IMG_2013-09-18_19-40.png,4,0.030824999999999998,0.1197,0.5126402247190518,1.98,0.8060606060606063,0.38368395126486915
./data/AraCropData/Plant_19/IMG_2013-09-19_08-00.png,4,0.032625,0.1287,0.5239274758971894,2.04,0.8101983002832857,0.38862262064302805
./data/AraCropData/Plant_19/IMG_2013-09-19_19-40.png,4,0.036899999999999995,0.144,0.5977457653551382,2.25,0.7565011820330966,0.35744343080843866
./data/AraCropData/Plant_19/IMG_2013-09-20_08-00.png,4,0.032850000000000004,0.1314,0.626418390534633,2.04,0.6903073286052002,0.39677554275442023
./data/AraCropData/Plant_19/IMG_2013-09-20_19-40.png,4,0.03555,0.1422,0.6356886030125127,2.34,0.729792147806005,0.32634558794686874
./data/AraCropData/Plant_19/IMG_2013-09-21_08-00.png,5,0.030059999999999996,0.1431,0.6841052550594827,2.4299999999999997,0.6809421841541754,0.3045348159858419
./data/AraCropData/Plant_19/IMG_2013-09-21_19-40.png,6,0.0297,0.1746,0.7212489168102784,2.82,0.6928571428571426,0.27590265948230874
./data/AraCropData/Plant_19/IMG_2013-09-22_08-00.png,5,0.03366,0.1683,0.75,2.76,0.6750902527075814,0.2776360237340697
./data/AraCropData/Plant_19/IMG_2013-09-22_19-40.png,5,0.03744,0.1872,0.7421590126111788,2.73,0.6561514195583598,0.31563882233869195
./data/AraCropData/Plant_19/IMG_2013-09-23_08-00.png,6,0.0327,0.1872,0.80049984384758,3.09,0.6624203821656051,0.24637619830207447
./data/AraCropData/Plant_19/IMG_2013-09-23_19-40.png,5,0.03708,0.18359999999999999,0.8077747210701756,2.82,0.6181818181818187,0.2901244460535617
./data/AraCropData/Plant_19/IMG_2013-09-24_08-00.png,6,0.031049999999999998,0.1827,0.7971198153351854,3.15,0.5816618911174781,0.23138079226439112
./data/AraCropData/Plant_19/IMG_2013-09-24_19-40.png,6,0.033749999999999995,0.1989,0.7920227269466451,3.15,0.6727549467275495,0.2518973157164061
./data/AraCropData/Plant_19/IMG_2013-09-25_08-00.png,6,0.036149999999999995,0.21689999999999998,0.8160882305241266,3.6599999999999997,0.6760168302945299,0.2034732140594303
./data/AraCropData/Plant_19/IMG_2013-09-25_19-40.png,5,0.04266,0.2133,0.7988116173416608,3.48,0.6405405405405405,0.22133099253887661
./data/AraCropData/Plant_19/IMG_2013-09-26_08-00.png,6,0.036449999999999996,0.2187,0.8448076704197234,3.57,0.6361256544502623,0.21563647053804666
./data/AraCropData/Plant_19/IMG_2013-09-26_19-40.png,6,0.03944999999999999,0.2115,0.8357032966310471,3.4499999999999997,0.6127770534550194,0.22329656668237474
./data/AraCropData/Plant_19/IMG_2013-09-27_08-00.png,5,0.04662,0.2313,0.8919641248391104,3.4499999999999997,0.6481715006305169,0.2442009261164694
./data/AraCropData/Plant_19/IMG_2013-09-27_19-40.png,8,0.036337499999999995,0.2835,0.9024965373894793,4.32,0.6376518218623483,0.19089538693687974
./data/AraCropData/Plant_19/IMG_2013-09-28_08-00.png,8,0.0390375,0.3105,0.9241753080449617,4.859999999999999,0.6673114119922634,0.16519577282250858
./data/AraCropData/Plant_19/IMG_2013-09-28_19-40.png,6,0.0468,0.27899999999999997,0.9604686356149272,3.9299999999999997,0.6181455633100696,0.2270016252229674
./data/AraCropData/Plant_19/IMG_2013-09-29_08-00.png,8,0.041175,0.315,0.9684007434941384,4.109999999999999,0.6673021925643469,0.23433479221192985
./data/AraCropData/Plant_19/IMG_2013-09-29_19-40.png,6,0.05325,0.3195,0.9716480844420987,4.4399999999999995,0.5921601334445371,0.2036642425172346
./data/AraCropData/Plant_19/IMG_2013-09-30_08-00.png,8,0.0441,0.3438,0.9827003612495518,5.16,0.6171243941841678,0.16226181634279352
./data/AraCropData/Plant_19/IMG_2013-09-30_19-40.png,8,0.050850000000000006,0.39239999999999997,1.7904747973652129,6.029999999999999,0.3769995676610462,0.13561391024629588
./data/AraCropData/Plant_19/IMG_2013-10-01_08-00.png,8,0.054675,0.3762,1.1063453348751464,5.37,0.5652467883705208,0.16393817036928104
./data/AraCropData/Plant_19/IMG_2013-10-01_19-40.png,7,0.05052857142857143,0.3519,1.0239628899525606,4.68,0.6484245439469323,0.20190051406206597
./data/AraCropData/Plant_19/IMG_2013-10-02_08-00.png,7,0.055799999999999995,0.3852,1.0270345661174214,4.89,0.6584615384615388,0.2024316542943177
./data/AraCropData/Plant_19/IMG_2013-10-02_19-40.png,8,0.0547875,0.4347,1.20074976577137,5.7299999999999995,0.586877278250304,0.1663758396627143
./data/AraCropData/Plant_19/IMG_2013-10-03_08-00.png,9,0.048999999999999995,0.441,1.1164676439557037,6.09,0.6159648020113139,0.14942176711485342
./data/AraCropData/Plant_19/IMG_2013-10-03_19-40.png,11,0.04769999999999999,0.4869,1.291394595001853,7.59,0.5715795034337031,0.10621016579493997
./data/AraCropData/Plant_19/IMG_2013-10-04_08-00.png,10,0.051570000000000005,0.5103,1.3179529581893277,7.5,0.5465060240963858,0.11400211421346641
./data/AraCropData/Plant_19/IMG_2013-10-04_19-40.png,8,0.062325000000000005,0.49679999999999996,1.2369316876852983,6.6899999999999995,0.5888,0.13948876066533136
./data/AraCropData/Plant_19/IMG_2013-10-05_08-00.png,9,0.056,0.504,1.2660568707605515,7.35,0.5696846388606306,0.11723727686865702
./data/AraCropData/Plant_19/IMG_2013-10-05_19-40.png,8,0.06412499999999999,0.45899999999999996,1.3024976007655447,6.27,0.5964912280701752,0.14671937486145414
./data/AraCropData/Plant_19/IMG_2013-10-06_08-00.png,10,0.05949,0.5643,1.3366001645967276,8.129999999999999,0.5603217158176944,0.10728495493257449
./data/AraCropData/Plant_19/IMG_2013-10-06_19-40.png,12,0.06779999999999999,0.765,1.8660385848100782,9.57,0.47659097280627977,0.10496570417159125
./data/AraCropData/Plant_19/IMG_2013-10-07_08-00.png,10,0.06218999999999999,0.6093,1.776091213873882,8.67,0.4144475053565962,0.10185980658662085
./data/AraCropData/Plant_19/IMG_2013-10-07_19-40.png,12,0.07079999999999999,0.8351999999999999,1.8638669480410879,10.98,0.4431709646609358,0.08705539080089962
./data/AraCropData/Plant_19/IMG_2013-10-08_08-00.png,12,0.0687,0.8064,1.843963123275517,10.41,0.46054998714983325,0.09351018670087634
./data/AraCropData/Plant_19/IMG_2013-10-08_19-40.png,14,0.08055,1.0917,1.9829523443592887,13.139999999999999,0.5181546347714651,0.07945522171773774
./data/AraCropData/Plant_19/IMG_2013-10-09_08-00.png,13,0.07082307692307692,0.9045,1.9386593305684212,11.7,0.4846877260670363,0.0830322318700261
./data/AraCropData/Plant_19/IMG_2013-10-09_19-40.png,12,0.08707500000000001,1.0143,1.9386593305684212,12.959999999999999,0.44918294141092063,0.07588680814033988
./data/AraCropData/Plant_20/IMG_2013-09-14_08-00.png,5,0.06894,0.3393,0.9319334740205439,3.9899999999999998,0.6923783287419654,0.2678230381374531
./data/AraCropData/Plant_20/IMG_2013-09-14_19-40.png,5,0.08388,0.41759999999999997,0.9936297097007517,4.2299999999999995,0.7388535031847133,0.29328484306939573
./data/AraCropData/Plant_20/IMG_2013-09-15_08-00.png,5,0.08603999999999999,0.43019999999999997,1.2256018929489296,4.56,0.5989974937343359,0.2599863726481858
./data/AraCropData/Plant_20/IMG_2013-09-15_19-40.png,5,0.09485999999999999,0.4743,1.1943617542436629,4.8,0.6160140268848625,0.25869052006903454
./data/AraCropData/Plant_20/IMG_2013-09-16_08-00.png,5,0.10566,0.5283,1.4481022063376605,5.34,0.5485981308411217,0.2328133932151507
./data/AraCropData/Plant_20/IMG_2013-09-16_19-40.png,5,0.12761999999999998,0.6381,1.548709139896837,6.029999999999999,0.5629217943628425,0.2205281246895041
./data/AraCropData/Plant_20/IMG_2013-09-17_08-00.png,6,0.12915000000000001,0.7749,2.1002142747824566,7.56,0.5004359197907585,0.17037737936135122
./data/AraCropData/Plant_20/IMG_2013-09-17_19-40.png,7,0.11545714285714286,0.7902,1.8309833423600554,7.319999999999999,0.5326053988474367,0.18532103936118238
./data/AraCropData/Plant_20/IMG_2013-09-18_08-00.png,6,0.14880000000000002,0.8927999999999999,2.194925966860841,8.16,0.5195077245352184,0.1684937236354387
./data/AraCropData/Plant_20/IMG_2013-09-18_19-40.png,7,0.13911428571428572,0.9359999999999999,2.2453952881397075,7.68,0.5094293411707079,0.19941750242513334
./data/AraCropData/Plant_20/IMG_2013-09-19_08-00.png,6,0.18015,1.0809,2.351701511671921,8.879999999999999,0.5422121896162527,0.17225405300225266
./data/AraCropData/Plant_20/IMG_2013-09-19_19-40.png,5,0.22607999999999998,1.1304,2.4957764322951683,8.82,0.5292878213232199,0.1826017109958249
./data/AraCropData/Plant_20/IMG_2013-09-20_08-00.png,7,0.1625142857142857,1.1124,2.44311276858028,9.299999999999999,0.5159674389480277,0.16162366367687764
./data/AraCropData/Plant_20/IMG_2013-09-20_19-40.png,8,0.15255000000000002,1.2114,2.136539257771783,10.62,0.5738648475804734,0.13497346585374134
./data/AraCropData/Plant_20/IMG_2013-09-21_08-00.png,7,0.1879714285714286,1.3122,2.352275494069519,10.32,0.51410437235543,0.15482835617002158
./data/AraCropData/Plant_20/IMG_2013-09-21_19-40.png,6,0.23625,1.4121,2.7549410157025136,9.66,0.5097465886939571,0.1901608299634422
./data/AraCropData/Plant_20/IMG_2013-09-22_08-00.png,8,0.22218749999999998,1.7379,2.7601630386627525,13.32,0.5311511483977444,0.1230909709861596
./data/AraCropData/Plant_20/IMG_2013-09-22_19-40.png,8,0.24041250000000003,1.8620999999999999,2.971363323459452,12.24,0.5061154598825833,0.15618885044880051
./data/AraCropData/Plant_20/IMG_2013-09-23_08-00.png,9,0.2309,2.0313,2.7785247884444,14.58,0.4997785651018599,0.12007950378756901
./data/AraCropData/Plant_20/IMG_2013-09-23_19-40.png,9,0.28950000000000004,2.6001,3.0501311447214854,16.23,0.5139197723027662,0.12404031934045476
./data/AraCropData/Plant_20/IMG_2013-09-24_08-00.png,9,0.30329999999999996,2.7243,3.5155084980696603,16.919999999999998,0.40880545614153563,0.11958152208661921
./data/AraCropData/Plant_20/IMG_2013-09-24_19-40.png,9,0.32509999999999994,2.8737,3.7099460912525397,18.63,0.4134403729120807,0.10404604637901271
./data/AraCropData/Plant_20/IMG_2013-09-25_08-00.png,10,0.37133999999999995,3.654,4.205567738130013,22.41,0.40970785609768406,0.09143125772935247
./data/AraCropData/Plant_20/IMG_2013-09-25_19-40.png,9,0.4168,3.7458,4.182068866004002,20.79,0.42558413006799933,0.10890441103877964
./data/AraCropData/Plant_20/IMG_2013-09-26_08-00.png,9,0.49729999999999996,4.4433,4.6203895939628294,24.509999999999998,0.37689899992365833,0.09294560917571862
./data/AraCropData/Plant_20/IMG_2013-09-26_19-40.png,10,0.4896000000000001,4.8528,4.722308757377052,26.52,0.3929170006558332,0.08670721109393832
./data/AraCropData/Plant_20/IMG_2013-09-27_08-00.png,11,0.49336363636363634,5.4072,5.002179524967092,29.91,0.4190409764603312,0.07595379382990486
./data/AraCropData/Plant_20/IMG_2013-09-27_19-40.png,11,0.5590636363636364,5.5377,5.073549053670418,31.83,0.41941310793769815,0.06868564981034556
./data/AraCropData/Plant_20/IMG_2013-09-28_08-00.png,10,0.67293,6.7040999999999995,5.237728515301265,35.19,0.43646910614361456,0.06803177686229558
./data/AraCropData/Plant_20/IMG_2013-09-28_19-40.png,11,0.6436636363636363,7.0497,5.31160992543692,35.01,0.430089224433768,0.07227636101200274
./data/AraCropData/Plant_20/IMG_2013-09-29_08-00.png,12,0.6633749999999999,7.9227,5.63952125627699,39.69,0.4338697355775155,0.0632005528778897
./data/AraCropData/Plant_20/IMG_2013-09-29_19-40.png,12,0.7457250000000001,8.9217,6.0133351810788,42.12,0.43716786840422484,0.06319471427795964
./data/AraCropData/Plant_20/IMG_2013-09-30_08-00.png,12,0.820125,9.809099999999999,6.9668500773305,45.72,0.39410594829144824,0.058969382842972894
./data/AraCropData/Plant_20/IMG_2013-09-30_19-40.png,12,0.8918249999999999,10.6749,7.3529381882346865,48.089999999999996,0.38813442848260754,0.058004825581212616
./data/AraCropData/Plant_20/IMG_2013-10-01_08-00.png,13,0.9109384615384616,11.808,8.027116543317407,51.51,0.36799663417712636,0.0559246286188756
./data/AraCropData/Plant_20/IMG_2013-10-01_19-40.png,13,0.9436153846153847,12.2256,8.329525796826612,52.14,0.33162443240076167,0.05651165063657121
./data/AraCropData/Plant_20/IMG_2013-10-02_08-00.png,13,1.0002461538461538,12.7134,8.56703566001683,55.47,0.3235344640014658,0.051922457989932044
./data/AraCropData/Plant_20/IMG_2013-10-02_19-40.png,15,0.93822,13.8321,8.740097253463487,56.25,0.34047785199215763,0.05493548088094895
./data/AraCropData/Plant_20/IMG_2013-10-03_08-00.png,15,1.0075800000000001,14.8581,8.795117963961598,63.18,0.3541943788886506,0.046775010951492904
./data/AraCropData/Plant_20/IMG_2013-10-03_19-40.png,16,0.99225,15.6852,8.855083285887265,62.339999999999996,0.35647736221479054,0.05071849159651634
./data/AraCropData/Plant_20/IMG_2013-10-04_08-00.png,16,1.03955625,16.4763,8.915049074458311,69.33,0.3631800823290184,0.04307518532368071
./data/AraCropData/Plant_20/IMG_2013-10-04_19-40.png,15,1.1268,16.7292,8.917269761535758,69.36,0.36167646028719297,0.043698534084936035
./data/AraCropData/Plant_20/IMG_2013-10-05_08-00.png,16,1.12336875,17.6157,8.949860334105779,77.97,0.376201276235873,0.036412852434120874
./data/AraCropData/Plant_20/IMG_2013-10-05_19-40.png,18,1.03495,18.3375,8.981280532307183,80.28,0.3896240486480286,0.03575487493151326
./data/AraCropData/Plant_20/IMG_2013-10-06_08-00.png,17,1.104035294117647,18.6264,8.958152711357403,78.84,0.392051374339351,0.037656986092110926
./data/AraCropData/Plant_20/IMG_2013-10-06_19-40.png,19,1.0139684210526316,18.9738,9.218790593130967,84.11999999999999,0.375806624122072,0.03369501502997554
./data/AraCropData/Plant_20/IMG_2013-10-07_08-00.png,17,1.1343176470588237,18.8874,8.986239480450095,80.22,0.393752052160045,0.036882192199705524
./data/AraCropData/Plant_20/IMG_2013-10-07_19-40.png,18,1.06775,19.0791,9.235420943303017,79.95,0.37482871111189703,0.037508596341822464
./data/AraCropData/Plant_20/IMG_2013-10-08_08-00.png,17,1.1365411764705882,19.2258,9.026760216157289,78.11999999999999,0.3982030347090185,0.039588570028141264
./data/AraCropData/Plant_20/IMG_2013-10-08_19-40.png,17,1.1161588235294118,18.9009,9.013989128016519,79.11,0.39078171228670844,0.03795155537553188
./data/AraCropData/Plant_20/IMG_2013-10-09_08-00.png,17,1.1049352941176471,18.7155,9.026760216157289,76.53,0.385345921856035,0.040155761996717214
./data/AraCropData/Plant_20/IMG_2013-10-09_19-40.png,18,1.02715,18.3177,9.019977827023745,77.00999999999999,0.37782398039688864,0.03881383535416059
./data/AraCropData/Plant_21/IMG_2013-09-14_08-00.png,3,0.06269999999999999,0.1881,0.8357032966310471,2.34,0.8636363636363642,0.43168498658794663
./data/AraCropData/Plant_21/IMG_2013-09-14_19-40.png,4,0.054,0.2142,0.874642784226795,2.6999999999999997,0.802698145025295,0.36923409953302266
./data/AraCropData/Plant_21/IMG_2013-09-15_08-00.png,5,0.04266,0.2115,0.874642784226795,2.88,0.8047945205479451,0.32043154235833393
./data/AraCropData/Plant_21/IMG_2013-09-15_19-40.png,5,0.053279999999999994,0.2646,0.9534149149242422,3.4499999999999997,0.7350000000000009,0.27935825789199226
./data/AraCropData/Plant_21/IMG_2013-09-16_08-00.png,5,0.04878,0.24209999999999998,0.9261209424259879,3.21,0.7319727891156458,0.2952531832703832
./data/AraCropData/Plant_21/IMG_2013-09-16_19-40.png,4,0.084375,0.33749999999999997,1.020441081101697,3.9299999999999997,0.6781193490054251,0.27459874018907354
./data/AraCropData/Plant_21/IMG_2013-09-17_08-00.png,5,0.06858,0.3357,1.0331505214633536,4.08,0.6720720720720715,0.25341999562910744
./data/AraCropData/Plant_21/IMG_2013-09-17_19-40.png,5,0.08658,0.4311,1.127297653683356,4.68,0.6176660219213408,0.24734103896606036
./data/AraCropData/Plant_21/IMG_2013-09-18_08-00.png,5,0.08549999999999999,0.42569999999999997,1.1148542505637227,4.6499999999999995,0.6219592373438525,0.24740450782900683
./data/AraCropData/Plant_21/IMG_2013-09-18_19-40.png,5,0.10062,0.5031,1.3261221663180205,5.22,0.5421920465567408,0.23201879949223075
./data/AraCropData/Plant_21/IMG_2013-09-19_08-00.png,6,0.08610000000000001,0.5166,1.206731121667126,5.1899999999999995,0.5994778067885119,0.24100694084807928
./data/AraCropData/Plant_21/IMG_2013-09-19_19-40.png,6,0.10259999999999998,0.6156,1.5556670594957007,6.09,0.538370720188902,0.2085805891970607
./data/AraCropData/Plant_21/IMG_2013-09-20_08-00.png,6,0.09885,0.5931,1.3682105101189654,5.91,0.5730434782608693,0.21338447872562277
./data/AraCropData/Plant_21/IMG_2013-09-20_19-40.png,6,0.1161,0.6966,1.7055204484262274,6.4799999999999995,0.546031746031746,0.2084698828771005
./data/AraCropData/Plant_21/IMG_2013-09-21_08-00.png,6,0.11249999999999999,0.6749999999999999,1.597904878270293,6.63,0.5543237250554321,0.192968570683839
./data/AraCropData/Plant_21/IMG_2013-09-21_19-40.png,7,0.1191857142857143,0.8252999999999999,1.8483506160899235,7.47,0.5685058896466212,0.18585767734983888
./data/AraCropData/Plant_21/IMG_2013-09-22_08-00.png,7,0.11288571428571428,0.7812,1.74928556845359,7.529999999999999,0.564920273348519,0.17313391364047814
./data/AraCropData/Plant_21/IMG_2013-09-22_19-40.png,7,0.1332,0.8927999999999999,1.988617610301186,8.37,0.5599774202653118,0.16014490627618225
./data/AraCropData/Plant_21/IMG_2013-09-23_08-00.png,8,0.1150875,0.8811,1.8985520798756088,8.129999999999999,0.578092707410688,0.16751510507016013
./data/AraCropData/Plant_21/IMG_2013-09-23_19-40.png,7,0.171,1.197,2.3631546711969573,10.32,0.5165048543689321,0.14123574328266714
./data/AraCropData/Plant_21/IMG_2013-09-24_08-00.png,7,0.1603285714285714,1.1115,2.089258241577618,9.51,0.5544332210998876,0.15443946808838357
./data/AraCropData/Plant_21/IMG_2013-09-24_19-40.png,8,0.1846125,1.4715,2.497758995579838,12.78,0.524626985400289,0.11321616056380596
./data/AraCropData/Plant_21/IMG_2013-09-25_08-00.png,7,0.16225714285714285,1.1142,1.966545193988686,9.959999999999999,0.5226936879881783,0.14114137411613312
./data/AraCropData/Plant_21/IMG_2013-09-25_19-40.png,9,0.18760000000000002,1.683,2.406366555618657,13.32,0.5525188358694048,0.1192025456986631
./data/AraCropData/Plant_21/IMG_2013-09-26_08-00.png,7,0.22500000000000003,1.5695999999999999,2.3175849498993557,11.94,0.5275257108287963,0.13835351601880252
./data/AraCropData/Plant_21/IMG_2013-09-26_19-40.png,9,0.2377,2.1249,2.91756747993941,16.259999999999998,0.5101004645133413,0.10099672192815323
./data/AraCropData/Plant_21/IMG_2013-09-27_08-00.png,9,0.2229,1.9323,2.6807648162418123,14.399999999999999,0.5136363636363636,0.11710068450099456
./data/AraCropData/Plant_21/IMG_2013-09-27_19-40.png,10,0.25362,2.3994,3.0252437918290154,17.099999999999998,0.48318985047575896,0.10311463237267332
./data/AraCropData/Plant_21/IMG_2013-09-28_08-00.png,9,0.25930000000000003,2.3157,2.862760905140351,16.2,0.5097068145800318,0.11088227568842988
./data/AraCropData/Plant_21/IMG_2013-09-28_19-40.png,9,0.3165,2.8413,3.3021810973960832,18.72,0.46188734455010977,0.10188617693317492
./data/AraCropData/Plant_21/IMG_2013-09-29_08-00.png,10,0.29232,2.8062,3.1869264189811473,18.48,0.49273072060682677,0.10325820009585274
./data/AraCropData/Plant_21/IMG_2013-09-29_19-40.png,9,0.38539999999999996,3.4398,3.7277338960821758,22.08,0.4376502919958776,0.08866350958486081
./data/AraCropData/Plant_21/IMG_2013-09-30_08-00.png,9,0.38009999999999994,3.3956999999999997,3.512947480393067,21.15,0.46889952153110037,0.09539342352593362
./data/AraCropData/Plant_21/IMG_2013-09-30_19-40.png,11,0.39149999999999996,4.2291,4.188197703069902,27.27,0.43874883286647975,0.0714640364680705
./data/AraCropData/Plant_21/IMG_2013-10-01_08-00.png,11,0.37840909090909086,4.0581,3.7976966703516486,26.04,0.4895233959396373,0.07520568113060574
./data/AraCropData/Plant_21/IMG_2013-10-01_19-40.png,12,0.407475,4.7907,4.6962218857289955,29.549999999999997,0.40152372331598396,0.06894358605502217
./data/AraCropData/Plant_21/IMG_2013-10-02_08-00.png,12,0.4179000000000001,4.8942,4.330819783828461,29.82,0.4224345529402626,0.06916339424968845
./data/AraCropData/Plant_21/IMG_2013-10-02_19-40.png,12,0.4719,5.5926,4.88622553716056,32.61,0.3921989396617016,0.06608791107216583
./data/AraCropData/Plant_21/IMG_2013-10-03_08-00.png,13,0.432276923076923,5.526,4.536353160855094,32.46,0.42510471838543307,0.06590581176448532
./data/AraCropData/Plant_21/IMG_2013-10-03_19-40.png,13,0.5242153846153846,6.6852,5.447210295187803,37.11,0.3937867783491491,0.061001759232777515
./data/AraCropData/Plant_21/IMG_2013-10-04_08-00.png,12,0.5505000000000001,6.5645999999999995,5.381050083394504,36.33,0.4433099340565837,0.06250105335084585
./data/AraCropData/Plant_21/IMG_2013-10-04_19-40.png,13,0.5826461538461538,7.4592,5.705523639421714,40.74,0.40330900243309,0.056475497651948973
./data/AraCropData/Plant_21/IMG_2013-10-05_08-00.png,13,0.5778,7.443,5.5948994629036894,40.08,0.4177084122534534,0.05822405618072446
./data/AraCropData/Plant_21/IMG_2013-10-05_19-40.png,14,0.6291642857142856,8.6409,6.155923976138756,43.949999999999996,0.40295469330367456,0.05621485364696732
./data/AraCropData/Plant_21/IMG_2013-10-06_08-00.png,14,0.60165,8.3367,5.797766811454217,43.53,0.4229004496998197,0.05528746827839875
./data/AraCropData/Plant_21/IMG_2013-10-06_19-40.png,13,0.7453384615384615,9.6624,6.402382369087308,45.87,0.41840254096923163,0.057708182428043694
./data/AraCropData/Plant_21/IMG_2013-10-07_08-00.png,14,0.6731999999999999,9.3654,6.265979572261626,45.42,0.42287920349486946,0.05704819858904803
./data/AraCropData/Plant_21/IMG_2013-10-07_19-40.png,14,0.7664142857142856,10.7118,6.628574507388447,49.23,0.40880675963454005,0.05554086610292207
./data/AraCropData/Plant_21/IMG_2013-10-08_08-00.png,16,0.68090625,10.7559,6.7463323369072175,52.23,0.4351673160251975,0.04954690924201844
./data/AraCropData/Plant_21/IMG_2013-10-08_19-40.png,14,0.8519142857142856,11.885399999999999,6.957154590779193,51.059999999999995,0.4143513797593461,0.05728778693112384
./data/AraCropData/Plant_21/IMG_2013-10-09_08-00.png,15,0.7887000000000001,11.7819,7.015703813588484,52.05,0.4340733126647546,0.0546491899152309
./data/AraCropData/Plant_21/IMG_2013-10-09_19-40.png,15,0.86718,12.9483,7.0611613775638915,55.739999999999995,0.43742778960170253,0.052370737319775484
./data/AraCropData/Plant_22/IMG_2013-09-14_08-00.png,4,0.049049999999999996,0.1926,0.6997142273814361,2.28,0.8611670020120725,0.46558229076746244
./data/AraCropData/Plant_22/IMG_2013-09-14_19-40.png,5,0.04788,0.23399999999999999,0.7988116173416608,2.9099999999999997,0.815047021943574,0.347247992319416
./data/AraCropData/Plant_22/IMG_2013-09-15_08-00.png,5,0.0477,0.2331,0.7925906888173744,3.15,0.784848484848485,0.29520997633732665
./data/AraCropData/Plant_22/IMG_2013-09-15_19-40.png,5,0.05832,0.29159999999999997,0.840535543567314,3.6599999999999997,0.7120879120879116,0.27354905126662
./data/AraCropData/Plant_22/IMG_2013-09-16_08-00.png,5,0.06318,0.3159,0.9124143795447329,3.6599999999999997,0.6808923375363726,0.29634480553883835
./data/AraCropData/Plant_22/IMG_2013-09-16_19-40.png,5,0.07487999999999999,0.3744,1.0239628899525606,4.109999999999999,0.6709677419354839,0.27852363874332237
./data/AraCropData/Plant_22/IMG_2013-09-17_08-00.png,6,0.0702,0.42119999999999996,1.224499897917513,4.59,0.612966601178782,0.2512307850621595
./data/AraCropData/Plant_22/IMG_2013-09-17_19-40.png,7,0.06801428571428571,0.47609999999999997,1.3261221663180205,5.37,0.6133333333333333,0.2074719907305016
./data/AraCropData/Plant_22/IMG_2013-09-18_08-00.png,6,0.08115000000000001,0.4851,1.4230249470757705,5.04,0.5836491608012991,0.23998277214922026
./data/AraCropData/Plant_22/IMG_2013-09-18_19-40.png,8,0.07335,0.5616,1.4903690818049065,5.91,0.59798754192621,0.20205146392228926
./data/AraCropData/Plant_22/IMG_2013-09-19_08-00.png,7,0.08357142857142856,0.5706,1.4761097520171051,6.21,0.6230958230958233,0.18593383671739636
./data/AraCropData/Plant_22/IMG_2013-09-19_19-40.png,7,0.09707142857142857,0.6543,1.578923684032892,7.08,0.6261843238587422,0.16402886089915106
./data/AraCropData/Plant_22/IMG_2013-09-20_08-00.png,7,0.09372857142857141,0.6507,1.4481022063376605,6.12,0.6935251798561154,0.21831713653839105
./data/AraCropData/Plant_22/IMG_2013-09-20_19-40.png,7,0.11687142857142856,0.8145,1.8243354954612925,7.38,0.6300034806822136,0.18792658810884807
./data/AraCropData/Plant_22/IMG_2013-09-21_08-00.png,9,0.0987,0.8451,1.6824089871371943,7.859999999999999,0.6591786591786595,0.17189881135836
./data/AraCropData/Plant_22/IMG_2013-09-21_19-40.png,7,0.14052857142857142,0.9819,1.9738540979515176,8.73,0.627011494252874,0.16190066650447982
./data/AraCropData/Plant_22/IMG_2013-09-22_08-00.png,9,0.1141,1.0125,1.8602419197512994,8.969999999999999,0.6277901785714283,0.15813208958685104
./data/AraCropData/Plant_22/IMG_2013-09-22_19-40.png,9,0.1306,1.1663999999999999,2.131900560532784,9.69,0.6224783861671469,0.15610248652061737
./data/AraCropData/Plant_22/IMG_2013-09-23_08-00.png,8,0.153225,1.2186,2.1064187617850347,10.26,0.6020453534904399,0.14547096381657876
./data/AraCropData/Plant_22/IMG_2013-09-23_19-40.png,7,0.1994142857142857,1.3941,2.2260727750906977,10.77,0.6358784893267649,0.15103318628535128
./data/AraCropData/Plant_22/IMG_2013-09-24_08-00.png,10,0.15128999999999998,1.4733,2.262962659877533,11.4,0.5820444444444444,0.14245947850211887
./data/AraCropData/Plant_22/IMG_2013-09-24_19-40.png,10,0.17703000000000002,1.7505,2.437580767892625,12.57,0.6138551364999212,0.13921993406809363
./data/AraCropData/Plant_22/IMG_2013-09-25_08-00.png,7,0.2535428571428571,1.7676,2.3943683927081896,11.4,0.6093701520322682,0.17091656431164412
./data/AraCropData/Plant_22/IMG_2013-09-25_19-40.png,10,0.21735,1.8944999999999999,2.7595108262154002,14.16,0.5481770833333331,0.11873478411028643
./data/AraCropData/Plant_22/IMG_2013-09-26_08-00.png,8,0.26302499999999995,2.0862,2.640170449043016,13.799999999999999,0.5769039323046292,0.13765995786429377
./data/AraCropData/Plant_22/IMG_2013-09-26_19-40.png,9,0.27069999999999994,2.4273,3.1145144083789367,15.12,0.552890528905289,0.13342270387269575
./data/AraCropData/Plant_22/IMG_2013-09-27_08-00.png,11,0.2509363636363636,2.6774999999999998,3.2262206992082856,18.54,0.5529225908372827,0.09788584267476917
./data/AraCropData/Plant_22/IMG_2013-09-27_19-40.png,9,0.3209,2.8683,3.3868126608951963,17.4,0.4963401339355241,0.11905179294875949
./data/AraCropData/Plant_22/IMG_2013-09-28_08-00.png,9,0.3745,3.3615,3.556866598566778,20.34,0.5211021974189048,0.10210360648756865
./data/AraCropData/Plant_22/IMG_2013-09-28_19-40.png,10,0.39671999999999996,3.7872,3.745317076029745,23.61,0.4891601278698054,0.08537606426092265
./data/AraCropData/Plant_22/IMG_2013-09-29_08-00.png,11,0.4370727272727272,3.6917999999999997,3.882074187853705,24.9,0.42937143455278176,0.07482544964450766
./data/AraCropData/Plant_22/IMG_2013-09-29_19-40.png,11,0.44100000000000006,4.6638,4.493194854443773,26.16,0.47100527176876944,0.08563953544999531
./data/AraCropData/Plant_22/IMG_2013-09-30_08-00.png,11,0.4756090909090909,5.2155,4.7352507853333385,26.79,0.48346055979643765,0.09131884008909838
./data/AraCropData/Plant_22/IMG_2013-09-30_19-40.png,12,0.462825,5.5305,5.076031914793287,28.169999999999998,0.47839626313740774,0.08757911791285126
./data/AraCropData/Plant_22/IMG_2013-10-01_08-00.png,12,0.527925,6.1749,5.313049971532359,30.419999999999998,0.47933768819645806,0.08385353452563353
./data/AraCropData/Plant_22/IMG_2013-10-01_19-40.png,12,0.558375,6.6429,5.523422851819332,31.77,0.4837303797883148,0.08270526340132829
./data/AraCropData/Plant_22/IMG_2013-10-02_08-00.png,11,0.6737727272727274,7.3881,5.686563109647162,33.39,0.48892197736748055,0.08327406996241787
./data/AraCropData/Plant_22/IMG_2013-10-02_19-40.png,13,0.5950384615384615,7.6815,5.7506956100979645,33.78,0.4786204962848731,0.08459342490397763
./data/AraCropData/Plant_22/IMG_2013-10-03_08-00.png,13,0.6499384615384615,8.415,5.730078533493237,36.809999999999995,0.5012464148819257,0.07804271139530244
./data/AraCropData/Plant_22/IMG_2013-10-03_19-40.png,12,0.736725,8.7867,5.777629271595747,35.46,0.47788736875596566,0.08781287581344861
./data/AraCropData/Plant_22/IMG_2013-10-04_08-00.png,13,0.7692230769230768,9.9567,6.046097915184635,42.42,0.5087021496723758,0.06953187768038722
./data/AraCropData/Plant_22/IMG_2013-10-04_19-40.png,12,0.8237249999999999,9.5337,6.05918311325875,40.949999999999996,0.475171578522406,0.0714436334408924
./data/AraCropData/Plant_22/IMG_2013-10-05_08-00.png,15,0.7653,11.4435,6.09443188492578,45.239999999999995,0.5352670020417184,0.07026249145212136
./data/AraCropData/Plant_22/IMG_2013-10-05_19-40.png,14,0.8664428571428572,12.0636,6.1166167118759365,46.68,0.5472584003592863,0.06957049571559398
./data/AraCropData/Plant_22/IMG_2013-10-06_08-00.png,15,0.8664,12.9312,6.1438505841206785,49.199999999999996,0.5772251571821708,0.06713028442411981
./data/AraCropData/Plant_22/IMG_2013-10-06_19-40.png,15,0.88212,13.069799999999999,6.157093470136701,51.419999999999995,0.5757101230946103,0.062117599064647075
./data/AraCropData/Plant_22/IMG_2013-10-07_08-00.png,16,0.870975,13.777199999999999,6.14121323518407,52.53,0.5905978124578021,0.06274166295595147
./data/AraCropData/Plant_22/IMG_2013-10-07_19-40.png,16,0.88065,13.8726,6.157093470136701,52.919999999999995,0.5783430886987844,0.062248380513306036
./data/AraCropData/Plant_22/IMG_2013-10-08_08-00.png,15,0.96978,14.4081,6.14121323518407,54.809999999999995,0.586463961901273,0.060269414707525545
./data/AraCropData/Plant_22/IMG_2013-10-08_19-40.png,16,0.9130499999999999,14.4864,6.121323386327502,54.96,0.5879280431010866,0.06026662743867073
./data/AraCropData/Plant_22/IMG_2013-10-09_08-00.png,16,0.92649375,14.6601,6.138867973820581,55.53,0.5931360946745561,0.059743608427321265
./data/AraCropData/Plant_22/IMG_2013-10-09_19-40.png,17,0.8998411764705883,15.0903,6.1166167118759365,56.22,0.6111202230605215,0.05999651926519053
./data/AraCropData/Plant_23/IMG_2013-09-14_08-00.png,4,0.07065,0.2808,0.8160882305241266,3.2399999999999998,0.8167539267015707,0.3361374855692783
./data/AraCropData/Plant_23/IMG_2013-09-14_19-40.png,5,0.07631999999999999,0.3816,0.9840731680114035,4.14,0.6800320769847634,0.2797805681835901
./data/AraCropData/Plant_23/IMG_2013-09-15_08-00.png,4,0.088875,0.3555,1.0741508273980893,4.14,0.6095679012345682,0.2606446330955615
./data/AraCropData/Plant_23/IMG_2013-09-15_19-40.png,5,0.07487999999999999,0.3744,1.0261578825892244,4.26,0.6283987915407857,0.2592546208873942
./data/AraCropData/Plant_23/IMG_2013-09-16_08-00.png,5,0.08658,0.4329,1.3261221663180205,4.92,0.5462805224304372,0.22473320439867497
./data/AraCropData/Plant_23/IMG_2013-09-16_19-40.png,5,0.1044,0.5184,1.4712239802287075,5.7299999999999995,0.5592233009708738,0.1984109392251003
./data/AraCropData/Plant_23/IMG_2013-09-17_08-00.png,6,0.10980000000000001,0.6587999999999999,2.0066389809828773,6.72,0.47718383311603635,0.18332635701751665
./data/AraCropData/Plant_23/IMG_2013-09-17_19-40.png,6,0.11175,0.6687,1.7580102388780334,6.33,0.5403636363636362,0.20971706310435223
./data/AraCropData/Plant_23/IMG_2013-09-18_08-00.png,6,0.12315,0.7389,2.0645580640902303,6.779999999999999,0.49742502272038785,0.20199291789468404
./data/AraCropData/Plant_23/IMG_2013-09-18_19-40.png,7,0.11879999999999999,0.8298,2.0402205763103165,7.109999999999999,0.5560916767189384,0.20627381129162276
./data/AraCropData/Plant_23/IMG_2013-09-19_08-00.png,6,0.1359,0.8099999999999999,2.1508137994721905,7.6499999999999995,0.5436424041075204,0.17392900504303355
./data/AraCropData/Plant_23/IMG_2013-09-19_19-40.png,7,0.14759999999999998,1.0296,2.384386713601634,10.11,0.5441141498216412,0.1265832047726659
./data/AraCropData/Plant_23/IMG_2013-09-20_08-00.png,8,0.0993375,0.7676999999999999,2.0682601383771817,8.85,0.45072655217965657,0.12317281395057024
./data/AraCropData/Plant_23/IMG_2013-09-20_19-40.png,6,0.1824,1.0944,2.532113741521103,9.6,0.5009268795056643,0.1492256510455152
./data/AraCropData/Plant_23/IMG_2013-09-21_08-00.png,9,0.1224,1.089,2.3977489443225704,10.17,0.48888888888888904,0.1323109653011599
./data/AraCropData/Plant_23/IMG_2013-09-21_19-40.png,8,0.165375,1.3032,2.856308806834443,11.58,0.5040027845457709,0.12212478623313432
./data/AraCropData/Plant_23/IMG_2013-09-22_08-00.png,10,0.1566,1.3841999999999999,2.7840258619488436,12.299999999999999,0.440498353143348,0.1149736942586818
./data/AraCropData/Plant_23/IMG_2013-09-22_19-40.png,7,0.2395285714285714,1.6749,2.954200399431291,12.87,0.45944945068510057,0.12706959706436297
./data/AraCropData/Plant_23/IMG_2013-09-23_08-00.png,9,0.2104,1.8719999999999999,3.0420059171540084,15.059999999999999,0.4569922003735033,0.10372077775696846
./data/AraCropData/Plant_23/IMG_2013-09-23_19-40.png,7,0.2889,2.0204999999999997,3.0878147612834552,14.639999999999999,0.5029121863799286,0.11846404708594944
./data/AraCropData/Plant_23/IMG_2013-09-24_08-00.png,10,0.25749,2.5623,3.0660234832760165,18.48,0.4477471101674922,0.0942835457578232
./data/AraCropData/Plant_23/IMG_2013-09-24_19-40.png,9,0.3217,2.8754999999999997,3.3062667768950527,18.24,0.4597783853791913,0.10861093888741548
./data/AraCropData/Plant_23/IMG_2013-09-25_08-00.png,9,0.3393,3.0303,3.558005059018326,20.55,0.44200853298326215,0.09017202804315058
./data/AraCropData/Plant_23/IMG_2013-09-25_19-40.png,10,0.35513999999999996,3.5118,3.588606972071475,22.68,0.48586726435064126,0.08579333259362401
./data/AraCropData/Plant_23/IMG_2013-09-26_08-00.png,12,0.296775,3.5000999999999998,4.048110670423919,24.509999999999998,0.4067353448726663,0.07321561152205179
./data/AraCropData/Plant_23/IMG_2013-09-26_19-40.png,10,0.39069,3.8925,4.183359893673983,22.86,0.4193939393939393,0.09360219498884587
./data/AraCropData/Plant_23/IMG_2013-09-27_08-00.png,11,0.4480363636363636,4.8438,4.618538729944786,31.169999999999998,0.44028141361256545,0.06265020008548335
./data/AraCropData/Plant_23/IMG_2013-09-27_19-40.png,12,0.45015,5.319,4.808710845954454,31.14,0.43816725978647686,0.06892910474313534
./data/AraCropData/Plant_23/IMG_2013-09-28_08-00.png,11,0.5386090909090909,5.7519,4.9384410495620985,35.01,0.40096618357487923,0.05897079321175917
./data/AraCropData/Plant_23/IMG_2013-09-28_19-40.png,12,0.53745,6.2982,5.138063837672708,36.87,0.40581054829075947,0.0582210503815015
./data/AraCropData/Plant_23/IMG_2013-09-29_08-00.png,13,0.5222076923076923,6.6735,5.671983779948599,39.629999999999995,0.3903761615204401,0.05339681881713569
./data/AraCropData/Plant_23/IMG_2013-09-29_19-40.png,11,0.682690909090909,7.398,5.96124986894527,40.68,0.39342379208844847,0.05617748630038918
./data/AraCropData/Plant_23/IMG_2013-09-30_08-00.png,10,0.8201700000000001,8.1585,6.441273166075167,41.25,0.3633339345477865,0.060252112195261304
./data/AraCropData/Plant_23/IMG_2013-09-30_19-40.png,12,0.792075,9.4329,7.15139846463613,46.11,0.3615571692222778,0.05575256465399711
./data/AraCropData/Plant_23/IMG_2013-10-01_08-00.png,13,0.8300769230769232,10.7388,7.69182683112406,51.78,0.3560356274337207,0.05033169149445454
./data/AraCropData/Plant_23/IMG_2013-10-01_19-40.png,13,0.8749384615384617,11.3094,7.79567187611177,52.29,0.3406020030628702,0.05197711200182663
./data/AraCropData/Plant_23/IMG_2013-10-02_08-00.png,14,0.85905,11.8917,7.8627476113633445,57.0,0.35107810444925663,0.045994308844190514
./data/AraCropData/Plant_23/IMG_2013-10-02_19-40.png,13,0.9744923076923075,12.555,8.225144375632564,55.949999999999996,0.34557930983228885,0.050399519890263124
./data/AraCropData/Plant_23/IMG_2013-10-03_08-00.png,14,0.9609428571428572,13.2264,8.226402615967686,59.849999999999994,0.3447175830362169,0.04640055842579442
./data/AraCropData/Plant_23/IMG_2013-10-03_19-40.png,14,1.0199571428571428,14.169599999999999,8.333414666269764,62.82,0.34705934220968176,0.045120259675041616
./data/AraCropData/Plant_23/IMG_2013-10-04_08-00.png,15,1.01244,14.949,8.461914676951075,69.09,0.35165719245874216,0.03935424822132657
./data/AraCropData/Plant_23/IMG_2013-10-04_19-40.png,15,1.01808,15.170399999999999,8.440456148810915,69.89999999999999,0.3509071415931968,0.03901688059747615
./data/AraCropData/Plant_23/IMG_2013-10-05_08-00.png,15,1.01928,15.1632,8.40706845458035,67.02,0.3478440400119747,0.04242207234950444
./data/AraCropData/Plant_23/IMG_2013-10-05_19-40.png,16,1.01210625,16.0623,8.431654641883762,72.03,0.36602473389528095,0.03890368745676879
./data/AraCropData/Plant_23/IMG_2013-10-06_08-00.png,17,1.0393411764705882,15.175799999999999,8.414826201413788,75.78,0.3450943473455854,0.03320872918470148
./data/AraCropData/Plant_23/IMG_2013-10-06_19-40.png,17,0.9554823529411763,16.0974,8.40706845458035,74.25,0.3703450632046464,0.036692109753442004
./data/AraCropData/Plant_23/IMG_2013-10-07_08-00.png,17,0.9908999999999999,16.6995,8.429359406265698,74.75999999999999,0.3767742197494263,0.037546957124666436
./data/AraCropData/Plant_23/IMG_2013-10-07_19-40.png,17,0.9838588235294118,16.5294,8.431654641883762,76.77,0.3733799566971954,0.03524389285138348
./data/AraCropData/Plant_23/IMG_2013-10-08_08-00.png,17,0.9888352941176471,16.7094,8.456595059478726,76.47,0.3747338251470901,0.03590777863736475
./data/AraCropData/Plant_23/IMG_2013-10-08_19-40.png,16,1.0329187499999999,16.4709,8.444080767022541,74.13,0.3709085750187471,0.03766510602116682
./data/AraCropData/Plant_23/IMG_2013-10-09_08-00.png,18,0.9288,16.4178,8.46919712841778,76.11,0.3690172755593316,0.03561569150978448
./data/AraCropData/Plant_23/IMG_2013-10-09_19-40.png,17,0.9370588235294117,15.7356,8.446691660052473,69.81,0.3559337560945817,0.040574940838828316
./data/AraCropData/Plant_24/IMG_2013-09-14_08-00.png,4,0.038024999999999996,0.1485,0.6854195795277518,2.25,0.9166666666666664,0.36861353802120234
./data/AraCropData/Plant_24/IMG_2013-09-14_19-40.png,4,0.045225,0.17909999999999998,0.7409453421137081,2.61,0.807302231237322,0.33038812950950924
./data/AraCropData/Plant_24/IMG_2013-09-15_08-00.png,4,0.0432,0.1728,0.7421590126111788,2.4299999999999997,0.8347826086956522,0.3677401551527148
./data/AraCropData/Plant_24/IMG_2013-09-15_19-40.png,4,0.05355,0.2142,0.8077747210701756,2.6999999999999997,0.7603833865814693,0.36923409953302266
./data/AraCropData/Plant_24/IMG_2013-09-16_08-00.png,4,0.052425,0.2097,0.7874642849044012,2.61,0.8218694885361553,0.3868363526417872
./data/AraCropData/Plant_24/IMG_2013-09-16_19-40.png,5,0.05616,0.2808,0.8658521813797087,3.4499999999999997,0.7082860385925085,0.29646182470170607
./data/AraCropData/Plant_24/IMG_2013-09-17_08-00.png,5,0.053459999999999994,0.2673,0.8736131867136622,3.51,0.7105263157894736,0.2726431494239663
./data/AraCropData/Plant_24/IMG_2013-09-17_19-40.png,5,0.07254,0.3591,0.9868130522039115,4.38,0.6303317535545025,0.23522151787996384
./data/AraCropData/Plant_24/IMG_2013-09-18_08-00.png,5,0.06911999999999999,0.3456,0.9396275858019495,4.08,0.6491969568892644,0.2608935075645503
./data/AraCropData/Plant_24/IMG_2013-09-18_19-40.png,5,0.0846,0.423,1.1498260738042079,4.59,0.6006389776357827,0.25230442089575855
./data/AraCropData/Plant_24/IMG_2013-09-19_08-00.png,5,0.0774,0.387,1.041393297462587,4.47,0.581081081081081,0.24339171047135016
./data/AraCropData/Plant_24/IMG_2013-09-19_19-40.png,5,0.09881999999999999,0.4941,1.3852075656738234,5.279999999999999,0.5446428571428571,0.222718797368388
./data/AraCropData/Plant_24/IMG_2013-09-20_08-00.png,5,0.09035999999999998,0.4518,1.2332882874656679,5.13,0.555617044825678,0.215735373222814
./data/AraCropData/Plant_24/IMG_2013-09-20_19-40.png,6,0.09494999999999999,0.5643,1.489462990476769,5.97,0.55364238410596,0.19896251042153487
./data/AraCropData/Plant_24/IMG_2013-09-21_08-00.png,6,0.09149999999999998,0.5489999999999999,1.4138246001537815,5.85,0.5614358030372757,0.20159069230135687
./data/AraCropData/Plant_24/IMG_2013-09-21_19-40.png,5,0.12546,0.6237,1.6445364088398895,6.18,0.5504368546465447,0.20521479017228078
./data/AraCropData/Plant_24/IMG_2013-09-22_08-00.png,7,0.08511428571428571,0.585,1.4712239802287075,6.06,0.5699254712845244,0.20017990636539215
./data/AraCropData/Plant_24/IMG_2013-09-22_19-40.png,6,0.117,0.6984,1.7173526137634052,6.75,0.5689149560117304,0.19262229326899197
./data/AraCropData/Plant_24/IMG_2013-09-23_08-00.png,6,0.1125,0.666,1.5843295111813072,6.6,0.581761006289308,0.19213045980631793
./data/AraCropData/Plant_24/IMG_2013-09-23_19-40.png,7,0.13268571428571427,0.9252,2.089258241577618,8.43,0.5028124235754463,0.16360265183522538
./data/AraCropData/Plant_24/IMG_2013-09-24_08-00.png,6,0.14805,0.8829,1.907065809037538,7.68,0.5575447570332482,0.18810439411447677
./data/AraCropData/Plant_24/IMG_2013-09-24_19-40.png,7,0.14901428571428574,1.0413,1.961733926912618,9.54,0.4990295449644166,0.1437768561450651
./data/AraCropData/Plant_24/IMG_2013-09-25_08-00.png,6,0.1653,0.99,1.877578227398262,8.52,0.5248091603053436,0.17138226140392646
./data/AraCropData/Plant_24/IMG_2013-09-25_19-40.png,7,0.18822857142857144,1.3175999999999999,2.188355546980426,10.5,0.541019955654102,0.15018095166874962
./data/AraCropData/Plant_24/IMG_2013-09-26_08-00.png,7,0.18231428571428573,1.2744,2.0180436070610566,10.44,0.5523698069046227,0.14693140432960589
./data/AraCropData/Plant_24/IMG_2013-09-26_19-40.png,9,0.18180000000000002,1.6164,2.254994456755936,13.2,0.5528705556410654,0.11657645466626589
./data/AraCropData/Plant_24/IMG_2013-09-27_08-00.png,8,0.19822499999999998,1.5732,2.221215883249532,12.6,0.5723641126391619,0.12452389928514646
./data/AraCropData/Plant_24/IMG_2013-09-27_19-40.png,9,0.21559999999999999,1.9332,2.565306999171834,14.67,0.587447012170108,0.11288244896785937
./data/AraCropData/Plant_24/IMG_2013-09-28_08-00.png,9,0.1986,1.7873999999999999,2.5029782260339384,14.219999999999999,0.5790087463556852,0.11107911855346063
./data/AraCropData/Plant_24/IMG_2013-09-28_19-40.png,10,0.21959999999999996,2.1797999999999997,2.562849976100825,16.14,0.6144089294774224,0.10515246344017463
./data/AraCropData/Plant_24/IMG_2013-09-29_08-00.png,9,0.2449,2.1879,2.7418424462393896,15.959999999999999,0.5824847250509164,0.1079373020079822
./data/AraCropData/Plant_24/IMG_2013-09-29_19-40.png,10,0.28160999999999997,2.7927,3.3294594155808532,18.81,0.4977941766262933,0.09918741180720964
./data/AraCropData/Plant_24/IMG_2013-09-30_08-00.png,10,0.26558999999999994,2.6289,3.2844177566198853,18.45,0.5089293492464501,0.09704902786580248
./data/AraCropData/Plant_24/IMG_2013-09-30_19-40.png,11,0.3125454545454545,3.3731999999999998,3.908989639280206,22.5,0.4455010103411386,0.08373112366687675
./data/AraCropData/Plant_24/IMG_2013-10-01_08-00.png,11,0.2929090909090909,3.177,3.777856535126764,21.18,0.45384417588068915,0.08899695902520662
./data/AraCropData/Plant_24/IMG_2013-10-01_19-40.png,9,0.40340000000000004,3.6162,4.331027591692299,23.189999999999998,0.4132256903378413,0.08450079766587924
./data/AraCropData/Plant_24/IMG_2013-10-02_08-00.png,10,0.3708,3.6233999999999997,4.373522607692796,23.939999999999998,0.40864799025578563,0.07944706392141072
./data/AraCropData/Plant_24/IMG_2013-10-02_19-40.png,10,0.42173999999999995,4.1508,4.457095466781029,25.65,0.40293552332692645,0.07928060090068673
./data/AraCropData/Plant_24/IMG_2013-10-03_08-00.png,11,0.3671181818181818,3.9915,4.298488106299702,24.18,0.41158182914945945,0.08578935538468145
./data/AraCropData/Plant_24/IMG_2013-10-03_19-40.png,12,0.44362499999999994,5.2082999999999995,4.688549882426336,31.169999999999998,0.3938476196957838,0.06736468002502641
./data/AraCropData/Plant_24/IMG_2013-10-04_08-00.png,13,0.3820846153846154,4.8159,4.252810835200644,28.95,0.42439624063132014,0.0722088100700002
./data/AraCropData/Plant_24/IMG_2013-10-04_19-40.png,12,0.49439999999999995,5.8914,4.693825731745907,33.3,0.40990638404458507,0.06676362473954643
./data/AraCropData/Plant_24/IMG_2013-10-05_08-00.png,12,0.47864999999999996,5.5872,4.572810951701371,32.16,0.4279460931306654,0.0678847153927846
./data/AraCropData/Plant_24/IMG_2013-10-05_19-40.png,13,0.5067692307692307,6.5538,4.791179395514219,34.98,0.42917341977309553,0.0673074965751786
./data/AraCropData/Plant_24/IMG_2013-10-06_08-00.png,12,0.51,6.084,4.603314023613857,33.839999999999996,0.4477710803470888,0.06676338695949337
./data/AraCropData/Plant_24/IMG_2013-10-06_19-40.png,13,0.5780076923076923,7.4727,5.035891182303287,39.75,0.4607786009600711,0.05943101471614052
./data/AraCropData/Plant_24/IMG_2013-10-07_08-00.png,13,0.5348076923076923,6.8949,4.864534921243756,35.76,0.45328678776403764,0.0677552287035252
./data/AraCropData/Plant_24/IMG_2013-10-07_19-40.png,12,0.6742499999999999,8.0658,5.218016864671865,40.86,0.47043384688065926,0.060710049705498564
./data/AraCropData/Plant_24/IMG_2013-10-08_08-00.png,11,0.7086272727272727,7.7589,5.164620024745286,39.48,0.4628724832214766,0.06255409287284304
./data/AraCropData/Plant_24/IMG_2013-10-08_19-40.png,13,0.6444,8.3574,5.221206757062968,42.269999999999996,0.47487790534148167,0.0587782371991367
./data/AraCropData/Plant_24/IMG_2013-10-09_08-00.png,13,0.6311769230769231,8.176499999999999,5.2569382724167495,40.98,0.46604083307684413,0.06118337036428141
./data/AraCropData/Plant_24/IMG_2013-10-09_19-40.png,14,0.621642857142857,8.6706,5.361529632483625,42.9,0.477178731518859,0.05920309770587133
